{"type":"FeatureCollection","features":[{"type":"Feature","properties":{"id":"24823","name":"1 Bảo Lộc","type":"Phường","area":51.46,"population":55845},"geometry":{"type":"Polygon","coordinates":[[[107.85158,11.60404],[107.8473,11.60561],[107.84425,11.60557],[107.84353,11.5962],[107.84144,11.59642],[107.83974,11.59516],[107.83693,11.59479],[107.83537,11.59185],[107.82905,11.59881],[107.82832,11.6012],[107.82388,11.60237],[107.82171,11.60415],[107.82106,11.60319],[107.81771,11.60334],[107.81517,11.60447],[107.81212,11.59908],[107.81024,11.5977],[107.80772,11.59793],[107.80609,11.59608],[107.80484,11.59582],[107.80491,11.59464],[107.80293,11.59151],[107.80693,11.58695],[107.80673,11.58129],[107.80804,11.57899],[107.80816,11.57597],[107.81395,11.56966],[107.80993,11.56682],[107.8117,11.56556],[107.81072,11.56326],[107.80974,11.56315],[107.80883,11.55236],[107.80782,11.55152],[107.80798,11.54958],[107.80495,11.54369],[107.80996,11.54322],[107.81259,11.53972],[107.81384,11.54338],[107.82177,11.54087],[107.82448,11.54914],[107.8259,11.54727],[107.82621,11.54507],[107.82818,11.5438],[107.82959,11.54388],[107.83049,11.54199],[107.83358,11.53972],[107.83236,11.53891],[107.83459,11.53626],[107.83519,11.5325],[107.83662,11.53124],[107.83791,11.53136],[107.83871,11.53267],[107.84024,11.53215],[107.84135,11.53367],[107.84497,11.53435],[107.84633,11.53541],[107.84812,11.53491],[107.84917,11.53678],[107.84986,11.5359],[107.85053,11.5364],[107.85003,11.53705],[107.85067,11.53814],[107.8539,11.54102],[107.8533,11.54226],[107.85428,11.54378],[107.85663,11.54438],[107.8592,11.54364],[107.86212,11.54511],[107.86389,11.54421],[107.86552,11.54503],[107.86547,11.54597],[107.86375,11.54631],[107.86472,11.54851],[107.86117,11.55168],[107.86312,11.55423],[107.86561,11.55519],[107.86569,11.55825],[107.86659,11.55883],[107.86564,11.56128],[107.86736,11.56306],[107.87219,11.56056],[107.87296,11.56181],[107.87542,11.56232],[107.87651,11.56029],[107.87775,11.56107],[107.87867,11.56019],[107.88047,11.56177],[107.88041,11.56249],[107.87754,11.56423],[107.87988,11.56597],[107.88278,11.56648],[107.87983,11.56876],[107.8834,11.57044],[107.87989,11.57493],[107.88251,11.57665],[107.88281,11.5778],[107.885,11.57837],[107.88549,11.57959],[107.8869,11.57919],[107.88721,11.58121],[107.88891,11.58199],[107.88938,11.58353],[107.88871,11.58524],[107.89061,11.5861],[107.88963,11.58753],[107.89024,11.59171],[107.8915,11.59354],[107.89426,11.59405],[107.88957,11.59672],[107.89035,11.59853],[107.89244,11.59892],[107.88862,11.60255],[107.88543,11.60291],[107.8834,11.60061],[107.88006,11.60308],[107.87906,11.60036],[107.87722,11.59968],[107.87623,11.60029],[107.87458,11.59865],[107.87339,11.59927],[107.87197,11.59829],[107.86972,11.59932],[107.86807,11.60097],[107.86823,11.60169],[107.86399,11.60155],[107.8634,11.60361],[107.86088,11.60434],[107.85945,11.60304],[107.85686,11.60321],[107.85614,11.60429],[107.85158,11.60404]]]}},{"type":"Feature","properties":{"id":"24820","name":"2 Bảo Lộc","type":"Phường","area":176.72,"population":49564},"geometry":{"type":"Polygon","coordinates":[[[107.6966,11.66402],[107.69351,11.6663],[107.69142,11.66344],[107.69535,11.65909],[107.69486,11.65691],[107.6922,11.65737],[107.68714,11.65673],[107.67585,11.65816],[107.67076,11.65764],[107.66938,11.65668],[107.66189,11.66009],[107.65628,11.66041],[107.65549,11.66107],[107.6533,11.66069],[107.65228,11.65934],[107.65063,11.65993],[107.65098,11.66141],[107.65008,11.66271],[107.64875,11.66309],[107.64736,11.66127],[107.64832,11.659],[107.64651,11.66005],[107.64571,11.65738],[107.64408,11.65762],[107.64348,11.65521],[107.64226,11.65642],[107.64114,11.65636],[107.64101,11.65466],[107.6391,11.65195],[107.64055,11.6501],[107.63853,11.64989],[107.63751,11.64736],[107.63912,11.64599],[107.64188,11.64717],[107.64062,11.64591],[107.6404,11.6441],[107.64219,11.64353],[107.64567,11.64462],[107.64872,11.64386],[107.65201,11.64103],[107.65636,11.63918],[107.65754,11.63255],[107.65716,11.62993],[107.65881,11.6255],[107.65848,11.62305],[107.6605,11.61963],[107.66046,11.6173],[107.65883,11.61396],[107.66033,11.61131],[107.65936,11.60929],[107.66019,11.60654],[107.66423,11.60279],[107.66592,11.60263],[107.66821,11.60038],[107.67151,11.59945],[107.67307,11.59984],[107.6733,11.59437],[107.66787,11.59121],[107.66806,11.5875],[107.66575,11.58559],[107.66502,11.58315],[107.66803,11.58099],[107.67215,11.56642],[107.68081,11.5447],[107.69388,11.53164],[107.69614,11.50121],[107.70176,11.50484],[107.70167,11.50715],[107.70283,11.50871],[107.70867,11.5102],[107.70969,11.51329],[107.7085,11.51539],[107.70946,11.51923],[107.71198,11.52],[107.71299,11.52117],[107.71425,11.52083],[107.7154,11.52281],[107.71683,11.52283],[107.71643,11.52323],[107.71801,11.52413],[107.71962,11.52306],[107.72096,11.52406],[107.72143,11.52288],[107.72259,11.52286],[107.72417,11.52822],[107.72283,11.53028],[107.72338,11.53251],[107.72681,11.53699],[107.72869,11.53734],[107.73223,11.53496],[107.73306,11.53658],[107.73213,11.53959],[107.73252,11.5407],[107.73581,11.54127],[107.74109,11.5399],[107.74215,11.54457],[107.74318,11.54555],[107.74804,11.5468],[107.74877,11.54602],[107.75043,11.54819],[107.75234,11.54818],[107.75492,11.55537],[107.75545,11.55475],[107.75806,11.55663],[107.75902,11.55621],[107.75951,11.55763],[107.76362,11.56066],[107.76554,11.56053],[107.76786,11.55866],[107.76983,11.55847],[107.77541,11.56407],[107.77868,11.56618],[107.77975,11.56824],[107.77885,11.57409],[107.78019,11.57591],[107.78085,11.58006],[107.78218,11.58028],[107.78362,11.57743],[107.78298,11.57341],[107.78406,11.57052],[107.78242,11.57026],[107.78203,11.56944],[107.7856,11.563],[107.78672,11.55658],[107.78631,11.55376],[107.78721,11.5536],[107.78691,11.54998],[107.7856,11.54974],[107.78544,11.54888],[107.79112,11.54341],[107.79179,11.54158],[107.79474,11.53962],[107.79432,11.53853],[107.79736,11.53941],[107.80294,11.54362],[107.80495,11.54369],[107.80798,11.54958],[107.80782,11.55152],[107.80883,11.55236],[107.80974,11.56315],[107.81072,11.56326],[107.8117,11.56556],[107.80993,11.56682],[107.81395,11.56966],[107.80816,11.57597],[107.80804,11.57899],[107.80673,11.58129],[107.80693,11.58695],[107.80293,11.59151],[107.80491,11.59464],[107.80484,11.59582],[107.80609,11.59608],[107.80772,11.59793],[107.79928,11.60082],[107.79387,11.60343],[107.79167,11.60592],[107.7898,11.60627],[107.78769,11.60886],[107.78912,11.61091],[107.78826,11.6121],[107.78374,11.6132],[107.77539,11.6128],[107.77478,11.6217],[107.77156,11.62848],[107.76601,11.63586],[107.76161,11.63543],[107.75955,11.63598],[107.75854,11.63762],[107.75898,11.64221],[107.75336,11.64583],[107.74776,11.64648],[107.74825,11.64737],[107.74691,11.6476],[107.74721,11.64875],[107.74624,11.65079],[107.73926,11.65341],[107.73827,11.65453],[107.73363,11.65263],[107.72942,11.65612],[107.72803,11.65506],[107.7272,11.65127],[107.72384,11.65482],[107.72387,11.65565],[107.72187,11.65574],[107.72068,11.6567],[107.7174,11.65618],[107.71753,11.65766],[107.71682,11.6574],[107.71655,11.65821],[107.71363,11.65934],[107.71197,11.65939],[107.71118,11.66021],[107.70526,11.6603],[107.70146,11.66137],[107.6966,11.66402]]]}},{"type":"Feature","properties":{"id":"24841","name":"3 Bảo Lộc","type":"Phường","area":108.98,"population":54445},"geometry":{"type":"Polygon","coordinates":[[[107.78395,11.57204],[107.78298,11.57341],[107.78362,11.57743],[107.78218,11.58028],[107.78085,11.58006],[107.78019,11.57591],[107.77885,11.57409],[107.77952,11.5675],[107.77054,11.55887],[107.76838,11.5585],[107.76554,11.56053],[107.76355,11.56064],[107.75951,11.55763],[107.75902,11.55621],[107.75806,11.55663],[107.75545,11.55475],[107.75492,11.55537],[107.75234,11.54818],[107.75043,11.54819],[107.74877,11.54602],[107.74804,11.5468],[107.74249,11.545],[107.74143,11.54233],[107.74162,11.54021],[107.74047,11.53967],[107.73581,11.54127],[107.73252,11.5407],[107.73213,11.53959],[107.73306,11.53658],[107.73223,11.53496],[107.72869,11.53734],[107.72681,11.53699],[107.72338,11.53251],[107.72283,11.53028],[107.72417,11.52822],[107.72259,11.52286],[107.72143,11.52288],[107.72096,11.52406],[107.71962,11.52306],[107.71801,11.52413],[107.71643,11.52323],[107.71683,11.52283],[107.7154,11.52281],[107.71425,11.52083],[107.71299,11.52117],[107.71198,11.52],[107.70946,11.51923],[107.7085,11.51539],[107.70969,11.51329],[107.70867,11.5102],[107.70283,11.50871],[107.70167,11.50715],[107.70176,11.50484],[107.69614,11.50121],[107.69865,11.50091],[107.70026,11.49825],[107.70352,11.49652],[107.70335,11.49489],[107.70611,11.49053],[107.7055,11.48652],[107.7075,11.48448],[107.70888,11.48045],[107.71047,11.48018],[107.71019,11.47935],[107.71273,11.4764],[107.7146,11.47597],[107.71263,11.47178],[107.71571,11.46716],[107.7166,11.46175],[107.71797,11.45963],[107.71784,11.45632],[107.72177,11.45316],[107.72435,11.4471],[107.73255,11.44656],[107.7413,11.44443],[107.74831,11.44534],[107.75022,11.44647],[107.75384,11.44606],[107.75564,11.44787],[107.75828,11.44677],[107.76156,11.44661],[107.7646,11.44757],[107.76835,11.44606],[107.76921,11.44677],[107.77114,11.44371],[107.7719,11.44368],[107.7737,11.44661],[107.77262,11.44835],[107.77446,11.45151],[107.77638,11.4504],[107.77607,11.44845],[107.7768,11.44719],[107.77784,11.44729],[107.77961,11.44562],[107.7807,11.4459],[107.7803,11.44509],[107.78072,11.44383],[107.78159,11.44366],[107.78181,11.4412],[107.78281,11.44026],[107.78369,11.44095],[107.78435,11.43906],[107.7852,11.43949],[107.78547,11.4386],[107.78659,11.4384],[107.78636,11.44037],[107.78999,11.44209],[107.78989,11.44349],[107.79256,11.44622],[107.79507,11.44658],[107.79658,11.44998],[107.80267,11.45467],[107.80222,11.45741],[107.80039,11.46066],[107.8036,11.46576],[107.80334,11.47354],[107.80448,11.47547],[107.80511,11.48105],[107.80412,11.48286],[107.80159,11.48418],[107.80367,11.48623],[107.80379,11.48834],[107.80269,11.4914],[107.80353,11.49315],[107.80597,11.4943],[107.80617,11.49551],[107.80237,11.49685],[107.80106,11.49898],[107.80321,11.50122],[107.80443,11.50589],[107.80616,11.50807],[107.80659,11.51171],[107.80604,11.51304],[107.807,11.51372],[107.80532,11.51628],[107.80559,11.51839],[107.80497,11.51916],[107.80261,11.51727],[107.80065,11.51748],[107.79975,11.51613],[107.79644,11.5172],[107.79506,11.5168],[107.79288,11.51968],[107.79376,11.52063],[107.79354,11.52166],[107.79281,11.52159],[107.7919,11.51936],[107.79043,11.52007],[107.78961,11.5195],[107.78874,11.52035],[107.78705,11.51996],[107.78564,11.52306],[107.78826,11.52731],[107.78971,11.52755],[107.79012,11.52883],[107.79256,11.52956],[107.79423,11.52867],[107.79539,11.52944],[107.79477,11.53048],[107.79487,11.5349],[107.79382,11.53433],[107.79325,11.53556],[107.79265,11.53541],[107.79204,11.53795],[107.79432,11.53853],[107.79474,11.53962],[107.79179,11.54158],[107.79112,11.54341],[107.78544,11.54888],[107.7856,11.54974],[107.78691,11.54998],[107.78721,11.5536],[107.78631,11.55376],[107.78673,11.55652],[107.78605,11.56116],[107.78203,11.56944],[107.78242,11.57026],[107.78406,11.57052],[107.78395,11.57204]]]}},{"type":"Feature","properties":{"id":"24829","name":"B’Lao","type":"Phường","area":33.72,"population":51538},"geometry":{"type":"Polygon","coordinates":[[[107.86777,11.56286],[107.86564,11.56128],[107.86659,11.55883],[107.86569,11.55825],[107.86561,11.55519],[107.86312,11.55423],[107.86117,11.55168],[107.86472,11.54851],[107.86375,11.54631],[107.8654,11.54601],[107.86568,11.54519],[107.86409,11.54422],[107.86212,11.54511],[107.8592,11.54364],[107.85663,11.54438],[107.85428,11.54378],[107.8533,11.54226],[107.8539,11.54102],[107.85067,11.53814],[107.85003,11.53705],[107.85053,11.5364],[107.84986,11.5359],[107.84917,11.53678],[107.84812,11.53491],[107.84633,11.53541],[107.84497,11.53435],[107.84132,11.53366],[107.84025,11.53216],[107.83871,11.53267],[107.83803,11.5314],[107.83662,11.53124],[107.83519,11.5325],[107.83459,11.53626],[107.83236,11.53891],[107.83358,11.53972],[107.83049,11.54199],[107.82959,11.54388],[107.82818,11.5438],[107.82621,11.54507],[107.8259,11.54727],[107.82444,11.54916],[107.82177,11.54087],[107.81384,11.54338],[107.81259,11.53972],[107.80996,11.54322],[107.80351,11.54379],[107.79717,11.5393],[107.79204,11.53795],[107.79265,11.53541],[107.79325,11.53556],[107.79382,11.53433],[107.79487,11.5349],[107.79477,11.53048],[107.79539,11.52944],[107.79423,11.52867],[107.79223,11.52948],[107.78826,11.52731],[107.78564,11.52306],[107.78667,11.52065],[107.78705,11.51996],[107.78874,11.52035],[107.78957,11.51951],[107.79043,11.52007],[107.7918,11.51933],[107.79326,11.52183],[107.79378,11.5207],[107.79288,11.51968],[107.79469,11.51703],[107.79646,11.51719],[107.79926,11.51612],[107.80067,11.51749],[107.80273,11.51733],[107.80653,11.52052],[107.80797,11.51835],[107.81181,11.51734],[107.81212,11.51601],[107.81416,11.51671],[107.81506,11.51597],[107.81634,11.51731],[107.81896,11.51718],[107.82219,11.51473],[107.82277,11.5165],[107.82464,11.5162],[107.82465,11.51502],[107.82613,11.51389],[107.82517,11.51346],[107.82713,11.51065],[107.82821,11.51092],[107.82802,11.50967],[107.82874,11.50909],[107.82657,11.50504],[107.82855,11.50443],[107.8292,11.50314],[107.83029,11.50368],[107.83102,11.50273],[107.83463,11.50444],[107.83596,11.50296],[107.83699,11.50582],[107.84217,11.50632],[107.84605,11.50266],[107.84627,11.50384],[107.84747,11.50433],[107.84955,11.50293],[107.85101,11.50373],[107.85298,11.50337],[107.85696,11.50614],[107.85608,11.50957],[107.85663,11.51037],[107.85923,11.50949],[107.85807,11.50699],[107.8591,11.50558],[107.8631,11.50808],[107.86672,11.50836],[107.8669,11.50902],[107.8648,11.51048],[107.86452,11.51183],[107.86676,11.5145],[107.86893,11.51524],[107.87143,11.51472],[107.87027,11.51136],[107.87078,11.50977],[107.87415,11.50906],[107.87753,11.51188],[107.8796,11.51521],[107.882,11.5166],[107.88371,11.5196],[107.88365,11.52191],[107.88258,11.52288],[107.87999,11.52276],[107.88044,11.52656],[107.87714,11.52705],[107.87696,11.52941],[107.87924,11.52849],[107.88061,11.52955],[107.8785,11.5318],[107.87666,11.53174],[107.87811,11.53369],[107.87702,11.53622],[107.87485,11.53704],[107.87453,11.53873],[107.87073,11.53848],[107.86692,11.5414],[107.86918,11.54218],[107.87122,11.54081],[107.87192,11.54114],[107.87164,11.54223],[107.86932,11.54295],[107.87116,11.54511],[107.86989,11.54671],[107.87078,11.54719],[107.87188,11.54592],[107.87278,11.5461],[107.87337,11.55109],[107.8775,11.55298],[107.87977,11.55712],[107.87867,11.56019],[107.87775,11.56107],[107.87651,11.56029],[107.87542,11.56232],[107.87296,11.56181],[107.87219,11.56056],[107.86777,11.56286]]]}},{"type":"Feature","properties":{"id":"23005","name":"Bắc Bình","type":"Xã","area":148.99,"population":51344},"geometry":{"type":"Polygon","coordinates":[[[108.60514,11.27413],[108.60506,11.27691],[108.60146,11.28457],[108.6166,11.30981],[108.57236,11.31304],[108.5397,11.29511],[108.5383,11.28759],[108.54779,11.28522],[108.53008,11.27196],[108.49498,11.27253],[108.49465,11.27071],[108.49717,11.27026],[108.49817,11.2686],[108.50142,11.26896],[108.5062,11.26814],[108.50736,11.26307],[108.5086,11.26244],[108.51039,11.26324],[108.51177,11.26268],[108.51179,11.25773],[108.51335,11.25608],[108.51479,11.25591],[108.51546,11.25403],[108.51418,11.25284],[108.51423,11.25127],[108.50837,11.24946],[108.50864,11.24839],[108.5072,11.2447],[108.49535,11.24185],[108.49427,11.24536],[108.47557,11.2398],[108.48136,11.23587],[108.48307,11.23347],[108.48915,11.23199],[108.49148,11.2303],[108.49362,11.22707],[108.49675,11.22565],[108.49807,11.22029],[108.4965,11.21453],[108.4951,11.21483],[108.49341,11.21857],[108.49067,11.21912],[108.49095,11.21203],[108.49053,11.20844],[108.4899,11.20841],[108.48996,11.20413],[108.48913,11.20324],[108.48985,11.20239],[108.4892,11.19879],[108.46679,11.14133],[108.50221,11.13123],[108.50041,11.15312],[108.50578,11.16433],[108.52545,11.1653],[108.55621,11.18075],[108.5594,11.17959],[108.56127,11.1832],[108.55982,11.18518],[108.56434,11.18729],[108.5658,11.19038],[108.56563,11.1946],[108.5675,11.19572],[108.56914,11.20077],[108.57042,11.20169],[108.57124,11.2054],[108.57268,11.20701],[108.57272,11.20898],[108.57175,11.20964],[108.57276,11.21306],[108.57679,11.21501],[108.57989,11.21895],[108.58303,11.22057],[108.58672,11.22567],[108.58988,11.2284],[108.60119,11.24373],[108.60572,11.25458],[108.60514,11.27413]]]}},{"type":"Feature","properties":{"id":"24611","name":"Bắc Gia Nghĩa","type":"Phường","area":250.55,"population":37760},"geometry":{"type":"Polygon","coordinates":[[[107.75562,12.13406],[107.74994,12.14025],[107.74568,12.13896],[107.74349,12.13589],[107.74389,12.13436],[107.74162,12.13381],[107.74092,12.13447],[107.73708,12.13443],[107.73328,12.13942],[107.7306,12.13936],[107.72901,12.13709],[107.72923,12.13245],[107.72756,12.12945],[107.72526,12.12871],[107.72469,12.12518],[107.73353,12.11882],[107.73138,12.11635],[107.7312,12.11255],[107.73049,12.11146],[107.72797,12.1091],[107.7264,12.10863],[107.72469,12.10539],[107.72066,12.10288],[107.71974,12.10099],[107.71799,12.09983],[107.71409,12.0989],[107.71236,12.09752],[107.70917,12.09789],[107.70785,12.09888],[107.70497,12.09652],[107.70322,12.09335],[107.69962,12.09118],[107.69377,12.09582],[107.69068,12.09739],[107.68901,12.09707],[107.68816,12.0955],[107.68772,12.0907],[107.68642,12.08893],[107.68803,12.08588],[107.68738,12.08317],[107.68797,12.07856],[107.68169,12.07722],[107.68069,12.07779],[107.68012,12.07692],[107.6828,12.07104],[107.68164,12.06413],[107.67774,12.06039],[107.67424,12.06068],[107.67408,12.05802],[107.67569,12.05526],[107.66601,12.05534],[107.66381,12.05465],[107.659,12.04856],[107.65724,12.0447],[107.65761,12.04292],[107.65884,12.04213],[107.66074,12.03833],[107.6636,12.03681],[107.66379,12.03537],[107.66601,12.03456],[107.66509,12.03354],[107.66693,12.02524],[107.66612,12.02367],[107.67999,12.02487],[107.68018,12.02901],[107.68139,12.03006],[107.68311,12.02996],[107.68164,12.03527],[107.68313,12.03657],[107.68527,12.03515],[107.6866,12.03607],[107.68725,12.03469],[107.68802,12.02856],[107.68468,12.01624],[107.68221,12.01257],[107.67736,12.00919],[107.67374,12.00347],[107.67554,12.00373],[107.67639,12.0014],[107.67754,12.00102],[107.68799,12.00351],[107.69178,12.00364],[107.69498,12.00106],[107.70114,12.00006],[107.7008,11.99864],[107.70184,11.99683],[107.70374,11.9972],[107.70509,11.9963],[107.70457,11.9948],[107.70609,11.99374],[107.70759,11.99387],[107.70753,11.99224],[107.70994,11.99184],[107.71086,11.99503],[107.71272,11.99521],[107.71898,11.99929],[107.72348,11.9999],[107.72584,12.00305],[107.73133,11.99842],[107.73234,11.99966],[107.73342,12.00653],[107.73677,12.0081],[107.73833,12.0103],[107.73996,12.01646],[107.75049,12.01417],[107.75224,12.01211],[107.75313,12.00687],[107.75521,12.00549],[107.75698,12.00069],[107.75606,11.99914],[107.75625,11.99712],[107.76232,11.98964],[107.76253,11.98841],[107.77556,11.98143],[107.77701,11.97675],[107.78155,11.97293],[107.78213,11.97081],[107.78551,11.96696],[107.79546,11.97196],[107.8003,11.97529],[107.80158,11.98785],[107.80446,11.99206],[107.80645,11.99308],[107.80889,11.99655],[107.81013,11.99684],[107.81045,11.99901],[107.81155,11.99919],[107.81214,12.00025],[107.81247,11.9996],[107.81443,11.99991],[107.81734,11.99732],[107.81805,11.99771],[107.81843,11.99665],[107.82042,11.99746],[107.82141,11.99629],[107.8244,11.99595],[107.82541,11.99672],[107.82995,11.99445],[107.83127,11.99562],[107.83212,11.99452],[107.83142,11.99409],[107.83234,11.99364],[107.83276,11.9944],[107.83447,11.99303],[107.83587,11.9958],[107.83775,11.99557],[107.83735,11.9968],[107.84164,11.99387],[107.84221,11.99472],[107.84379,11.9937],[107.84448,11.99441],[107.84685,11.99243],[107.85106,11.99337],[107.85108,11.99181],[107.8525,11.99204],[107.85253,11.99105],[107.85083,11.98992],[107.85184,11.9889],[107.85281,11.98993],[107.85301,11.989],[107.85535,11.9885],[107.8561,11.98965],[107.85534,11.98989],[107.85559,11.99044],[107.85937,11.99034],[107.86024,11.99157],[107.86033,11.99033],[107.86213,11.99056],[107.86404,11.98945],[107.86353,11.99013],[107.86433,11.99058],[107.8631,11.99054],[107.86309,11.99119],[107.86456,11.99205],[107.86607,11.99049],[107.86654,11.9912],[107.86601,11.9917],[107.86735,11.99156],[107.86778,11.99274],[107.86627,11.99579],[107.86839,11.99651],[107.86832,11.9995],[107.86702,12.00013],[107.86879,12.00095],[107.86731,12.0026],[107.8677,12.00417],[107.86659,12.00412],[107.86495,12.00651],[107.86521,12.00758],[107.86425,12.00775],[107.86458,12.00671],[107.86391,12.00629],[107.8625,12.00708],[107.86285,12.0078],[107.86054,12.00799],[107.8588,12.00998],[107.85827,12.00842],[107.85635,12.01096],[107.8578,12.01129],[107.85831,12.01259],[107.86038,12.01389],[107.8595,12.01797],[107.86158,12.02081],[107.86051,12.02499],[107.85643,12.02804],[107.85623,12.02973],[107.85284,12.03087],[107.856,12.03455],[107.85622,12.03722],[107.85433,12.03841],[107.85302,12.03768],[107.85023,12.03825],[107.84958,12.0398],[107.84573,12.04216],[107.84683,12.04389],[107.84723,12.04742],[107.84652,12.04877],[107.84715,12.05013],[107.84839,12.04998],[107.84897,12.05112],[107.8525,12.05263],[107.8547,12.05579],[107.85855,12.05439],[107.86527,12.05677],[107.86515,12.05751],[107.86659,12.05807],[107.86512,12.05964],[107.86459,12.0617],[107.86667,12.0642],[107.87052,12.0648],[107.86787,12.0673],[107.86605,12.06748],[107.86544,12.06659],[107.86506,12.06825],[107.86297,12.06921],[107.86231,12.06848],[107.86047,12.06991],[107.85849,12.06954],[107.85758,12.07224],[107.85625,12.07227],[107.85448,12.07077],[107.85383,12.07177],[107.84973,12.07033],[107.84999,12.06924],[107.85103,12.06899],[107.85014,12.06724],[107.84745,12.0699],[107.84597,12.07296],[107.84229,12.07373],[107.84051,12.07684],[107.83718,12.07762],[107.83565,12.07971],[107.83466,12.07913],[107.83377,12.08031],[107.83386,12.08199],[107.82994,12.08317],[107.82821,12.08623],[107.82576,12.08748],[107.82706,12.08872],[107.82663,12.08995],[107.82358,12.09181],[107.82178,12.09409],[107.82153,12.09595],[107.81469,12.10631],[107.80701,12.12234],[107.79679,12.12397],[107.78207,12.12448],[107.77621,12.12713],[107.77492,12.12943],[107.77299,12.13089],[107.77105,12.12981],[107.76937,12.13053],[107.76768,12.12844],[107.76337,12.13076],[107.76073,12.13017],[107.75966,12.1289],[107.75906,12.13183],[107.75699,12.13203],[107.75562,12.13406]]]}},{"type":"Feature","properties":{"id":"23152","name":"Bắc Ruộng","type":"Xã","area":165.33,"population":18949},"geometry":{"type":"Polygon","coordinates":[[[107.79775,11.37165],[107.79682,11.3724],[107.79553,11.37114],[107.76982,11.3704],[107.75239,11.36897],[107.7494,11.36713],[107.74933,11.36589],[107.75075,11.36391],[107.74401,11.35137],[107.74109,11.33771],[107.73769,11.31104],[107.72997,11.29482],[107.72284,11.28942],[107.7217,11.28415],[107.71901,11.28172],[107.71784,11.27678],[107.71884,11.27323],[107.71825,11.26901],[107.71743,11.2679],[107.71803,11.26677],[107.71569,11.26365],[107.71543,11.2608],[107.71415,11.25915],[107.70174,11.25663],[107.69161,11.25239],[107.69271,11.24628],[107.69213,11.24153],[107.69097,11.23922],[107.69215,11.23778],[107.68965,11.23583],[107.69028,11.23427],[107.68758,11.23223],[107.68575,11.22866],[107.6834,11.22767],[107.68357,11.22709],[107.68194,11.22632],[107.68207,11.22538],[107.68072,11.22469],[107.68143,11.2239],[107.68027,11.22173],[107.68072,11.22049],[107.67963,11.21949],[107.67892,11.21983],[107.67878,11.21852],[107.6767,11.2183],[107.67719,11.21702],[107.67571,11.21557],[107.67599,11.21413],[107.67439,11.21252],[107.67443,11.21126],[107.67379,11.21048],[107.67033,11.21027],[107.6712,11.20667],[107.66182,11.19715],[107.66052,11.19279],[107.65764,11.19111],[107.65707,11.1891],[107.65489,11.18944],[107.65411,11.18865],[107.65204,11.18849],[107.64881,11.18907],[107.64871,11.19031],[107.6473,11.19061],[107.64753,11.19132],[107.64646,11.19214],[107.64574,11.19066],[107.64268,11.18993],[107.64223,11.18682],[107.64324,11.18323],[107.63945,11.18099],[107.64088,11.17892],[107.63951,11.1769],[107.65383,11.1704],[107.65447,11.17257],[107.65874,11.16661],[107.65788,11.16404],[107.66382,11.16179],[107.66434,11.15969],[107.66695,11.16157],[107.66897,11.15951],[107.67285,11.16328],[107.67716,11.16167],[107.68063,11.16271],[107.68164,11.16439],[107.68695,11.16483],[107.68922,11.16617],[107.6986,11.17996],[107.71294,11.18744],[107.713,11.18551],[107.7187,11.18632],[107.71953,11.18462],[107.72468,11.18592],[107.72549,11.18741],[107.72411,11.19011],[107.72534,11.19193],[107.72669,11.19203],[107.72738,11.19525],[107.72982,11.19809],[107.73099,11.20158],[107.73454,11.20706],[107.7404,11.2281],[107.76645,11.26289],[107.79068,11.27231],[107.79173,11.27778],[107.79376,11.27999],[107.7953,11.2805],[107.79686,11.28384],[107.79705,11.29041],[107.79409,11.30036],[107.79708,11.3052],[107.8007,11.30914],[107.80327,11.31043],[107.80671,11.31507],[107.80705,11.31695],[107.80953,11.31988],[107.81079,11.32419],[107.81301,11.3256],[107.81911,11.32709],[107.81851,11.3307],[107.8211,11.33732],[107.82106,11.34088],[107.823,11.3418],[107.8256,11.34508],[107.82668,11.3483],[107.82882,11.35094],[107.82929,11.3558],[107.82848,11.35962],[107.82728,11.36314],[107.82278,11.37084],[107.79892,11.3711],[107.79775,11.37165]]]}},{"type":"Feature","properties":{"id":"25054","name":"Bảo Lâm 1","type":"Xã","area":204.43,"population":44151},"geometry":{"type":"Polygon","coordinates":[[[107.8591,11.74652],[107.85831,11.74712],[107.85721,11.74639],[107.85792,11.74571],[107.85607,11.74514],[107.85523,11.74569],[107.85532,11.74395],[107.85385,11.74511],[107.85321,11.74412],[107.85231,11.745],[107.85256,11.74321],[107.8506,11.74328],[107.85064,11.74197],[107.8486,11.74098],[107.84928,11.7408],[107.84898,11.73955],[107.84981,11.73954],[107.84856,11.73777],[107.84869,11.73651],[107.84731,11.73587],[107.84709,11.73403],[107.84481,11.73394],[107.84535,11.73165],[107.84653,11.73115],[107.84534,11.72897],[107.84641,11.72786],[107.84292,11.72414],[107.84257,11.72238],[107.84193,11.72277],[107.84036,11.72175],[107.84035,11.7201],[107.83922,11.72051],[107.83996,11.71929],[107.83642,11.72065],[107.83495,11.71994],[107.83356,11.72125],[107.83111,11.71967],[107.82969,11.72153],[107.8296,11.72071],[107.82813,11.7213],[107.82796,11.71945],[107.82914,11.71847],[107.82535,11.71518],[107.82395,11.71557],[107.82028,11.71392],[107.82034,11.71193],[107.81836,11.70791],[107.81264,11.70884],[107.81572,11.70235],[107.812,11.69896],[107.80936,11.69286],[107.80522,11.69086],[107.8103,11.68864],[107.81055,11.68741],[107.81152,11.68707],[107.81056,11.68619],[107.80826,11.68683],[107.80652,11.68615],[107.80766,11.6813],[107.80556,11.68033],[107.80321,11.68072],[107.80317,11.67977],[107.79972,11.67896],[107.79701,11.68019],[107.79593,11.68169],[107.79571,11.67998],[107.79502,11.68144],[107.79162,11.68282],[107.79068,11.68428],[107.78688,11.6838],[107.78394,11.68709],[107.77942,11.69012],[107.77207,11.68648],[107.76997,11.6832],[107.77053,11.68102],[107.77229,11.68033],[107.77153,11.67433],[107.76992,11.6713],[107.77506,11.66875],[107.77873,11.65924],[107.77653,11.65793],[107.77532,11.65893],[107.77456,11.65844],[107.77339,11.65904],[107.77406,11.66107],[107.77069,11.66292],[107.76459,11.66282],[107.76412,11.66083],[107.76307,11.66087],[107.76313,11.66253],[107.75944,11.66397],[107.75802,11.66091],[107.75618,11.65988],[107.75503,11.6598],[107.75333,11.66191],[107.75203,11.66161],[107.74983,11.66408],[107.74893,11.66342],[107.74711,11.66424],[107.74565,11.66151],[107.73945,11.66465],[107.73582,11.66525],[107.73464,11.66716],[107.73498,11.66783],[107.73327,11.66958],[107.72926,11.66815],[107.72883,11.66925],[107.7223,11.66648],[107.72408,11.66461],[107.7231,11.66305],[107.724,11.66233],[107.72345,11.66172],[107.72622,11.66057],[107.72542,11.65964],[107.72647,11.65784],[107.72546,11.65624],[107.72752,11.65532],[107.72791,11.65335],[107.72803,11.65506],[107.72942,11.65612],[107.73363,11.65263],[107.73827,11.65453],[107.73926,11.65341],[107.74624,11.65079],[107.74721,11.64875],[107.74691,11.6476],[107.74825,11.64737],[107.74776,11.64648],[107.75336,11.64583],[107.75898,11.64221],[107.75854,11.63762],[107.75955,11.63598],[107.76161,11.63543],[107.76601,11.63586],[107.77156,11.62848],[107.77478,11.6217],[107.77532,11.61287],[107.78374,11.6132],[107.78826,11.6121],[107.78912,11.61091],[107.78769,11.60886],[107.7898,11.60627],[107.79167,11.60592],[107.79465,11.603],[107.79928,11.60082],[107.80379,11.59975],[107.80631,11.59811],[107.81007,11.59767],[107.81141,11.5985],[107.81517,11.60447],[107.81771,11.60334],[107.82106,11.60319],[107.82171,11.60415],[107.82388,11.60237],[107.82832,11.6012],[107.82905,11.59881],[107.83537,11.59185],[107.83693,11.59479],[107.83974,11.59516],[107.84144,11.59642],[107.84353,11.5962],[107.84425,11.60557],[107.8472,11.60562],[107.85158,11.60404],[107.85614,11.60429],[107.85686,11.60321],[107.85945,11.60304],[107.86088,11.60434],[107.8634,11.60361],[107.86399,11.60155],[107.86823,11.60169],[107.86807,11.60097],[107.86972,11.59932],[107.87197,11.59829],[107.87339,11.59927],[107.87458,11.59865],[107.87623,11.60029],[107.87722,11.59968],[107.87906,11.60036],[107.88004,11.60308],[107.8834,11.60061],[107.88543,11.60291],[107.88856,11.60257],[107.89245,11.59887],[107.89026,11.59845],[107.88974,11.59634],[107.89366,11.59455],[107.89455,11.59514],[107.89628,11.59663],[107.89599,11.59865],[107.90089,11.61119],[107.90182,11.62122],[107.8998,11.62382],[107.89765,11.62517],[107.89524,11.62484],[107.89384,11.62589],[107.89127,11.62504],[107.89279,11.62644],[107.89214,11.62777],[107.89293,11.62846],[107.88944,11.6308],[107.88699,11.63102],[107.88811,11.63372],[107.88732,11.63543],[107.88633,11.63535],[107.88622,11.63642],[107.8845,11.63708],[107.88499,11.63784],[107.88417,11.63938],[107.88516,11.64037],[107.88481,11.64248],[107.88542,11.64232],[107.88462,11.64438],[107.88621,11.64539],[107.88591,11.6481],[107.88698,11.64884],[107.88702,11.65001],[107.88803,11.65004],[107.89075,11.6537],[107.89421,11.65544],[107.89649,11.6554],[107.89785,11.65672],[107.90013,11.65569],[107.90313,11.65671],[107.90413,11.65557],[107.90529,11.65624],[107.90594,11.65581],[107.90698,11.65663],[107.90714,11.65798],[107.91044,11.6607],[107.91124,11.6603],[107.91419,11.66154],[107.91598,11.66142],[107.91658,11.66325],[107.91979,11.663],[107.92067,11.66379],[107.92105,11.66299],[107.92337,11.66226],[107.92391,11.66107],[107.92891,11.65919],[107.93286,11.66056],[107.93657,11.65934],[107.94099,11.66172],[107.94408,11.66148],[107.94523,11.6633],[107.94871,11.66551],[107.94931,11.66715],[107.95126,11.66751],[107.95357,11.67125],[107.95692,11.6731],[107.95873,11.67631],[107.96584,11.68107],[107.96784,11.68474],[107.96704,11.68674],[107.96322,11.68888],[107.96151,11.69159],[107.95874,11.69359],[107.95808,11.69796],[107.95434,11.70109],[107.95005,11.70087],[107.94558,11.69877],[107.93925,11.69876],[107.93605,11.70028],[107.93519,11.70202],[107.93454,11.70906],[107.93313,11.71063],[107.92986,11.711],[107.9289,11.71222],[107.92872,11.71455],[107.92773,11.71534],[107.92147,11.71483],[107.91848,11.71271],[107.91698,11.70917],[107.91493,11.7083],[107.90968,11.71026],[107.90725,11.70848],[107.90236,11.70801],[107.89583,11.71011],[107.89265,11.7097],[107.89021,11.71113],[107.88737,11.7088],[107.8837,11.70745],[107.88009,11.70878],[107.87706,11.70787],[107.87662,11.71442],[107.87749,11.7161],[107.87501,11.7211],[107.87493,11.72285],[107.87569,11.72407],[107.87751,11.72449],[107.87932,11.72773],[107.88038,11.7283],[107.8794,11.72913],[107.87882,11.73405],[107.87483,11.73254],[107.87259,11.73047],[107.87207,11.72822],[107.86775,11.7258],[107.86822,11.72791],[107.8669,11.72993],[107.86428,11.73],[107.86112,11.73413],[107.86242,11.73519],[107.86232,11.73648],[107.86459,11.73749],[107.86689,11.74032],[107.86718,11.74374],[107.86603,11.74429],[107.86664,11.74517],[107.86423,11.74545],[107.86312,11.74386],[107.86044,11.74485],[107.8591,11.74652]]]}},{"type":"Feature","properties":{"id":"25084","name":"Bảo Lâm 2","type":"Xã","area":114,"population":33092},"geometry":{"type":"Polygon","coordinates":[[[107.92081,11.66337],[107.91658,11.66325],[107.91598,11.66142],[107.91419,11.66154],[107.91124,11.6603],[107.91044,11.6607],[107.90714,11.65798],[107.90698,11.65663],[107.90594,11.65581],[107.90529,11.65624],[107.90413,11.65557],[107.90313,11.65671],[107.90013,11.65569],[107.89808,11.65675],[107.89649,11.6554],[107.89421,11.65544],[107.89181,11.65429],[107.8884,11.65122],[107.88803,11.65004],[107.88702,11.65001],[107.88698,11.64884],[107.88591,11.6481],[107.88621,11.64539],[107.88462,11.64438],[107.88542,11.64232],[107.88481,11.64248],[107.88516,11.64037],[107.88417,11.63938],[107.88501,11.63775],[107.88445,11.63717],[107.88537,11.63697],[107.8854,11.63622],[107.88622,11.63642],[107.88633,11.63535],[107.88732,11.63543],[107.88811,11.63372],[107.88699,11.63102],[107.88944,11.6308],[107.89295,11.62842],[107.89214,11.62777],[107.89289,11.62668],[107.89233,11.62559],[107.89116,11.62515],[107.89384,11.62589],[107.89524,11.62484],[107.89765,11.62517],[107.8998,11.62382],[107.90182,11.62122],[107.90089,11.61119],[107.89599,11.59865],[107.89623,11.59653],[107.89381,11.59483],[107.89392,11.59359],[107.8915,11.59354],[107.89026,11.59175],[107.88963,11.58756],[107.89061,11.58607],[107.88873,11.58527],[107.88933,11.58311],[107.88856,11.58145],[107.88721,11.58121],[107.88695,11.57924],[107.88549,11.57959],[107.885,11.57837],[107.88281,11.5778],[107.88251,11.57665],[107.87991,11.57501],[107.8834,11.57044],[107.87983,11.56876],[107.88278,11.56648],[107.87988,11.56597],[107.87754,11.56423],[107.88054,11.56234],[107.87867,11.56019],[107.87973,11.55674],[107.8775,11.55298],[107.87337,11.55109],[107.87275,11.54607],[107.87184,11.54595],[107.87078,11.54719],[107.86989,11.54671],[107.87116,11.54511],[107.86932,11.54295],[107.87164,11.54223],[107.87192,11.54114],[107.87122,11.54081],[107.86918,11.54218],[107.86692,11.5414],[107.87073,11.53848],[107.87453,11.53873],[107.87485,11.53704],[107.87702,11.53622],[107.87811,11.53369],[107.87666,11.53174],[107.8785,11.5318],[107.88061,11.52955],[107.87924,11.52849],[107.87696,11.52941],[107.87714,11.52705],[107.88065,11.52635],[107.87983,11.52319],[107.88067,11.52239],[107.88333,11.52244],[107.88391,11.52041],[107.88346,11.51898],[107.882,11.5166],[107.8796,11.51521],[107.87753,11.51188],[107.87413,11.50905],[107.87078,11.50977],[107.87027,11.51136],[107.87143,11.51472],[107.86893,11.51524],[107.86676,11.5145],[107.86452,11.51183],[107.8648,11.51048],[107.8669,11.50902],[107.86663,11.50831],[107.8631,11.50808],[107.85902,11.50559],[107.85807,11.50699],[107.85923,11.50949],[107.85675,11.5104],[107.85607,11.50963],[107.85696,11.50614],[107.8532,11.50349],[107.85101,11.50373],[107.8496,11.50293],[107.84747,11.50433],[107.84622,11.50375],[107.84665,11.50054],[107.84911,11.50062],[107.85064,11.49822],[107.84812,11.4883],[107.84733,11.48809],[107.84643,11.4903],[107.84514,11.49018],[107.84441,11.48909],[107.84454,11.48653],[107.84876,11.48044],[107.85149,11.47776],[107.85376,11.47669],[107.85781,11.47152],[107.85768,11.47042],[107.85467,11.46825],[107.85307,11.46602],[107.85437,11.4652],[107.85799,11.46525],[107.85742,11.46272],[107.85659,11.46219],[107.85237,11.46293],[107.85065,11.46086],[107.85257,11.45784],[107.85315,11.44996],[107.85822,11.447],[107.85881,11.44491],[107.85741,11.44178],[107.85437,11.44203],[107.85342,11.44107],[107.85804,11.43864],[107.86179,11.43922],[107.86725,11.4335],[107.86806,11.43481],[107.87102,11.43517],[107.87178,11.43433],[107.87358,11.43461],[107.87494,11.43381],[107.87575,11.43472],[107.87635,11.43403],[107.88014,11.43733],[107.87912,11.43901],[107.87904,11.44215],[107.87755,11.44255],[107.87701,11.44813],[107.87591,11.44835],[107.87539,11.45015],[107.87727,11.45317],[107.87772,11.45246],[107.87862,11.45296],[107.87868,11.45491],[107.8774,11.45712],[107.87818,11.45739],[107.87765,11.45848],[107.87801,11.46549],[107.87674,11.46654],[107.87388,11.47259],[107.87509,11.4736],[107.87753,11.47234],[107.87955,11.47308],[107.8809,11.47623],[107.88231,11.47665],[107.88204,11.47827],[107.88442,11.48269],[107.88632,11.4839],[107.88709,11.48816],[107.88464,11.49076],[107.88444,11.49234],[107.88512,11.49662],[107.88736,11.50163],[107.88609,11.5036],[107.88843,11.50451],[107.89347,11.50046],[107.89432,11.5008],[107.89535,11.50422],[107.89649,11.5051],[107.89688,11.50414],[107.89809,11.50432],[107.89844,11.50708],[107.9013,11.50627],[107.90079,11.50482],[107.90351,11.5049],[107.90394,11.50687],[107.90511,11.50562],[107.90685,11.50559],[107.90798,11.50284],[107.90665,11.50252],[107.90674,11.50126],[107.90834,11.5021],[107.91033,11.50592],[107.91252,11.50443],[107.91294,11.50212],[107.91441,11.50072],[107.9163,11.50346],[107.91693,11.50063],[107.91805,11.49991],[107.91895,11.50498],[107.91701,11.50787],[107.91837,11.50929],[107.91574,11.51209],[107.91682,11.51358],[107.91698,11.51794],[107.91628,11.51986],[107.91719,11.52184],[107.91703,11.52426],[107.92006,11.52619],[107.91999,11.52877],[107.92449,11.53028],[107.92818,11.53424],[107.93153,11.536],[107.92699,11.54472],[107.92731,11.54744],[107.93779,11.54735],[107.93828,11.55274],[107.93732,11.55275],[107.93829,11.55906],[107.93641,11.55969],[107.93611,11.562],[107.93334,11.56162],[107.93026,11.56256],[107.93643,11.56604],[107.94121,11.56643],[107.94403,11.56998],[107.94409,11.57156],[107.94159,11.57349],[107.94066,11.57229],[107.93945,11.57528],[107.93641,11.5744],[107.93467,11.57504],[107.93339,11.57339],[107.93231,11.57476],[107.93025,11.57399],[107.92878,11.57441],[107.92802,11.57221],[107.92636,11.57197],[107.92614,11.57301],[107.92668,11.57521],[107.92774,11.57601],[107.92686,11.57702],[107.92816,11.5786],[107.92719,11.57987],[107.92783,11.58147],[107.92941,11.58147],[107.92944,11.58303],[107.93244,11.58347],[107.93237,11.586],[107.93436,11.58689],[107.93471,11.58873],[107.93645,11.58952],[107.93541,11.59134],[107.93542,11.59446],[107.93445,11.59422],[107.9341,11.59517],[107.93537,11.59689],[107.93557,11.59869],[107.93303,11.60096],[107.93431,11.60225],[107.93553,11.60162],[107.93685,11.60263],[107.93873,11.60264],[107.93899,11.60458],[107.94036,11.60387],[107.94015,11.60791],[107.93925,11.60908],[107.93962,11.61166],[107.93832,11.61343],[107.93901,11.61491],[107.93658,11.61649],[107.93641,11.61801],[107.93492,11.61874],[107.93456,11.62286],[107.93357,11.62324],[107.9338,11.62673],[107.9362,11.62824],[107.93482,11.63061],[107.93401,11.63449],[107.94027,11.63942],[107.94091,11.64088],[107.94041,11.64334],[107.94185,11.64581],[107.94162,11.64675],[107.94587,11.6471],[107.94434,11.64988],[107.94593,11.65192],[107.9454,11.65303],[107.94707,11.65739],[107.94362,11.6617],[107.94099,11.66172],[107.93657,11.65934],[107.93286,11.66056],[107.92891,11.65919],[107.92391,11.66107],[107.92337,11.66226],[107.92081,11.66337]]]}},{"type":"Feature","properties":{"id":"25093","name":"Bảo Lâm 3","type":"Xã","area":152.13,"population":32917},"geometry":{"type":"Polygon","coordinates":[[[107.80678,11.52049],[107.80497,11.51916],[107.80559,11.51839],[107.80532,11.51628],[107.807,11.51372],[107.80604,11.51304],[107.80659,11.51171],[107.80616,11.50807],[107.80443,11.50589],[107.80321,11.50122],[107.80106,11.49898],[107.80237,11.49685],[107.80617,11.49551],[107.80597,11.4943],[107.80353,11.49315],[107.80269,11.4914],[107.80379,11.48834],[107.80367,11.48623],[107.80159,11.48418],[107.80412,11.48286],[107.80511,11.48105],[107.80448,11.47547],[107.80334,11.47354],[107.8036,11.46576],[107.80039,11.46066],[107.80222,11.45741],[107.80267,11.45467],[107.79658,11.44998],[107.79507,11.44658],[107.79256,11.44622],[107.78989,11.44349],[107.78999,11.44209],[107.78636,11.44037],[107.78659,11.4384],[107.78547,11.4386],[107.7852,11.43949],[107.78435,11.43906],[107.78369,11.44095],[107.78281,11.44026],[107.78181,11.4412],[107.78159,11.44366],[107.78072,11.44383],[107.7803,11.44509],[107.7807,11.4459],[107.77961,11.44562],[107.77784,11.44729],[107.7768,11.44719],[107.77607,11.44845],[107.77638,11.4504],[107.77446,11.45151],[107.77262,11.44835],[107.7737,11.44661],[107.7719,11.44368],[107.77114,11.44371],[107.76921,11.44677],[107.76835,11.44606],[107.7646,11.44757],[107.7625,11.44667],[107.75828,11.44677],[107.75578,11.44789],[107.75384,11.44606],[107.75022,11.44647],[107.74831,11.44534],[107.7413,11.44443],[107.76733,11.4247],[107.76898,11.41875],[107.76693,11.41547],[107.77085,11.41331],[107.77263,11.4093],[107.7761,11.40599],[107.77797,11.40521],[107.77837,11.40342],[107.78058,11.40196],[107.78082,11.40031],[107.78369,11.39868],[107.78478,11.3996],[107.78875,11.39866],[107.79067,11.40044],[107.79216,11.39926],[107.79494,11.39967],[107.7957,11.39768],[107.79747,11.39793],[107.79925,11.39258],[107.79793,11.39017],[107.79869,11.38829],[107.79532,11.38597],[107.79509,11.38342],[107.79693,11.38058],[107.7958,11.37715],[107.79695,11.37628],[107.79682,11.3724],[107.79892,11.3711],[107.82278,11.37084],[107.88576,11.36564],[107.90949,11.36346],[107.92851,11.36015],[107.92416,11.36677],[107.92245,11.37233],[107.91845,11.3781],[107.91436,11.38151],[107.91077,11.38608],[107.90624,11.40078],[107.90763,11.41004],[107.90334,11.4145],[107.90154,11.41423],[107.90038,11.41237],[107.89697,11.41138],[107.89269,11.41498],[107.89039,11.41572],[107.88958,11.41862],[107.88596,11.42213],[107.88879,11.42371],[107.88758,11.42597],[107.88801,11.4273],[107.88746,11.42938],[107.88676,11.4288],[107.88567,11.43086],[107.88509,11.43037],[107.88514,11.43347],[107.88401,11.43365],[107.88245,11.43771],[107.88093,11.43746],[107.88059,11.43813],[107.87635,11.43403],[107.87575,11.43472],[107.87494,11.43381],[107.87358,11.43461],[107.87178,11.43433],[107.87102,11.43517],[107.86806,11.43481],[107.86725,11.4335],[107.86179,11.43922],[107.85804,11.43864],[107.85343,11.44104],[107.85428,11.44201],[107.85741,11.44178],[107.85881,11.44491],[107.85822,11.447],[107.85315,11.44996],[107.85257,11.45784],[107.85065,11.46086],[107.85237,11.46293],[107.85659,11.46219],[107.85742,11.46272],[107.85799,11.46525],[107.85437,11.4652],[107.85307,11.46602],[107.85467,11.46825],[107.85768,11.47042],[107.8578,11.47158],[107.85376,11.47669],[107.85149,11.47776],[107.84876,11.48044],[107.84506,11.48527],[107.84436,11.48736],[107.84452,11.48952],[107.84569,11.49041],[107.84675,11.48998],[107.8475,11.48793],[107.84817,11.48838],[107.85061,11.49794],[107.8502,11.49956],[107.84911,11.50062],[107.84665,11.50054],[107.84605,11.50266],[107.84237,11.5063],[107.83699,11.50582],[107.83596,11.50296],[107.83465,11.50444],[107.83113,11.50273],[107.83024,11.50369],[107.82914,11.50316],[107.82855,11.50443],[107.82656,11.50507],[107.82874,11.50909],[107.82802,11.50967],[107.82821,11.51092],[107.82713,11.51065],[107.82517,11.51346],[107.82614,11.51383],[107.82464,11.51504],[107.82473,11.51615],[107.82277,11.5165],[107.82219,11.51473],[107.81896,11.51718],[107.81634,11.51731],[107.81506,11.51597],[107.81416,11.51671],[107.81212,11.51601],[107.81176,11.51737],[107.80778,11.51848],[107.80678,11.52049]]]}},{"type":"Feature","properties":{"id":"25063","name":"Bảo Lâm 4","type":"Xã","area":343.35,"population":10073},"geometry":{"type":"Polygon","coordinates":[[[107.84144,11.86866],[107.83874,11.87031],[107.83856,11.87438],[107.83717,11.87671],[107.83005,11.87675],[107.82761,11.87546],[107.82607,11.87322],[107.82466,11.86929],[107.82432,11.86415],[107.82344,11.86277],[107.82115,11.8632],[107.81658,11.86663],[107.8135,11.86777],[107.81159,11.86651],[107.80832,11.86116],[107.80127,11.85943],[107.79494,11.86072],[107.79008,11.86066],[107.78507,11.85808],[107.78228,11.85362],[107.77674,11.85176],[107.77363,11.84914],[107.77184,11.84951],[107.77071,11.8514],[107.7693,11.84765],[107.77148,11.84627],[107.7726,11.84412],[107.77242,11.84201],[107.77308,11.84122],[107.7723,11.83916],[107.77485,11.83112],[107.77393,11.82903],[107.77442,11.82791],[107.76625,11.81816],[107.76303,11.80699],[107.7591,11.80367],[107.75953,11.79958],[107.75859,11.79567],[107.75204,11.77914],[107.75095,11.77878],[107.7507,11.77406],[107.74883,11.77297],[107.74745,11.76877],[107.74989,11.76551],[107.74949,11.76309],[107.74807,11.76185],[107.74666,11.75809],[107.74598,11.75896],[107.74411,11.75832],[107.74314,11.75885],[107.74109,11.75687],[107.73759,11.75542],[107.73928,11.75211],[107.73635,11.75106],[107.73634,11.74719],[107.73529,11.74479],[107.73257,11.74345],[107.73165,11.74007],[107.72975,11.737],[107.73033,11.73501],[107.7291,11.73249],[107.72821,11.73183],[107.72548,11.73304],[107.72341,11.73107],[107.72241,11.7318],[107.721,11.72987],[107.7211,11.72757],[107.71926,11.72451],[107.72034,11.72412],[107.72072,11.72184],[107.71895,11.7192],[107.71994,11.71282],[107.7188,11.71012],[107.71622,11.70927],[107.71516,11.70562],[107.71216,11.70468],[107.70743,11.70131],[107.70898,11.69744],[107.70758,11.69617],[107.70801,11.6926],[107.70566,11.69153],[107.70463,11.6901],[107.69899,11.69013],[107.69236,11.68793],[107.69092,11.68498],[107.69321,11.68316],[107.69409,11.67744],[107.69036,11.67602],[107.68785,11.67244],[107.68865,11.67146],[107.68831,11.67067],[107.68667,11.66982],[107.68487,11.6702],[107.68325,11.66838],[107.68144,11.66818],[107.67947,11.66429],[107.67736,11.66422],[107.67524,11.66236],[107.67256,11.66226],[107.67108,11.66003],[107.67143,11.65763],[107.67585,11.65816],[107.68604,11.65673],[107.6922,11.65737],[107.69486,11.65691],[107.69535,11.65909],[107.69142,11.66344],[107.69362,11.6663],[107.70146,11.66137],[107.70742,11.65985],[107.71118,11.66021],[107.71646,11.65825],[107.71682,11.6574],[107.71753,11.65766],[107.7174,11.65618],[107.72068,11.6567],[107.72187,11.65574],[107.72387,11.65565],[107.72384,11.65482],[107.7272,11.65127],[107.72792,11.6524],[107.72755,11.65526],[107.72545,11.65632],[107.72647,11.65784],[107.72542,11.65964],[107.72622,11.66057],[107.72345,11.66172],[107.724,11.66233],[107.7231,11.66305],[107.72408,11.66461],[107.7223,11.66648],[107.72883,11.66925],[107.72926,11.66815],[107.73327,11.66958],[107.73498,11.66783],[107.73464,11.66716],[107.73582,11.66525],[107.73945,11.66465],[107.74565,11.66151],[107.74711,11.66424],[107.74893,11.66342],[107.74983,11.66408],[107.75203,11.66161],[107.75397,11.66142],[107.75516,11.65974],[107.75802,11.66091],[107.75944,11.66397],[107.76313,11.66253],[107.76307,11.66087],[107.76412,11.66083],[107.76459,11.66282],[107.77069,11.66292],[107.77406,11.66107],[107.77339,11.65904],[107.77669,11.658],[107.77875,11.65925],[107.77518,11.66852],[107.76992,11.6713],[107.77153,11.67433],[107.77229,11.68033],[107.77053,11.68102],[107.76997,11.68255],[107.77147,11.68584],[107.77942,11.69012],[107.78394,11.68709],[107.78688,11.6838],[107.79068,11.68428],[107.79162,11.68282],[107.79502,11.68144],[107.79571,11.67998],[107.79593,11.68169],[107.79701,11.68019],[107.79972,11.67896],[107.80317,11.67977],[107.80321,11.68072],[107.80556,11.68033],[107.80766,11.6813],[107.80652,11.68615],[107.80826,11.68683],[107.81056,11.68619],[107.81152,11.68707],[107.81055,11.68741],[107.8103,11.68864],[107.80522,11.69086],[107.80936,11.69286],[107.812,11.69896],[107.81572,11.70235],[107.81264,11.70884],[107.81836,11.70791],[107.82034,11.71193],[107.82028,11.71392],[107.82395,11.71557],[107.82535,11.71518],[107.82914,11.71847],[107.82796,11.71945],[107.82813,11.7213],[107.8296,11.72071],[107.82969,11.72153],[107.83111,11.71967],[107.83356,11.72125],[107.83495,11.71994],[107.83642,11.72065],[107.83996,11.71929],[107.83922,11.72051],[107.84035,11.7201],[107.84036,11.72175],[107.84193,11.72277],[107.84257,11.72238],[107.84292,11.72414],[107.84641,11.72786],[107.84534,11.72897],[107.84653,11.73115],[107.84535,11.73165],[107.84481,11.73394],[107.84709,11.73403],[107.84731,11.73587],[107.84869,11.73651],[107.84856,11.73777],[107.84981,11.73954],[107.84898,11.73955],[107.84928,11.7408],[107.8486,11.74098],[107.85064,11.74197],[107.8506,11.74328],[107.85256,11.74321],[107.85231,11.745],[107.85321,11.74412],[107.85385,11.74511],[107.85538,11.74397],[107.85515,11.74563],[107.85607,11.74514],[107.85792,11.74571],[107.85721,11.74639],[107.85845,11.74715],[107.86041,11.74568],[107.86044,11.74485],[107.86312,11.74386],[107.86423,11.74545],[107.86664,11.74517],[107.86603,11.74429],[107.86718,11.74374],[107.86689,11.74032],[107.86459,11.73749],[107.86232,11.73648],[107.86242,11.73519],[107.86112,11.73413],[107.86428,11.73],[107.8669,11.72993],[107.86822,11.72791],[107.86775,11.7258],[107.87207,11.72822],[107.87259,11.73047],[107.87483,11.73254],[107.87882,11.73405],[107.8794,11.72913],[107.88038,11.7283],[107.87932,11.72773],[107.87751,11.72449],[107.87569,11.72407],[107.87493,11.72285],[107.87501,11.7211],[107.87749,11.7161],[107.87662,11.71442],[107.87706,11.70787],[107.88009,11.70878],[107.8837,11.70745],[107.88737,11.7088],[107.89021,11.71113],[107.89265,11.7097],[107.89583,11.71011],[107.90236,11.70801],[107.90725,11.70848],[107.90968,11.71026],[107.91529,11.70836],[107.91698,11.70917],[107.91848,11.71271],[107.92047,11.71422],[107.92672,11.71559],[107.92872,11.71455],[107.9289,11.71222],[107.92986,11.711],[107.93313,11.71063],[107.93454,11.70906],[107.93519,11.70202],[107.93605,11.70028],[107.93925,11.69876],[107.94558,11.69877],[107.95005,11.70087],[107.95434,11.70109],[107.95808,11.69796],[107.95874,11.69359],[107.96151,11.69159],[107.96322,11.68888],[107.96704,11.68674],[107.9643,11.69094],[107.96342,11.69791],[107.96421,11.69895],[107.96152,11.70933],[107.95345,11.71759],[107.95314,11.71893],[107.95011,11.72096],[107.94871,11.72693],[107.9447,11.72915],[107.93827,11.72972],[107.93558,11.73135],[107.92915,11.7307],[107.92599,11.73239],[107.92295,11.73139],[107.9224,11.73376],[107.92088,11.7335],[107.91755,11.73675],[107.91589,11.74154],[107.91621,11.74364],[107.91493,11.74463],[107.91499,11.74543],[107.91261,11.7464],[107.91316,11.74976],[107.91014,11.75204],[107.90987,11.75479],[107.90805,11.75523],[107.90514,11.75356],[107.90375,11.75527],[107.90519,11.75625],[107.90424,11.75721],[107.90476,11.75937],[107.90614,11.75922],[107.90767,11.76125],[107.90925,11.76108],[107.91161,11.76259],[107.91088,11.76238],[107.91154,11.76408],[107.91062,11.76594],[107.91312,11.76588],[107.91248,11.76742],[107.91385,11.76844],[107.91313,11.76986],[107.91053,11.77002],[107.91105,11.76871],[107.90533,11.77038],[107.90435,11.77246],[107.90501,11.77308],[107.90308,11.77553],[107.90284,11.77696],[107.90444,11.7797],[107.90652,11.78107],[107.90372,11.78744],[107.89852,11.79041],[107.89671,11.79285],[107.89687,11.81118],[107.89321,11.81647],[107.88979,11.83119],[107.8914,11.84109],[107.90094,11.84957],[107.8978,11.86616],[107.89261,11.871],[107.89008,11.87085],[107.88812,11.87299],[107.88525,11.87291],[107.88395,11.8738],[107.87954,11.87214],[107.87021,11.87436],[107.86667,11.8723],[107.86216,11.87366],[107.85846,11.87296],[107.85349,11.87417],[107.84785,11.86992],[107.84144,11.86866]]]}},{"type":"Feature","properties":{"id":"25057","name":"Bảo Lâm 5","type":"Xã","area":511.88,"population":11596},"geometry":{"type":"Polygon","coordinates":[[[107.72524,11.91565],[107.72238,11.91621],[107.7196,11.91848],[107.70911,11.92245],[107.70646,11.92168],[107.70113,11.91591],[107.68877,11.92016],[107.68488,11.91613],[107.67332,11.91345],[107.67244,11.91111],[107.67484,11.90778],[107.67534,11.90233],[107.67155,11.89677],[107.67133,11.89534],[107.67761,11.89039],[107.67532,11.8871],[107.67256,11.88558],[107.66887,11.88607],[107.66515,11.88814],[107.66187,11.88694],[107.65912,11.8817],[107.66005,11.87756],[107.65935,11.87598],[107.65784,11.87559],[107.65372,11.87656],[107.64843,11.87478],[107.63921,11.8657],[107.63367,11.86708],[107.62951,11.86544],[107.6262,11.86112],[107.62698,11.85639],[107.62572,11.85327],[107.62035,11.84755],[107.6206,11.84326],[107.61834,11.83818],[107.6136,11.838],[107.61006,11.83989],[107.60826,11.83867],[107.60516,11.83843],[107.60313,11.83574],[107.59252,11.8269],[107.58828,11.82616],[107.57788,11.82125],[107.57427,11.81572],[107.56297,11.8072],[107.55628,11.79732],[107.55506,11.79393],[107.55169,11.79093],[107.54366,11.78938],[107.54261,11.79231],[107.53656,11.79717],[107.53366,11.79672],[107.52809,11.7994],[107.52492,11.79732],[107.52139,11.79884],[107.51682,11.79956],[107.51027,11.79783],[107.51182,11.79476],[107.51638,11.7935],[107.51637,11.79281],[107.51501,11.79227],[107.51609,11.79172],[107.51914,11.78089],[107.52097,11.78038],[107.51781,11.77739],[107.5157,11.777],[107.51593,11.77586],[107.51392,11.77427],[107.51386,11.76913],[107.51043,11.76673],[107.50903,11.76038],[107.50444,11.75781],[107.49865,11.74659],[107.49767,11.74542],[107.49563,11.74558],[107.49276,11.74272],[107.49208,11.73953],[107.49112,11.73941],[107.4909,11.73646],[107.48984,11.73536],[107.4907,11.7338],[107.48955,11.73277],[107.48928,11.73099],[107.49103,11.72656],[107.49015,11.72515],[107.49086,11.7247],[107.49019,11.72194],[107.49126,11.72132],[107.49008,11.71982],[107.49284,11.71788],[107.49467,11.71769],[107.49375,11.71655],[107.49418,11.7153],[107.49326,11.71532],[107.49463,11.71339],[107.49308,11.71251],[107.48948,11.71267],[107.49127,11.70993],[107.49065,11.70823],[107.49158,11.70678],[107.48941,11.70441],[107.49146,11.70272],[107.49103,11.70188],[107.48986,11.70159],[107.48923,11.70306],[107.48382,11.70589],[107.48842,11.69981],[107.4987,11.69112],[107.50055,11.69184],[107.50319,11.69474],[107.50711,11.69201],[107.51055,11.69378],[107.52397,11.69051],[107.52518,11.69199],[107.53511,11.69579],[107.53842,11.69349],[107.54154,11.69299],[107.54318,11.6911],[107.54554,11.69307],[107.55082,11.69439],[107.55246,11.69315],[107.55295,11.6884],[107.55421,11.68838],[107.5549,11.68966],[107.5592,11.68787],[107.56058,11.68828],[107.56371,11.68544],[107.56535,11.68594],[107.56552,11.68469],[107.56716,11.68316],[107.5691,11.68388],[107.56915,11.68504],[107.57059,11.68472],[107.5713,11.68432],[107.56946,11.68205],[107.57015,11.68145],[107.57447,11.68539],[107.57605,11.68319],[107.57852,11.68289],[107.58349,11.67851],[107.59643,11.67869],[107.59763,11.6764],[107.60429,11.67393],[107.60685,11.67137],[107.6195,11.66834],[107.62155,11.66473],[107.63539,11.65963],[107.63961,11.65995],[107.64402,11.65751],[107.64571,11.65739],[107.64655,11.66007],[107.64834,11.65902],[107.64736,11.66127],[107.6489,11.6631],[107.65098,11.66141],[107.65063,11.65993],[107.65205,11.6594],[107.65424,11.66106],[107.66002,11.66064],[107.66938,11.65668],[107.67143,11.65763],[107.67108,11.66003],[107.67256,11.66226],[107.67524,11.66236],[107.67736,11.66422],[107.67947,11.66429],[107.68144,11.66818],[107.68325,11.66838],[107.68487,11.6702],[107.68667,11.66982],[107.68831,11.67067],[107.68865,11.67146],[107.68785,11.67244],[107.69036,11.67602],[107.69419,11.67771],[107.69315,11.68331],[107.69092,11.68498],[107.69226,11.68783],[107.69899,11.69013],[107.70463,11.6901],[107.70566,11.69153],[107.70801,11.6926],[107.70758,11.69617],[107.70898,11.69744],[107.70743,11.70131],[107.71216,11.70468],[107.71516,11.70562],[107.71622,11.70927],[107.7188,11.71012],[107.71994,11.71282],[107.71895,11.7192],[107.72072,11.72184],[107.72034,11.72412],[107.71926,11.72451],[107.7211,11.72757],[107.721,11.72987],[107.72241,11.7318],[107.72341,11.73107],[107.72548,11.73304],[107.72821,11.73183],[107.7291,11.73249],[107.73033,11.73501],[107.72975,11.737],[107.73165,11.74007],[107.73257,11.74345],[107.73529,11.74479],[107.73634,11.74719],[107.73635,11.75106],[107.73928,11.75211],[107.73759,11.75542],[107.74109,11.75687],[107.74314,11.75885],[107.74411,11.75832],[107.74598,11.75896],[107.74666,11.75809],[107.74807,11.76185],[107.74949,11.76309],[107.74989,11.76551],[107.74745,11.76877],[107.74883,11.77297],[107.7507,11.77406],[107.75095,11.77878],[107.75204,11.77914],[107.75859,11.79567],[107.75953,11.79958],[107.7591,11.80367],[107.76303,11.80699],[107.76625,11.81816],[107.77419,11.82739],[107.77397,11.82927],[107.7749,11.83033],[107.77235,11.83882],[107.77308,11.84122],[107.77242,11.84201],[107.77248,11.8445],[107.77148,11.84627],[107.7693,11.84765],[107.77071,11.8514],[107.76931,11.85326],[107.76177,11.85684],[107.76028,11.85998],[107.75533,11.86304],[107.75173,11.86708],[107.74536,11.86795],[107.73731,11.8738],[107.73354,11.87485],[107.73203,11.87111],[107.72926,11.86959],[107.72669,11.87139],[107.72618,11.87629],[107.73206,11.87916],[107.73256,11.8811],[107.72641,11.88712],[107.72645,11.89374],[107.72346,11.89697],[107.723,11.89871],[107.72522,11.90038],[107.73016,11.90002],[107.73311,11.90124],[107.73363,11.90242],[107.73249,11.90831],[107.73103,11.91128],[107.72827,11.9151],[107.72524,11.91565]]]}},{"type":"Feature","properties":{"id":"25018","name":"Bảo Thuận","type":"Xã","area":300.3,"population":29557},"geometry":{"type":"Polygon","coordinates":[[[108.09735,11.67289],[108.09004,11.67787],[108.08609,11.68188],[108.08483,11.68157],[108.07494,11.66877],[108.07142,11.66788],[108.07,11.66625],[108.06836,11.66411],[108.06838,11.66296],[108.06983,11.66178],[108.0683,11.66165],[108.06964,11.65874],[108.06825,11.65897],[108.06437,11.65767],[108.06725,11.65363],[108.06641,11.65204],[108.06722,11.64474],[108.065,11.64135],[108.06787,11.63802],[108.06136,11.63159],[108.06274,11.62975],[108.0625,11.62852],[108.06604,11.62796],[108.06954,11.62922],[108.07181,11.62715],[108.07191,11.6184],[108.07452,11.6139],[108.07662,11.61285],[108.086,11.61198],[108.08947,11.61077],[108.08989,11.60945],[108.0918,11.60987],[108.09291,11.60927],[108.09312,11.60739],[108.09526,11.60558],[108.09868,11.59951],[108.10155,11.6002],[108.1022,11.59741],[108.10332,11.59675],[108.10398,11.59497],[108.10512,11.59114],[108.10489,11.58915],[108.10764,11.5855],[108.10908,11.58541],[108.10922,11.58174],[108.10669,11.57665],[108.10455,11.57539],[108.10366,11.57316],[108.09822,11.57062],[108.09415,11.56484],[108.09344,11.56464],[108.09369,11.56557],[108.09287,11.56566],[108.0913,11.56456],[108.09157,11.56349],[108.09275,11.56375],[108.09372,11.56226],[108.09459,11.55358],[108.09306,11.55319],[108.09113,11.55039],[108.09096,11.54671],[108.09194,11.54539],[108.09452,11.54466],[108.09553,11.54213],[108.0954,11.53929],[108.09725,11.53718],[108.09694,11.53511],[108.09421,11.53258],[108.09279,11.52884],[108.09269,11.52544],[108.08978,11.51963],[108.09075,11.51653],[108.0944,11.51396],[108.09542,11.50941],[108.09462,11.50719],[108.09788,11.50352],[108.10211,11.50039],[108.10398,11.49642],[108.10437,11.48951],[108.10597,11.48678],[108.10548,11.48336],[108.10254,11.48119],[108.10277,11.4798],[108.10008,11.47335],[108.09984,11.4682],[108.10076,11.46705],[108.09836,11.46206],[108.09867,11.46093],[108.10267,11.45845],[108.10253,11.45468],[108.10555,11.45062],[108.10475,11.44841],[108.10659,11.44499],[108.10617,11.441],[108.10827,11.43927],[108.10661,11.42147],[108.10522,11.4155],[108.10604,11.41327],[108.11221,11.40966],[108.11191,11.40731],[108.11514,11.40634],[108.11441,11.40351],[108.11667,11.40356],[108.12071,11.40195],[108.12484,11.39808],[108.12654,11.39243],[108.12606,11.38979],[108.12659,11.38888],[108.125,11.38662],[108.12418,11.38168],[108.12267,11.37965],[108.12251,11.37632],[108.12538,11.3713],[108.13604,11.36984],[108.13819,11.36793],[108.13837,11.36593],[108.14223,11.36188],[108.14284,11.35997],[108.14148,11.35891],[108.14145,11.35728],[108.14012,11.35673],[108.13914,11.3547],[108.13887,11.35058],[108.14336,11.34605],[108.14684,11.34656],[108.14855,11.34779],[108.15537,11.34156],[108.1593,11.33929],[108.15949,11.33736],[108.15688,11.33425],[108.15485,11.32706],[108.15515,11.32433],[108.15727,11.31969],[108.15713,11.31729],[108.15836,11.31573],[108.15896,11.31159],[108.16059,11.31123],[108.16645,11.30405],[108.17033,11.30165],[108.1737,11.30337],[108.18257,11.30485],[108.18754,11.30772],[108.18907,11.31074],[108.19091,11.31172],[108.19263,11.31438],[108.19415,11.31461],[108.19669,11.31837],[108.19721,11.32289],[108.20939,11.32832],[108.22025,11.33425],[108.22062,11.3377],[108.22625,11.34443],[108.23255,11.35018],[108.23855,11.35339],[108.23565,11.35352],[108.23478,11.35428],[108.23185,11.36399],[108.23035,11.36548],[108.23108,11.3685],[108.23074,11.372],[108.22448,11.37358],[108.22328,11.37588],[108.22167,11.37324],[108.22041,11.37277],[108.2182,11.37348],[108.21366,11.37313],[108.2117,11.37406],[108.20959,11.37298],[108.20709,11.37299],[108.20481,11.37466],[108.19998,11.37504],[108.19747,11.3776],[108.19346,11.37959],[108.19336,11.3821],[108.19466,11.38354],[108.19483,11.38711],[108.19552,11.38776],[108.19517,11.39263],[108.18899,11.39527],[108.18883,11.3989],[108.18715,11.39959],[108.18612,11.40349],[108.18075,11.40303],[108.1793,11.40586],[108.17688,11.40519],[108.17239,11.40594],[108.17165,11.40769],[108.16731,11.40942],[108.16623,11.41071],[108.16712,11.41235],[108.167,11.41446],[108.165,11.41993],[108.16952,11.42548],[108.17016,11.42739],[108.17205,11.42884],[108.17442,11.43308],[108.17366,11.43702],[108.17467,11.44255],[108.17322,11.44527],[108.17279,11.44825],[108.17145,11.44937],[108.17233,11.45078],[108.17206,11.45345],[108.1753,11.45893],[108.17437,11.46159],[108.17127,11.46373],[108.17079,11.4668],[108.17424,11.47436],[108.17351,11.47751],[108.17268,11.47801],[108.17432,11.48103],[108.17396,11.48581],[108.17624,11.48832],[108.17855,11.48866],[108.17903,11.49027],[108.17816,11.49377],[108.17714,11.49327],[108.17518,11.49389],[108.1766,11.49858],[108.17486,11.50291],[108.17499,11.51127],[108.1726,11.51426],[108.17042,11.52164],[108.1668,11.52325],[108.16531,11.52586],[108.16168,11.52931],[108.16138,11.53286],[108.15998,11.53509],[108.15939,11.5384],[108.16275,11.54462],[108.15891,11.55219],[108.15879,11.55469],[108.16452,11.55633],[108.16692,11.55923],[108.16889,11.56382],[108.16875,11.56536],[108.1645,11.56639],[108.16355,11.5709],[108.16129,11.57257],[108.16066,11.57485],[108.15634,11.57654],[108.15461,11.58496],[108.1557,11.58952],[108.1518,11.59203],[108.15,11.59506],[108.14639,11.59703],[108.14565,11.59888],[108.14577,11.60262],[108.14338,11.6042],[108.14329,11.60636],[108.142,11.60751],[108.14223,11.60922],[108.14443,11.61157],[108.15076,11.6105],[108.15228,11.61105],[108.15133,11.61201],[108.15074,11.61132],[108.1494,11.61421],[108.14841,11.61442],[108.14827,11.61679],[108.14925,11.61609],[108.15029,11.61691],[108.14828,11.6178],[108.1502,11.62025],[108.14837,11.62216],[108.14835,11.62566],[108.14781,11.62587],[108.1489,11.6335],[108.14774,11.63576],[108.14796,11.63922],[108.14635,11.63928],[108.14574,11.64089],[108.15026,11.64781],[108.15273,11.64928],[108.1534,11.65144],[108.15172,11.65222],[108.15298,11.65538],[108.15284,11.65699],[108.14915,11.66137],[108.1459,11.66375],[108.13656,11.66736],[108.13061,11.66538],[108.12727,11.66595],[108.12149,11.66304],[108.11864,11.66392],[108.11658,11.66368],[108.11242,11.66081],[108.10966,11.66042],[108.10715,11.6618],[108.10443,11.66576],[108.09735,11.67289]]]}},{"type":"Feature","properties":{"id":"22960","name":"Bình Thuận","type":"Phường","area":45.16,"population":47858},"geometry":{"type":"Polygon","coordinates":[[[108.02928,11.01161],[108.02472,11.01858],[108.02497,11.02329],[108.02299,11.02498],[108.02408,11.02695],[108.02353,11.03063],[108.01836,11.03304],[108.0177,11.02285],[108.00544,11.02143],[108.00719,11.02001],[108.00835,11.01373],[108.01066,11.01139],[108.00908,11.00291],[108.01126,10.99901],[108.01126,10.99472],[108.0136,10.99239],[108.01235,10.99157],[108.01352,10.98783],[108.01273,10.98507],[108.01356,10.98184],[108.00742,10.9765],[108.00665,10.97482],[108.00778,10.97497],[108.0078,10.97334],[108.00986,10.97429],[108.01366,10.97141],[108.01485,10.97132],[108.01518,10.96952],[108.01605,10.97074],[108.01649,10.97021],[108.01709,10.97072],[108.01641,10.97141],[108.01751,10.97221],[108.0171,10.97324],[108.0179,10.97338],[108.01849,10.97205],[108.01954,10.97292],[108.0212,10.97174],[108.02091,10.97079],[108.02205,10.96999],[108.02145,10.96919],[108.02236,10.96939],[108.02205,10.96843],[108.02292,10.96846],[108.02222,10.96778],[108.02292,10.96712],[108.01952,10.96207],[108.02143,10.96039],[108.02014,10.95805],[108.02763,10.95254],[108.02887,10.95318],[108.02999,10.95531],[108.03115,10.95554],[108.03382,10.9538],[108.03552,10.95106],[108.04344,10.94871],[108.0448,10.94604],[108.04804,10.94636],[108.05067,10.94565],[108.05357,10.9407],[108.05457,10.94115],[108.0545,10.94238],[108.05703,10.94351],[108.05905,10.94671],[108.0603,10.94598],[108.0605,10.94397],[108.06167,10.94273],[108.06289,10.94342],[108.06354,10.94669],[108.06441,10.94686],[108.06485,10.94339],[108.06744,10.94213],[108.06883,10.9401],[108.07135,10.94213],[108.07288,10.94216],[108.07361,10.94104],[108.07324,10.93721],[108.07541,10.93592],[108.07465,10.93294],[108.08084,10.92949],[108.08276,10.92683],[108.08332,10.92378],[108.08481,10.92228],[108.08799,10.92108],[108.0905,10.92156],[108.09162,10.92342],[108.09155,10.92762],[108.09003,10.92789],[108.09139,10.93582],[108.09233,10.93557],[108.0922,10.93739],[108.09351,10.93675],[108.09441,10.93844],[108.09757,10.93703],[108.09924,10.94378],[108.09297,10.94601],[108.09796,10.94998],[108.10214,10.95041],[108.1031,10.95385],[108.09771,10.95647],[108.09588,10.95643],[108.09617,10.95703],[108.09382,10.95668],[108.09151,10.95324],[108.09049,10.95352],[108.08839,10.95447],[108.08762,10.95734],[108.0859,10.95755],[108.08576,10.96017],[108.08158,10.96282],[108.08162,10.96391],[108.08076,10.96453],[108.07185,10.96532],[108.07087,10.96776],[108.07205,10.9706],[108.06932,10.97065],[108.06912,10.97345],[108.06741,10.97518],[108.0654,10.9745],[108.05675,10.97808],[108.05642,10.9814],[108.05557,10.98207],[108.05719,10.98353],[108.05591,10.98549],[108.05017,10.99157],[108.04497,10.99501],[108.04303,10.99778],[108.04241,10.99739],[108.04095,10.99981],[108.03816,11.00095],[108.03766,11.0059],[108.0339,11.00824],[108.03284,11.01038],[108.02928,11.01161]]]}},{"type":"Feature","properties":{"id":"24787","name":"Cam Ly - Đà Lạt","type":"Phường","area":80.92,"population":48919},"geometry":{"type":"Polygon","coordinates":[[[108.34852,11.98036],[108.34643,11.98031],[108.34541,11.97845],[108.34341,11.97831],[108.34195,11.9763],[108.33904,11.97572],[108.33538,11.96944],[108.33694,11.96859],[108.33801,11.96673],[108.33838,11.96408],[108.3378,11.96347],[108.33314,11.96455],[108.33216,11.96562],[108.32919,11.96456],[108.32846,11.96284],[108.32543,11.9618],[108.32422,11.96031],[108.32679,11.9591],[108.3223,11.95417],[108.32344,11.95199],[108.32308,11.94755],[108.32054,11.94495],[108.32215,11.94317],[108.3223,11.94049],[108.32151,11.93925],[108.31774,11.93764],[108.31832,11.93581],[108.31781,11.93264],[108.31522,11.92777],[108.31615,11.92632],[108.31532,11.92541],[108.31707,11.92578],[108.31907,11.92455],[108.31835,11.9221],[108.31942,11.9181],[108.3186,11.91679],[108.32099,11.91213],[108.32592,11.90766],[108.32618,11.90583],[108.32781,11.90607],[108.32807,11.90668],[108.32724,11.90704],[108.32893,11.90762],[108.33232,11.90747],[108.3353,11.9087],[108.33757,11.90713],[108.34076,11.9031],[108.33936,11.9027],[108.3379,11.90344],[108.33772,11.89932],[108.34373,11.89819],[108.34631,11.89337],[108.34936,11.8931],[108.34952,11.89076],[108.35082,11.89025],[108.35521,11.89458],[108.35654,11.89405],[108.35929,11.89555],[108.36271,11.89892],[108.36596,11.89936],[108.36651,11.89801],[108.36907,11.89623],[108.36929,11.89474],[108.37271,11.89036],[108.37403,11.89061],[108.37596,11.89288],[108.37874,11.89095],[108.38051,11.89175],[108.3833,11.89068],[108.38531,11.88858],[108.38674,11.8824],[108.38851,11.87881],[108.39184,11.87882],[108.39188,11.88253],[108.39541,11.88566],[108.39586,11.8888],[108.39765,11.89184],[108.39622,11.89632],[108.40014,11.89999],[108.40175,11.9033],[108.40349,11.90353],[108.40374,11.90571],[108.40541,11.90696],[108.40143,11.90803],[108.39976,11.91019],[108.40046,11.91184],[108.40257,11.91418],[108.40218,11.91578],[108.40455,11.91601],[108.40439,11.91841],[108.40786,11.91931],[108.40781,11.92207],[108.40954,11.92305],[108.4109,11.92261],[108.41094,11.92466],[108.41215,11.92574],[108.4112,11.92671],[108.40882,11.92713],[108.40905,11.92875],[108.41129,11.92849],[108.41239,11.92749],[108.41403,11.92804],[108.41438,11.93037],[108.4136,11.93082],[108.41372,11.93265],[108.41507,11.93346],[108.41876,11.93281],[108.42083,11.93394],[108.42222,11.93697],[108.42489,11.93871],[108.42507,11.94101],[108.42789,11.94159],[108.43118,11.94035],[108.43204,11.94129],[108.43154,11.94208],[108.43266,11.9426],[108.43378,11.94468],[108.43421,11.94851],[108.42907,11.95848],[108.42756,11.96005],[108.42367,11.95868],[108.42238,11.95605],[108.42024,11.95598],[108.41977,11.95504],[108.41676,11.9545],[108.41655,11.95571],[108.41441,11.95545],[108.41379,11.95663],[108.4148,11.96028],[108.41439,11.96098],[108.41268,11.95973],[108.41031,11.96222],[108.40914,11.9624],[108.4083,11.9638],[108.40905,11.96422],[108.40864,11.96655],[108.40784,11.96605],[108.40237,11.96751],[108.40187,11.96583],[108.40078,11.96638],[108.39672,11.96325],[108.39381,11.96327],[108.39205,11.96174],[108.39005,11.96165],[108.38873,11.96005],[108.38682,11.95937],[108.38655,11.95803],[108.38546,11.95996],[108.38314,11.95913],[108.38086,11.96063],[108.37856,11.96029],[108.37669,11.96176],[108.37376,11.96218],[108.37388,11.96478],[108.3712,11.96722],[108.36992,11.97102],[108.36621,11.96839],[108.36037,11.97186],[108.35832,11.97143],[108.35679,11.97345],[108.35667,11.97497],[108.35475,11.97597],[108.3545,11.97707],[108.34852,11.98036]]]}},{"type":"Feature","properties":{"id":"25159","name":"Cát Tiên","type":"Xã","area":78.13,"population":19735},"geometry":{"type":"Polygon","coordinates":[[[107.45573,11.65907],[107.45563,11.66048],[107.45511,11.66019],[107.45462,11.65809],[107.4514,11.65505],[107.4507,11.65718],[107.44959,11.65715],[107.44945,11.65347],[107.44654,11.65288],[107.44511,11.65118],[107.44369,11.6514],[107.4431,11.65367],[107.44095,11.65509],[107.43395,11.65692],[107.43475,11.65529],[107.43205,11.65401],[107.43181,11.65206],[107.43087,11.65115],[107.42657,11.65332],[107.42327,11.65352],[107.42086,11.65473],[107.41436,11.65453],[107.41359,11.65352],[107.41152,11.65457],[107.40905,11.64974],[107.40712,11.64831],[107.40562,11.65067],[107.40286,11.65054],[107.40028,11.64794],[107.3953,11.64637],[107.39455,11.64793],[107.39221,11.64945],[107.39111,11.6493],[107.38829,11.64514],[107.38819,11.64356],[107.38728,11.64352],[107.38613,11.64019],[107.38616,11.62463],[107.38463,11.6222],[107.38341,11.62217],[107.38361,11.62056],[107.38194,11.61901],[107.38251,11.61638],[107.38206,11.61422],[107.38011,11.61316],[107.38054,11.61212],[107.37692,11.61014],[107.37845,11.60677],[107.37452,11.60676],[107.37385,11.60861],[107.37261,11.60839],[107.37177,11.60714],[107.37013,11.60807],[107.36978,11.60724],[107.36768,11.60733],[107.36125,11.60377],[107.35886,11.60397],[107.35848,11.60586],[107.3599,11.60799],[107.35947,11.611],[107.35726,11.61179],[107.35682,11.61297],[107.35527,11.61236],[107.35511,11.61152],[107.35417,11.61278],[107.35183,11.61185],[107.35032,11.60815],[107.3474,11.60468],[107.34878,11.60018],[107.35009,11.59929],[107.35077,11.60026],[107.35213,11.60025],[107.35383,11.59742],[107.35417,11.59438],[107.35519,11.59384],[107.35229,11.58252],[107.35081,11.57986],[107.35439,11.57774],[107.35389,11.57526],[107.35758,11.57333],[107.35779,11.58018],[107.35917,11.58176],[107.36102,11.58172],[107.36289,11.58012],[107.36346,11.5758],[107.36632,11.57322],[107.36584,11.57193],[107.36235,11.57104],[107.3611,11.56828],[107.36178,11.56622],[107.36645,11.56139],[107.36664,11.56024],[107.36153,11.55777],[107.36038,11.55655],[107.36034,11.55494],[107.36524,11.55306],[107.36887,11.54906],[107.37098,11.54852],[107.37274,11.54969],[107.37268,11.55099],[107.36847,11.55588],[107.36814,11.55746],[107.369,11.55872],[107.37244,11.5575],[107.3737,11.55552],[107.37491,11.54964],[107.379,11.5429],[107.37504,11.53088],[107.37619,11.52394],[107.37169,11.52042],[107.36721,11.51821],[107.37055,11.51549],[107.37423,11.51493],[107.37897,11.51907],[107.38474,11.52003],[107.38653,11.52192],[107.38659,11.52587],[107.39249,11.52691],[107.39825,11.52653],[107.4018,11.52971],[107.40138,11.53108],[107.39909,11.53294],[107.39662,11.53312],[107.39665,11.53413],[107.39751,11.53645],[107.39913,11.53729],[107.39955,11.54107],[107.40316,11.54217],[107.40607,11.54478],[107.40708,11.54718],[107.41004,11.54885],[107.40829,11.55122],[107.40925,11.55402],[107.40567,11.55659],[107.40761,11.56099],[107.40628,11.56282],[107.40659,11.56481],[107.41014,11.56687],[107.40959,11.56918],[107.41025,11.57128],[107.41256,11.57541],[107.41508,11.57724],[107.41632,11.58033],[107.41604,11.58396],[107.41757,11.58704],[107.41925,11.58867],[107.42252,11.5896],[107.42135,11.59127],[107.42268,11.59161],[107.42371,11.59339],[107.42259,11.59424],[107.42298,11.59561],[107.42124,11.59676],[107.42236,11.5971],[107.42259,11.60002],[107.42343,11.60018],[107.42392,11.59903],[107.42619,11.60058],[107.42944,11.60119],[107.42865,11.60447],[107.42926,11.60545],[107.43001,11.60469],[107.43239,11.60476],[107.43212,11.60357],[107.43278,11.60312],[107.43333,11.60458],[107.43494,11.60502],[107.43436,11.60625],[107.43136,11.60654],[107.43025,11.60779],[107.43105,11.60891],[107.43158,11.60842],[107.43259,11.60919],[107.4318,11.60965],[107.43205,11.61073],[107.43027,11.61087],[107.42994,11.61277],[107.43094,11.6158],[107.4297,11.61699],[107.42826,11.61683],[107.42635,11.61935],[107.42828,11.62271],[107.43078,11.62222],[107.43253,11.62408],[107.43354,11.62399],[107.43436,11.62622],[107.43555,11.62628],[107.43618,11.62769],[107.43429,11.62934],[107.43664,11.63085],[107.43578,11.63208],[107.4371,11.63399],[107.4378,11.63366],[107.44032,11.6356],[107.44062,11.63703],[107.44374,11.63848],[107.44817,11.64364],[107.45215,11.64509],[107.45597,11.64862],[107.45677,11.65095],[107.45573,11.65907]]]}},{"type":"Feature","properties":{"id":"25180","name":"Cát Tiên 2","type":"Xã","area":177.26,"population":15042},"geometry":{"type":"Polygon","coordinates":[[[107.38863,11.77063],[107.38764,11.77226],[107.38586,11.77278],[107.37791,11.77066],[107.37381,11.77076],[107.36514,11.76577],[107.36454,11.76271],[107.36315,11.76088],[107.35674,11.76208],[107.35601,11.75906],[107.35651,11.75676],[107.35303,11.75252],[107.34782,11.75031],[107.34503,11.75012],[107.3437,11.75097],[107.3401,11.75004],[107.33831,11.7484],[107.33546,11.74777],[107.33135,11.74785],[107.32766,11.7494],[107.32565,11.74898],[107.31982,11.74317],[107.31761,11.74238],[107.31573,11.7406],[107.30993,11.73968],[107.30334,11.74002],[107.30102,11.73916],[107.29847,11.73505],[107.29643,11.72927],[107.29075,11.72964],[107.28894,11.72892],[107.28618,11.72606],[107.28556,11.72428],[107.28582,11.71372],[107.28398,11.70252],[107.284,11.69836],[107.27854,11.69239],[107.2791,11.691],[107.28435,11.68798],[107.28501,11.68614],[107.27782,11.68115],[107.27259,11.67072],[107.26581,11.66014],[107.26591,11.65746],[107.27031,11.65427],[107.27313,11.65001],[107.26868,11.64289],[107.26909,11.6403],[107.27099,11.63694],[107.27283,11.63559],[107.27886,11.6343],[107.2869,11.63135],[107.30431,11.61757],[107.30441,11.61588],[107.30135,11.60978],[107.30069,11.60642],[107.30593,11.60067],[107.30673,11.59847],[107.30301,11.59416],[107.29739,11.58457],[107.30012,11.57777],[107.31213,11.57144],[107.30995,11.56783],[107.30569,11.57148],[107.3026,11.57148],[107.30182,11.57059],[107.31028,11.55488],[107.31274,11.55316],[107.31561,11.55423],[107.32756,11.55451],[107.33319,11.5538],[107.33736,11.54518],[107.34061,11.54339],[107.34605,11.54341],[107.34673,11.54506],[107.34639,11.54998],[107.34759,11.55303],[107.34966,11.55489],[107.35494,11.55572],[107.35706,11.56068],[107.35571,11.56719],[107.35758,11.57333],[107.35389,11.57526],[107.35439,11.57774],[107.35081,11.57986],[107.352,11.58162],[107.35519,11.59247],[107.35448,11.59294],[107.35519,11.59384],[107.35417,11.59438],[107.35383,11.59742],[107.35187,11.6004],[107.35009,11.59929],[107.34878,11.60018],[107.3474,11.60468],[107.34377,11.6073],[107.33957,11.60723],[107.3381,11.60887],[107.33712,11.60792],[107.33299,11.60813],[107.33653,11.61234],[107.33651,11.61575],[107.3327,11.62065],[107.33342,11.62229],[107.33609,11.6239],[107.33968,11.62305],[107.33921,11.62564],[107.33974,11.62731],[107.34123,11.62804],[107.34061,11.62928],[107.3422,11.63062],[107.34035,11.63363],[107.34067,11.64008],[107.34394,11.6451],[107.34466,11.6476],[107.34898,11.65219],[107.3534,11.6528],[107.35394,11.65497],[107.35525,11.65605],[107.35594,11.66297],[107.36428,11.66399],[107.36459,11.66709],[107.3705,11.67228],[107.36969,11.67353],[107.36719,11.67418],[107.36854,11.67735],[107.36857,11.6803],[107.36691,11.68199],[107.3665,11.68544],[107.36448,11.68631],[107.36406,11.68769],[107.36862,11.6891],[107.36929,11.69039],[107.36901,11.6938],[107.37108,11.69288],[107.37311,11.69305],[107.37778,11.696],[107.37886,11.69755],[107.38129,11.69764],[107.38513,11.70299],[107.38328,11.70277],[107.37925,11.7056],[107.37516,11.70584],[107.37328,11.70737],[107.37398,11.71008],[107.3777,11.71138],[107.37963,11.7131],[107.38577,11.72361],[107.38636,11.72828],[107.38356,11.73087],[107.38412,11.73295],[107.38341,11.73437],[107.38457,11.73639],[107.38351,11.73774],[107.38584,11.73896],[107.38642,11.74142],[107.38997,11.74418],[107.3933,11.74613],[107.39932,11.74731],[107.40226,11.74898],[107.40365,11.75115],[107.40501,11.75491],[107.40217,11.75605],[107.40192,11.75806],[107.40021,11.7593],[107.3984,11.76426],[107.39714,11.76532],[107.39307,11.76544],[107.39027,11.76701],[107.38832,11.76924],[107.38863,11.77063]]]}},{"type":"Feature","properties":{"id":"25162","name":"Cát Tiên 3","type":"Xã","area":171.31,"population":10591},"geometry":{"type":"Polygon","coordinates":[[[107.51051,11.79704],[107.51027,11.79783],[107.5081,11.79853],[107.50944,11.80289],[107.5068,11.80392],[107.50178,11.79819],[107.49447,11.79734],[107.48467,11.79434],[107.48241,11.7929],[107.4778,11.78708],[107.47714,11.78451],[107.47773,11.77844],[107.47399,11.77155],[107.46674,11.7636],[107.4628,11.76038],[107.45457,11.75732],[107.45099,11.75749],[107.44857,11.75795],[107.44124,11.76191],[107.43914,11.76182],[107.43599,11.76477],[107.43318,11.76581],[107.4324,11.7652],[107.43227,11.76184],[107.42782,11.76025],[107.42457,11.75559],[107.42229,11.75548],[107.42156,11.75344],[107.41808,11.74924],[107.4147,11.74907],[107.4131,11.75041],[107.41362,11.75252],[107.40501,11.75491],[107.40226,11.74898],[107.39911,11.74722],[107.3933,11.74613],[107.38642,11.74142],[107.38584,11.73896],[107.3835,11.73766],[107.38457,11.73639],[107.38341,11.73437],[107.38412,11.73295],[107.38356,11.73087],[107.38631,11.72857],[107.38577,11.72361],[107.37963,11.7131],[107.3777,11.71138],[107.37398,11.71008],[107.37328,11.70737],[107.37516,11.70584],[107.37925,11.7056],[107.38328,11.70277],[107.38513,11.70299],[107.38129,11.69764],[107.37886,11.69755],[107.37778,11.696],[107.37311,11.69305],[107.37108,11.69288],[107.36901,11.6938],[107.36929,11.69039],[107.36862,11.6891],[107.36406,11.68769],[107.36448,11.68631],[107.3665,11.68544],[107.36691,11.68199],[107.36857,11.6803],[107.36854,11.67735],[107.36719,11.67418],[107.36969,11.67353],[107.3705,11.67228],[107.36459,11.66709],[107.36428,11.66399],[107.35594,11.66297],[107.35525,11.65605],[107.35394,11.65497],[107.3534,11.6528],[107.34898,11.65219],[107.34466,11.6476],[107.34394,11.6451],[107.34067,11.64008],[107.34035,11.63363],[107.3422,11.63062],[107.34061,11.62928],[107.34123,11.62804],[107.33974,11.62731],[107.33921,11.62564],[107.33968,11.62305],[107.33609,11.6239],[107.33342,11.62229],[107.3327,11.62065],[107.33651,11.61575],[107.33653,11.61234],[107.33299,11.60813],[107.33712,11.60792],[107.3381,11.60887],[107.33957,11.60723],[107.34377,11.6073],[107.3474,11.60468],[107.35032,11.60815],[107.35183,11.61185],[107.35417,11.61278],[107.35511,11.61152],[107.35527,11.61236],[107.35682,11.61297],[107.35726,11.61179],[107.35947,11.611],[107.3599,11.60799],[107.35848,11.60586],[107.35886,11.60397],[107.36125,11.60377],[107.36768,11.60733],[107.36978,11.60724],[107.37013,11.60807],[107.37177,11.60714],[107.37261,11.60839],[107.37385,11.60861],[107.37452,11.60676],[107.37834,11.6067],[107.37692,11.61014],[107.38054,11.61212],[107.38011,11.61316],[107.38206,11.61422],[107.38251,11.61638],[107.38194,11.61901],[107.38361,11.62056],[107.38341,11.62217],[107.38463,11.6222],[107.38616,11.62463],[107.38613,11.64019],[107.38728,11.64352],[107.38819,11.64356],[107.38829,11.64514],[107.39111,11.6493],[107.39221,11.64945],[107.39455,11.64793],[107.3953,11.64637],[107.40028,11.64794],[107.40286,11.65054],[107.40562,11.65067],[107.40712,11.64831],[107.40905,11.64974],[107.41152,11.65457],[107.41359,11.65352],[107.41436,11.65453],[107.42086,11.65473],[107.42327,11.65352],[107.42657,11.65332],[107.43087,11.65115],[107.43181,11.65206],[107.43205,11.65401],[107.43475,11.65529],[107.43395,11.65692],[107.44095,11.65509],[107.4431,11.65367],[107.44369,11.6514],[107.44511,11.65118],[107.44654,11.65288],[107.44945,11.65347],[107.44959,11.65715],[107.4507,11.65718],[107.4514,11.65505],[107.45462,11.65809],[107.45511,11.66019],[107.45787,11.66056],[107.45647,11.66414],[107.45788,11.66623],[107.45739,11.66831],[107.45989,11.66931],[107.4593,11.67179],[107.46078,11.67326],[107.4606,11.67539],[107.46257,11.67427],[107.46347,11.67568],[107.46275,11.67715],[107.46019,11.67826],[107.46103,11.67994],[107.45873,11.68253],[107.46109,11.68331],[107.45959,11.68521],[107.46097,11.68651],[107.46088,11.68878],[107.46245,11.68969],[107.46219,11.69086],[107.46368,11.69142],[107.46456,11.69567],[107.46646,11.69649],[107.46574,11.69925],[107.4698,11.69937],[107.47249,11.69573],[107.47417,11.69605],[107.47446,11.69778],[107.47666,11.69633],[107.47696,11.69911],[107.47909,11.69832],[107.47827,11.7014],[107.48051,11.70038],[107.48284,11.70153],[107.48311,11.70362],[107.48479,11.70343],[107.48358,11.70539],[107.48397,11.70595],[107.48923,11.70306],[107.48999,11.70152],[107.49149,11.70224],[107.48942,11.70419],[107.49165,11.70711],[107.49065,11.70823],[107.4912,11.71026],[107.48948,11.71267],[107.49305,11.71251],[107.49457,11.7132],[107.49326,11.71532],[107.49418,11.7153],[107.49375,11.71655],[107.49467,11.71759],[107.49284,11.71788],[107.49008,11.71982],[107.49126,11.72132],[107.49019,11.72194],[107.49086,11.7247],[107.49015,11.72515],[107.49103,11.72656],[107.48928,11.73099],[107.48955,11.73277],[107.4907,11.7338],[107.48984,11.73536],[107.4909,11.73646],[107.49112,11.73941],[107.49208,11.73953],[107.49276,11.74272],[107.49563,11.74558],[107.49767,11.74542],[107.49865,11.74659],[107.50444,11.75781],[107.50903,11.76038],[107.51043,11.76673],[107.51386,11.76913],[107.51392,11.77427],[107.51593,11.77586],[107.5157,11.777],[107.51781,11.77739],[107.52097,11.78038],[107.51914,11.78089],[107.51609,11.79172],[107.51501,11.79227],[107.51637,11.79281],[107.51638,11.7935],[107.512,11.79463],[107.51051,11.79704]]]}},{"type":"Feature","properties":{"id":"24640","name":"Cư Jút","type":"Xã","area":104.11,"population":49614},"geometry":{"type":"Polygon","coordinates":[[[107.92057,12.64552],[107.91909,12.64745],[107.91705,12.6482],[107.91051,12.6459],[107.91337,12.64503],[107.9141,12.64372],[107.90961,12.63802],[107.908,12.6393],[107.9056,12.63695],[107.90426,12.63406],[107.9036,12.634],[107.90259,12.63598],[107.9003,12.63285],[107.89646,12.63173],[107.89676,12.6286],[107.89491,12.62674],[107.89415,12.62455],[107.88979,12.62798],[107.89004,12.62591],[107.88876,12.62452],[107.88938,12.62247],[107.88883,12.62194],[107.88463,12.62545],[107.88385,12.62366],[107.88555,12.62231],[107.88413,12.62163],[107.8834,12.62007],[107.88423,12.61852],[107.88285,12.6175],[107.8838,12.61717],[107.88347,12.61621],[107.88243,12.61735],[107.88135,12.61608],[107.88036,12.61694],[107.87882,12.61672],[107.88013,12.61582],[107.87926,12.6157],[107.87917,12.61423],[107.87804,12.61393],[107.87717,12.61203],[107.87744,12.61487],[107.87547,12.61411],[107.87505,12.61262],[107.87366,12.61285],[107.87372,12.61174],[107.87445,12.61224],[107.87491,12.6117],[107.8742,12.60981],[107.87299,12.61192],[107.8714,12.61208],[107.87156,12.61279],[107.86956,12.61452],[107.86879,12.61638],[107.86638,12.616],[107.86745,12.61723],[107.8665,12.61791],[107.86823,12.62091],[107.86728,12.6239],[107.8659,12.62441],[107.86492,12.6235],[107.86418,12.6244],[107.86343,12.62412],[107.86246,12.62617],[107.86094,12.62512],[107.85864,12.62664],[107.85664,12.62444],[107.85456,12.62539],[107.85278,12.6246],[107.85307,12.62284],[107.85439,12.62229],[107.85138,12.61985],[107.85034,12.62146],[107.84908,12.62125],[107.84849,12.61971],[107.84753,12.61957],[107.84832,12.61765],[107.84624,12.61595],[107.84473,12.61661],[107.84345,12.61612],[107.84295,12.61752],[107.84038,12.61686],[107.8387,12.61477],[107.83902,12.61611],[107.83769,12.61551],[107.8367,12.61762],[107.83251,12.61759],[107.83132,12.61841],[107.8303,12.61726],[107.82814,12.61758],[107.82717,12.6144],[107.8261,12.61503],[107.82576,12.61362],[107.8237,12.6139],[107.82191,12.61244],[107.82063,12.61415],[107.81793,12.61417],[107.81588,12.6164],[107.81497,12.61551],[107.81509,12.61661],[107.81419,12.61713],[107.81348,12.61635],[107.81212,12.61665],[107.81226,12.61582],[107.81116,12.6161],[107.81143,12.61521],[107.81038,12.61532],[107.80985,12.61448],[107.80818,12.61511],[107.80919,12.61406],[107.80885,12.61352],[107.80743,12.61374],[107.80546,12.61193],[107.80181,12.61351],[107.80053,12.61254],[107.79711,12.6139],[107.79631,12.61607],[107.79374,12.61768],[107.79219,12.61697],[107.79201,12.61572],[107.79056,12.61753],[107.78951,12.61708],[107.79006,12.61665],[107.78951,12.61437],[107.78791,12.61491],[107.78639,12.61687],[107.78596,12.61548],[107.78535,12.61579],[107.78498,12.61469],[107.78336,12.61398],[107.78303,12.61272],[107.78175,12.6129],[107.78034,12.61015],[107.77948,12.6101],[107.779,12.61129],[107.77698,12.60953],[107.77637,12.61007],[107.7772,12.61053],[107.77544,12.61156],[107.77355,12.61128],[107.77407,12.60921],[107.77356,12.60885],[107.77269,12.6099],[107.77163,12.60923],[107.77052,12.61047],[107.76918,12.60836],[107.76746,12.60929],[107.76574,12.60832],[107.76509,12.60871],[107.76416,12.60626],[107.76591,12.60462],[107.76532,12.60269],[107.76594,12.60261],[107.76514,12.6019],[107.76702,12.60138],[107.76776,12.59951],[107.77572,12.59421],[107.77526,12.59305],[107.78249,12.58255],[107.78279,12.58044],[107.78942,12.57831],[107.79282,12.57376],[107.79318,12.57605],[107.79475,12.57759],[107.79612,12.57721],[107.79581,12.57625],[107.79767,12.57492],[107.80035,12.57602],[107.80184,12.5753],[107.80164,12.5747],[107.8038,12.57415],[107.80658,12.57565],[107.80766,12.57486],[107.80847,12.57727],[107.80792,12.57865],[107.80947,12.57773],[107.81017,12.57875],[107.81126,12.57659],[107.81283,12.57813],[107.81311,12.57766],[107.81454,12.57837],[107.81486,12.57716],[107.81413,12.57601],[107.81625,12.575],[107.81617,12.57424],[107.84275,12.56065],[107.84496,12.55816],[107.8516,12.55805],[107.85407,12.55916],[107.85572,12.55865],[107.85695,12.55366],[107.85835,12.55158],[107.86201,12.55045],[107.86296,12.54864],[107.86754,12.54675],[107.86864,12.54703],[107.86971,12.54861],[107.86884,12.54968],[107.87104,12.55096],[107.87269,12.55047],[107.87344,12.54918],[107.87911,12.55117],[107.88106,12.55098],[107.88154,12.55188],[107.88383,12.5508],[107.88597,12.55242],[107.88765,12.55063],[107.89392,12.55177],[107.89563,12.55276],[107.89621,12.55538],[107.89532,12.5573],[107.89193,12.55973],[107.8934,12.56141],[107.89331,12.56492],[107.89587,12.5671],[107.89889,12.56745],[107.90247,12.56914],[107.90849,12.57555],[107.91239,12.5765],[107.91382,12.57796],[107.91945,12.58001],[107.92816,12.58089],[107.93143,12.58238],[107.93297,12.58374],[107.9341,12.58716],[107.93389,12.59146],[107.93496,12.59717],[107.92892,12.59998],[107.92907,12.61605],[107.92733,12.61809],[107.92235,12.61822],[107.92042,12.62016],[107.92279,12.62912],[107.92191,12.63285],[107.91892,12.63541],[107.92113,12.64141],[107.92057,12.64552]]]}},{"type":"Feature","properties":{"id":"24934","name":"D’Ran","type":"Xã","area":240.89,"population":33517},"geometry":{"type":"Polygon","coordinates":[[[108.66111,11.96717],[108.65797,11.96902],[108.65709,11.97138],[108.6501,11.96463],[108.63978,11.95916],[108.6209,11.96225],[108.61233,11.96541],[108.61063,11.9636],[108.60907,11.9632],[108.60174,11.96368],[108.59794,11.96223],[108.5967,11.96022],[108.59423,11.96162],[108.59298,11.95925],[108.58679,11.95639],[108.58449,11.95948],[108.58227,11.9601],[108.57853,11.96433],[108.57341,11.96593],[108.57209,11.9653],[108.57081,11.96335],[108.57019,11.95962],[108.56843,11.95872],[108.56807,11.95621],[108.56578,11.95137],[108.56657,11.94377],[108.5644,11.93878],[108.57136,11.92898],[108.57375,11.92703],[108.57437,11.92349],[108.57326,11.91896],[108.57563,11.91252],[108.57923,11.90673],[108.58088,11.90574],[108.58484,11.90672],[108.59259,11.90473],[108.59136,11.89866],[108.58796,11.89409],[108.58342,11.89032],[108.58571,11.8888],[108.58714,11.88416],[108.58632,11.87939],[108.5874,11.87066],[108.58552,11.86945],[108.5907,11.8674],[108.59433,11.86493],[108.59494,11.86],[108.59118,11.85579],[108.59009,11.8536],[108.59005,11.85074],[108.58409,11.85371],[108.58337,11.84958],[108.58013,11.84902],[108.5793,11.84638],[108.57726,11.8457],[108.57704,11.84715],[108.55002,11.83088],[108.54783,11.82698],[108.54553,11.82576],[108.54544,11.82345],[108.5438,11.82078],[108.54234,11.82022],[108.54293,11.81572],[108.539,11.81412],[108.53585,11.81128],[108.53564,11.80923],[108.53456,11.80793],[108.53517,11.80703],[108.53374,11.80454],[108.53413,11.80122],[108.53305,11.79813],[108.53626,11.79283],[108.5381,11.79167],[108.54507,11.78327],[108.54225,11.78095],[108.54633,11.77642],[108.5484,11.77567],[108.55044,11.77598],[108.55107,11.77484],[108.55187,11.77526],[108.55244,11.77356],[108.55513,11.77185],[108.55638,11.77236],[108.55883,11.77159],[108.55937,11.77216],[108.56255,11.7713],[108.56342,11.77039],[108.56354,11.76828],[108.56704,11.76607],[108.57014,11.76557],[108.5733,11.7666],[108.5753,11.76342],[108.57886,11.76069],[108.58022,11.7567],[108.5793,11.75445],[108.58201,11.75294],[108.58247,11.74959],[108.58518,11.74989],[108.58667,11.74788],[108.58789,11.7491],[108.58911,11.74855],[108.5901,11.74987],[108.59162,11.74829],[108.59352,11.74924],[108.59575,11.74908],[108.59873,11.7471],[108.60372,11.74888],[108.61142,11.74596],[108.61422,11.746],[108.61676,11.7447],[108.6255,11.73643],[108.62989,11.72769],[108.62991,11.72425],[108.63243,11.7228],[108.63383,11.72387],[108.63826,11.72323],[108.64238,11.72144],[108.64441,11.7192],[108.64693,11.71789],[108.65595,11.7159],[108.65799,11.71674],[108.66358,11.71595],[108.66478,11.7164],[108.66474,11.71832],[108.66795,11.71961],[108.66641,11.72313],[108.66736,11.72678],[108.67163,11.72455],[108.674,11.72584],[108.67566,11.7255],[108.67594,11.72671],[108.67794,11.72617],[108.6812,11.72877],[108.68324,11.72807],[108.6845,11.72904],[108.6859,11.72843],[108.68953,11.73281],[108.66666,11.74823],[108.66682,11.75036],[108.66519,11.75429],[108.66498,11.75893],[108.66331,11.76019],[108.66293,11.76261],[108.66376,11.76539],[108.66609,11.76756],[108.67132,11.77754],[108.67257,11.78321],[108.66826,11.78889],[108.66438,11.78787],[108.66076,11.78965],[108.65708,11.79031],[108.65587,11.79215],[108.65454,11.79272],[108.63682,11.79385],[108.6345,11.7958],[108.63143,11.79573],[108.62806,11.79928],[108.6236,11.80078],[108.61978,11.80336],[108.61942,11.80453],[108.62019,11.80955],[108.62596,11.8135],[108.62637,11.81723],[108.62755,11.81874],[108.62535,11.82234],[108.62559,11.83136],[108.62966,11.83148],[108.63032,11.82954],[108.63256,11.82888],[108.63424,11.83111],[108.63462,11.82949],[108.63616,11.83094],[108.64014,11.83071],[108.64555,11.83476],[108.64848,11.83966],[108.65024,11.84067],[108.65318,11.84621],[108.65376,11.85432],[108.6519,11.86148],[108.65017,11.86335],[108.65227,11.86805],[108.65192,11.87266],[108.65585,11.88724],[108.65496,11.89099],[108.65318,11.89316],[108.65381,11.89612],[108.65602,11.89874],[108.65536,11.90124],[108.65804,11.90243],[108.65878,11.90364],[108.66013,11.9034],[108.66094,11.90914],[108.664,11.91409],[108.66174,11.92502],[108.66021,11.92678],[108.66267,11.92781],[108.66215,11.93069],[108.66561,11.93854],[108.66425,11.94058],[108.66387,11.944],[108.66524,11.94617],[108.66497,11.94689],[108.66338,11.94953],[108.65993,11.95063],[108.65979,11.95149],[108.66041,11.95499],[108.66196,11.95773],[108.66174,11.96171],[108.66551,11.96729],[108.66111,11.96717]]]}},{"type":"Feature","properties":{"id":"25099","name":"Đạ Huoai","type":"Xã","area":113.96,"population":23117},"geometry":{"type":"Polygon","coordinates":[[[107.59332,11.51139],[107.58818,11.50985],[107.58405,11.50672],[107.5838,11.50305],[107.58194,11.49981],[107.58363,11.49798],[107.5833,11.49716],[107.58023,11.49546],[107.57581,11.4954],[107.5698,11.49051],[107.56886,11.48879],[107.56555,11.48813],[107.56199,11.48602],[107.56029,11.48208],[107.55718,11.4812],[107.5549,11.47937],[107.55261,11.47985],[107.54985,11.47859],[107.54777,11.47729],[107.54476,11.47316],[107.52829,11.46834],[107.51458,11.47369],[107.5109,11.47249],[107.50623,11.47458],[107.50421,11.47217],[107.50282,11.47186],[107.4999,11.47319],[107.49765,11.4729],[107.49502,11.47171],[107.49502,11.46989],[107.49393,11.46807],[107.48978,11.46528],[107.48939,11.46397],[107.48425,11.46225],[107.48249,11.45847],[107.47908,11.45735],[107.48012,11.45687],[107.48133,11.45504],[107.48099,11.45451],[107.48216,11.45359],[107.48189,11.44799],[107.48105,11.44688],[107.48215,11.44429],[107.47959,11.44197],[107.47933,11.4383],[107.47602,11.43812],[107.47474,11.43595],[107.47579,11.43342],[107.47787,11.43311],[107.4792,11.43075],[107.48063,11.43109],[107.48175,11.43025],[107.4827,11.43092],[107.48584,11.42984],[107.48685,11.42871],[107.48621,11.42741],[107.48819,11.42699],[107.48884,11.42337],[107.48763,11.42235],[107.48808,11.42151],[107.48662,11.42042],[107.48775,11.41973],[107.48672,11.418],[107.48722,11.41173],[107.48562,11.4128],[107.48499,11.41174],[107.48603,11.41192],[107.48658,11.41032],[107.48553,11.40817],[107.48672,11.40759],[107.48656,11.406],[107.48532,11.40527],[107.48594,11.40386],[107.48639,11.40445],[107.48734,11.40168],[107.48613,11.40066],[107.48531,11.40186],[107.48523,11.40097],[107.4879,11.39906],[107.48717,11.39804],[107.48791,11.39712],[107.48753,11.39645],[107.48902,11.39627],[107.48903,11.3972],[107.49018,11.39644],[107.4933,11.39684],[107.4945,11.39596],[107.49611,11.39646],[107.49699,11.39487],[107.49841,11.39486],[107.49685,11.3933],[107.49801,11.39095],[107.50209,11.39001],[107.50118,11.38277],[107.51325,11.38442],[107.51568,11.38065],[107.51528,11.37806],[107.51656,11.37458],[107.51771,11.37444],[107.52366,11.36981],[107.52461,11.36987],[107.52509,11.36645],[107.52621,11.36511],[107.52842,11.36465],[107.52952,11.36275],[107.53084,11.36225],[107.53126,11.35957],[107.53505,11.3551],[107.5407,11.35884],[107.5444,11.36659],[107.55824,11.37212],[107.56396,11.37817],[107.56609,11.38164],[107.56825,11.38269],[107.57211,11.38294],[107.57628,11.3819],[107.56774,11.39046],[107.57074,11.39213],[107.57366,11.39749],[107.57905,11.40227],[107.5793,11.40368],[107.57722,11.40662],[107.57788,11.41171],[107.57922,11.41356],[107.58501,11.41742],[107.58615,11.42235],[107.58408,11.42283],[107.57668,11.42094],[107.57491,11.4224],[107.57208,11.42151],[107.57111,11.42844],[107.57242,11.43029],[107.57236,11.43381],[107.57092,11.43505],[107.57085,11.43613],[107.56875,11.43746],[107.56768,11.44019],[107.56779,11.44158],[107.56898,11.44148],[107.56956,11.44238],[107.56878,11.4432],[107.56905,11.44496],[107.5677,11.44598],[107.56722,11.45139],[107.56815,11.45237],[107.56771,11.4542],[107.56897,11.45579],[107.57598,11.45885],[107.57708,11.46617],[107.58737,11.47134],[107.58847,11.47048],[107.59131,11.47144],[107.5925,11.47269],[107.59227,11.47442],[107.59565,11.48296],[107.59371,11.48982],[107.59093,11.49583],[107.59332,11.51139]]]}},{"type":"Feature","properties":{"id":"25105","name":"Đạ Huoai 2","type":"Xã","area":249.57,"population":14929},"geometry":{"type":"Polygon","coordinates":[[[107.66803,11.58099],[107.66103,11.58058],[107.65892,11.57942],[107.6581,11.57742],[107.65074,11.57728],[107.65138,11.57247],[107.6535,11.57249],[107.65558,11.57078],[107.65311,11.56742],[107.65555,11.56709],[107.65589,11.56492],[107.65739,11.56389],[107.65784,11.56249],[107.65221,11.5626],[107.64913,11.56362],[107.64751,11.56241],[107.6443,11.55928],[107.64507,11.5565],[107.64231,11.55357],[107.64041,11.54989],[107.63577,11.54713],[107.63133,11.54317],[107.62752,11.54344],[107.62529,11.5419],[107.62436,11.53906],[107.62146,11.53565],[107.62063,11.53175],[107.61871,11.52981],[107.61803,11.5268],[107.61522,11.52499],[107.60578,11.52143],[107.60399,11.51974],[107.60145,11.51917],[107.59911,11.516],[107.59335,11.51176],[107.59093,11.49583],[107.59371,11.48982],[107.59565,11.48296],[107.59227,11.47442],[107.5925,11.47269],[107.59131,11.47144],[107.58847,11.47048],[107.58737,11.47134],[107.57708,11.46617],[107.57581,11.45861],[107.56917,11.45594],[107.56771,11.4542],[107.56767,11.44613],[107.56905,11.44496],[107.56878,11.4432],[107.56956,11.44238],[107.56898,11.44148],[107.56779,11.44158],[107.56768,11.44019],[107.56875,11.43746],[107.57085,11.43613],[107.57241,11.43348],[107.57233,11.4299],[107.57111,11.42844],[107.57208,11.42151],[107.57491,11.4224],[107.57668,11.42094],[107.58408,11.42283],[107.58615,11.42235],[107.58501,11.41742],[107.57922,11.41356],[107.57788,11.41171],[107.57722,11.40662],[107.5793,11.40368],[107.57905,11.40227],[107.57366,11.39749],[107.57074,11.39213],[107.56774,11.39046],[107.57715,11.38102],[107.5832,11.37332],[107.58596,11.36837],[107.58717,11.36829],[107.58831,11.36647],[107.592,11.36376],[107.59347,11.35888],[107.59844,11.35511],[107.59958,11.35295],[107.60188,11.35238],[107.60556,11.34975],[107.6103,11.3449],[107.61442,11.34231],[107.6157,11.34587],[107.61765,11.34776],[107.61855,11.35082],[107.62082,11.35371],[107.61991,11.35524],[107.62089,11.35869],[107.62493,11.3643],[107.62794,11.37143],[107.62728,11.37153],[107.62659,11.37378],[107.62608,11.37891],[107.62429,11.37931],[107.62273,11.38248],[107.62185,11.38769],[107.62218,11.3897],[107.6236,11.39159],[107.62574,11.38916],[107.63401,11.38758],[107.63502,11.38906],[107.63483,11.39073],[107.63353,11.39354],[107.63097,11.39477],[107.63136,11.39564],[107.63538,11.39476],[107.63793,11.39535],[107.63946,11.39183],[107.64356,11.39117],[107.64689,11.39395],[107.65172,11.39339],[107.6517,11.39493],[107.65381,11.39688],[107.65777,11.39717],[107.65742,11.39795],[107.65841,11.39842],[107.65953,11.39728],[107.66,11.39992],[107.66146,11.4011],[107.66276,11.40056],[107.67105,11.40111],[107.67463,11.40306],[107.68345,11.40315],[107.68941,11.40564],[107.69394,11.40543],[107.69676,11.40406],[107.69902,11.40615],[107.70147,11.40628],[107.70467,11.40804],[107.70856,11.40847],[107.71034,11.4067],[107.71492,11.41114],[107.7198,11.40957],[107.72306,11.4103],[107.72272,11.41891],[107.72088,11.42482],[107.72128,11.43231],[107.7203,11.43379],[107.72493,11.43571],[107.72934,11.43116],[107.73775,11.43436],[107.74514,11.43413],[107.7413,11.44443],[107.73255,11.44656],[107.72435,11.4471],[107.72177,11.45316],[107.71808,11.45577],[107.71745,11.45867],[107.71797,11.45963],[107.7166,11.46175],[107.71571,11.46716],[107.71263,11.47178],[107.7146,11.47597],[107.71273,11.4764],[107.71019,11.47935],[107.71047,11.48018],[107.70888,11.48045],[107.7075,11.48448],[107.7055,11.48652],[107.70611,11.49053],[107.70335,11.49489],[107.70352,11.49652],[107.70026,11.49825],[107.69865,11.50091],[107.69614,11.50121],[107.69388,11.53164],[107.68081,11.5447],[107.67215,11.56642],[107.66803,11.58099]]]}},{"type":"Feature","properties":{"id":"25114","name":"Đạ Huoai 3","type":"Xã","area":131.51,"population":6571},"geometry":{"type":"Polygon","coordinates":[[[107.75511,11.43396],[107.7413,11.44443],[107.74499,11.43395],[107.73775,11.43436],[107.72934,11.43116],[107.72493,11.43571],[107.7203,11.43379],[107.72128,11.43231],[107.72088,11.42482],[107.72272,11.41891],[107.72306,11.4103],[107.7198,11.40957],[107.71492,11.41114],[107.71034,11.4067],[107.70856,11.40847],[107.70467,11.40804],[107.70147,11.40628],[107.69902,11.40615],[107.69676,11.40406],[107.69394,11.40543],[107.68941,11.40564],[107.68345,11.40315],[107.67463,11.40306],[107.67105,11.40111],[107.66276,11.40056],[107.66146,11.4011],[107.66,11.39992],[107.65953,11.39728],[107.65841,11.39842],[107.65742,11.39795],[107.65777,11.39717],[107.65381,11.39688],[107.6517,11.39493],[107.65172,11.39339],[107.64689,11.39395],[107.64356,11.39117],[107.63946,11.39183],[107.63793,11.39535],[107.63538,11.39476],[107.63136,11.39564],[107.63097,11.39477],[107.63353,11.39354],[107.63483,11.39073],[107.63502,11.38906],[107.63401,11.38758],[107.62574,11.38916],[107.6236,11.39159],[107.62218,11.3897],[107.62185,11.38769],[107.62273,11.38248],[107.62429,11.37931],[107.62608,11.37891],[107.62659,11.37378],[107.62728,11.37153],[107.62794,11.37143],[107.62493,11.3643],[107.62089,11.35869],[107.61991,11.35524],[107.62082,11.35371],[107.61855,11.35082],[107.61765,11.34776],[107.6157,11.34587],[107.61442,11.34231],[107.617,11.34096],[107.62639,11.33931],[107.62959,11.33799],[107.64595,11.33777],[107.67005,11.32487],[107.67537,11.32379],[107.67781,11.32418],[107.67945,11.3231],[107.68314,11.32255],[107.69315,11.32588],[107.71103,11.33487],[107.71744,11.34032],[107.72121,11.34613],[107.72137,11.34901],[107.72336,11.35324],[107.72172,11.3586],[107.72565,11.36834],[107.72488,11.36305],[107.7254,11.36093],[107.72639,11.35996],[107.728,11.36128],[107.7303,11.35803],[107.73196,11.36033],[107.73441,11.36004],[107.73666,11.36133],[107.73723,11.36637],[107.73844,11.36704],[107.74385,11.36677],[107.74599,11.36805],[107.74955,11.36703],[107.75239,11.36897],[107.76982,11.3704],[107.79553,11.37114],[107.79682,11.3724],[107.79718,11.37474],[107.79695,11.37628],[107.7958,11.37715],[107.79693,11.38058],[107.79512,11.38326],[107.79525,11.3858],[107.79862,11.38813],[107.79793,11.39017],[107.79925,11.39258],[107.79781,11.39749],[107.79543,11.39782],[107.79494,11.39967],[107.79216,11.39926],[107.79067,11.40044],[107.78875,11.39866],[107.78478,11.3996],[107.78369,11.39868],[107.78082,11.40031],[107.78058,11.40196],[107.77837,11.40342],[107.77797,11.40521],[107.7761,11.40599],[107.77263,11.4093],[107.77085,11.41331],[107.76693,11.41547],[107.76898,11.41875],[107.76733,11.4247],[107.75511,11.43396]]]}},{"type":"Feature","properties":{"id":"25126","name":"Đạ Tẻh","type":"Xã","area":145.85,"population":30725},"geometry":{"type":"Polygon","coordinates":[[[107.4855,11.70412],[107.48382,11.70589],[107.48481,11.70348],[107.48291,11.70344],[107.48284,11.70153],[107.48051,11.70038],[107.47827,11.7014],[107.47909,11.69832],[107.47696,11.69911],[107.47666,11.69633],[107.47446,11.69778],[107.47417,11.69605],[107.47249,11.69573],[107.4698,11.69937],[107.46609,11.6996],[107.46557,11.699],[107.46646,11.69649],[107.46456,11.69567],[107.46368,11.69142],[107.46219,11.69086],[107.46245,11.68969],[107.46088,11.68878],[107.46097,11.68651],[107.45959,11.68521],[107.46109,11.68331],[107.45873,11.68253],[107.46103,11.67994],[107.46019,11.67826],[107.46275,11.67715],[107.46345,11.6754],[107.46257,11.67427],[107.4606,11.67539],[107.46078,11.67326],[107.4593,11.67179],[107.45989,11.66931],[107.45739,11.66831],[107.45788,11.66623],[107.45657,11.66487],[107.45651,11.66357],[107.45809,11.661],[107.45714,11.66005],[107.45563,11.66048],[107.45677,11.65095],[107.45597,11.64862],[107.45215,11.64509],[107.44817,11.64364],[107.44374,11.63848],[107.44062,11.63703],[107.44032,11.6356],[107.4378,11.63366],[107.4371,11.63399],[107.43578,11.63208],[107.43664,11.63085],[107.43429,11.62934],[107.43618,11.62769],[107.43555,11.62628],[107.43436,11.62622],[107.43354,11.62399],[107.43253,11.62408],[107.43078,11.62222],[107.42828,11.62271],[107.42644,11.61953],[107.42826,11.61683],[107.42977,11.61696],[107.43111,11.61528],[107.42994,11.61277],[107.43027,11.61087],[107.43205,11.61073],[107.4318,11.60965],[107.43259,11.60917],[107.43158,11.60842],[107.43105,11.60891],[107.43025,11.60779],[107.43136,11.60654],[107.43436,11.60625],[107.43494,11.60502],[107.43333,11.60458],[107.43278,11.60312],[107.43212,11.60357],[107.43239,11.60476],[107.43001,11.60469],[107.42926,11.60545],[107.42865,11.60447],[107.42944,11.60119],[107.42619,11.60058],[107.42392,11.59903],[107.42343,11.60018],[107.42259,11.60002],[107.42236,11.5971],[107.42124,11.59676],[107.42298,11.59561],[107.42259,11.59424],[107.42371,11.59339],[107.42268,11.59161],[107.42135,11.59127],[107.42252,11.5896],[107.41925,11.58867],[107.41757,11.58704],[107.41604,11.58396],[107.41632,11.58033],[107.41508,11.57724],[107.41256,11.57541],[107.41025,11.57128],[107.40959,11.56918],[107.41014,11.56687],[107.40643,11.56444],[107.4063,11.56274],[107.40761,11.56099],[107.40567,11.55659],[107.40925,11.55402],[107.40829,11.55122],[107.41004,11.54885],[107.40708,11.54718],[107.40607,11.54478],[107.40316,11.54217],[107.39955,11.54107],[107.39913,11.53729],[107.39751,11.53645],[107.39665,11.53413],[107.39662,11.53312],[107.39909,11.53294],[107.40138,11.53108],[107.4018,11.52971],[107.40994,11.52816],[107.41219,11.51843],[107.41419,11.51576],[107.42047,11.51084],[107.42564,11.51671],[107.42934,11.51906],[107.43034,11.519],[107.43288,11.51553],[107.43212,11.51288],[107.43256,11.51227],[107.43733,11.51237],[107.4414,11.51654],[107.44111,11.50999],[107.44288,11.50942],[107.44825,11.50441],[107.45316,11.50167],[107.45534,11.49147],[107.46144,11.48955],[107.46734,11.48179],[107.47054,11.47975],[107.47501,11.48388],[107.47779,11.48463],[107.47895,11.48423],[107.47956,11.48576],[107.48227,11.48684],[107.48343,11.49059],[107.48693,11.4949],[107.48602,11.496],[107.48715,11.49784],[107.48564,11.49964],[107.486,11.50073],[107.49098,11.50142],[107.49112,11.50231],[107.48993,11.50359],[107.49254,11.50395],[107.49276,11.50572],[107.4946,11.50818],[107.49316,11.50917],[107.49458,11.51192],[107.4948,11.51067],[107.49602,11.51066],[107.49609,11.51174],[107.49856,11.51421],[107.49865,11.5156],[107.50204,11.51941],[107.49928,11.52013],[107.49913,11.52125],[107.50013,11.52186],[107.49925,11.52275],[107.50039,11.52274],[107.50054,11.52338],[107.5017,11.52293],[107.5009,11.52533],[107.502,11.52647],[107.50299,11.52622],[107.50309,11.52704],[107.50229,11.52742],[107.50452,11.52911],[107.50461,11.53024],[107.50643,11.52969],[107.50624,11.53417],[107.50681,11.53514],[107.50688,11.53432],[107.50797,11.53517],[107.50629,11.5361],[107.50917,11.53697],[107.5082,11.53893],[107.5068,11.53855],[107.5068,11.54022],[107.5084,11.53993],[107.5094,11.54046],[107.50913,11.54112],[107.51083,11.54119],[107.5111,11.54621],[107.5127,11.54841],[107.51055,11.54943],[107.50466,11.54685],[107.50282,11.54678],[107.50391,11.54767],[107.50349,11.54862],[107.50483,11.54904],[107.50452,11.54988],[107.50557,11.5505],[107.50535,11.55202],[107.50061,11.55216],[107.4991,11.55332],[107.49676,11.55727],[107.49755,11.5578],[107.49636,11.55887],[107.49592,11.56093],[107.4934,11.56115],[107.49345,11.56243],[107.49119,11.56571],[107.4864,11.56668],[107.48399,11.56804],[107.48092,11.56657],[107.47928,11.56736],[107.47842,11.56594],[107.47671,11.56596],[107.47584,11.56445],[107.47367,11.56452],[107.47184,11.56242],[107.47145,11.56383],[107.46917,11.56526],[107.46844,11.56836],[107.46606,11.56774],[107.46462,11.56876],[107.46588,11.57016],[107.46506,11.57126],[107.46655,11.57199],[107.46547,11.57311],[107.4675,11.57524],[107.46561,11.57749],[107.46777,11.57797],[107.46544,11.57973],[107.4682,11.57958],[107.46872,11.58026],[107.46561,11.58211],[107.46559,11.58453],[107.46404,11.58383],[107.46267,11.58524],[107.46241,11.58607],[107.46359,11.58588],[107.46429,11.58671],[107.46159,11.5893],[107.46346,11.59101],[107.46083,11.59219],[107.4608,11.59299],[107.46217,11.59377],[107.46073,11.59412],[107.46042,11.59509],[107.46181,11.59535],[107.46169,11.59681],[107.46444,11.59618],[107.46713,11.59822],[107.46829,11.60341],[107.47236,11.60813],[107.47383,11.60753],[107.47476,11.60923],[107.47718,11.60903],[107.4774,11.61036],[107.47567,11.61333],[107.47678,11.61336],[107.478,11.61172],[107.48005,11.61389],[107.48062,11.61261],[107.48147,11.61266],[107.48189,11.61502],[107.48018,11.61554],[107.48013,11.61828],[107.48211,11.61925],[107.48165,11.62059],[107.48351,11.62282],[107.48346,11.62415],[107.48456,11.62423],[107.48671,11.62648],[107.4863,11.62805],[107.48508,11.62868],[107.4866,11.6296],[107.48573,11.63052],[107.48698,11.63095],[107.48602,11.63193],[107.48708,11.63252],[107.48589,11.63464],[107.48394,11.63572],[107.48595,11.6369],[107.4856,11.63776],[107.48441,11.6378],[107.48441,11.63861],[107.48615,11.63844],[107.4871,11.63971],[107.48516,11.6401],[107.48291,11.64735],[107.4851,11.64866],[107.48467,11.65033],[107.48737,11.65096],[107.48752,11.65209],[107.48493,11.65367],[107.48841,11.65534],[107.4872,11.65742],[107.48948,11.65709],[107.48905,11.65892],[107.492,11.66147],[107.49209,11.66423],[107.49638,11.66184],[107.4971,11.66321],[107.50029,11.66103],[107.50082,11.65971],[107.50308,11.65917],[107.50385,11.66093],[107.50306,11.661],[107.50354,11.66272],[107.50492,11.66314],[107.50558,11.66524],[107.50455,11.66581],[107.50521,11.66754],[107.5077,11.66772],[107.50837,11.67119],[107.51072,11.67231],[107.51076,11.6743],[107.51336,11.67473],[107.5138,11.67566],[107.51283,11.67666],[107.51507,11.67743],[107.51549,11.67852],[107.51383,11.68044],[107.51425,11.6837],[107.513,11.69094],[107.514,11.69291],[107.51045,11.69379],[107.50711,11.69201],[107.50319,11.69474],[107.50055,11.69184],[107.4987,11.69112],[107.48842,11.69981],[107.4855,11.70412]]]}},{"type":"Feature","properties":{"id":"25138","name":"Đạ Tẻh 2","type":"Xã","area":186.07,"population":14590},"geometry":{"type":"Polygon","coordinates":[[[107.6404,11.6441],[107.6399,11.64482],[107.63815,11.64465],[107.63679,11.64119],[107.63496,11.6412],[107.63497,11.63947],[107.63369,11.63833],[107.6343,11.63576],[107.62974,11.63696],[107.62834,11.63305],[107.62647,11.63548],[107.62419,11.63626],[107.62402,11.63773],[107.62228,11.6366],[107.62217,11.63465],[107.61982,11.63546],[107.61761,11.63477],[107.6162,11.63555],[107.6153,11.63521],[107.61685,11.63303],[107.61516,11.63074],[107.61511,11.62834],[107.61365,11.62891],[107.61277,11.62807],[107.61416,11.6266],[107.6143,11.62356],[107.61516,11.62215],[107.6146,11.62038],[107.61119,11.6162],[107.61456,11.61621],[107.61534,11.6152],[107.61534,11.61423],[107.61187,11.61379],[107.61333,11.61105],[107.60844,11.61183],[107.60549,11.60853],[107.60667,11.60682],[107.6036,11.60549],[107.59677,11.60456],[107.59799,11.60229],[107.59996,11.60112],[107.60022,11.59972],[107.59401,11.59886],[107.5931,11.5994],[107.59267,11.59841],[107.59465,11.59615],[107.59447,11.59473],[107.58868,11.59305],[107.58471,11.5861],[107.5827,11.58482],[107.58199,11.58267],[107.57865,11.57944],[107.57166,11.57735],[107.56907,11.57137],[107.56499,11.5699],[107.56867,11.56809],[107.5672,11.56811],[107.5677,11.56715],[107.56652,11.56644],[107.56578,11.56728],[107.56447,11.56661],[107.56349,11.56857],[107.56249,11.568],[107.5636,11.5657],[107.56199,11.56676],[107.56115,11.56544],[107.56211,11.56466],[107.56191,11.56385],[107.56112,11.56423],[107.56087,11.56327],[107.55965,11.5632],[107.55981,11.56195],[107.55877,11.56244],[107.55833,11.56119],[107.55913,11.56097],[107.55775,11.56048],[107.55861,11.55924],[107.55763,11.55722],[107.55506,11.55888],[107.55545,11.55974],[107.55469,11.56014],[107.55835,11.565],[107.55578,11.56438],[107.55586,11.56309],[107.55441,11.56395],[107.55476,11.5624],[107.5529,11.5611],[107.55316,11.56225],[107.5517,11.56201],[107.55249,11.56372],[107.55047,11.56268],[107.55026,11.55977],[107.54837,11.55778],[107.54894,11.56099],[107.54561,11.56415],[107.5406,11.56485],[107.53891,11.56377],[107.53759,11.56595],[107.53678,11.56499],[107.53546,11.56492],[107.53311,11.56723],[107.53123,11.56757],[107.53091,11.56612],[107.53186,11.56555],[107.53116,11.56368],[107.52933,11.56421],[107.52829,11.56357],[107.52918,11.5621],[107.53136,11.56205],[107.53199,11.56099],[107.5293,11.56006],[107.52903,11.55618],[107.52763,11.55441],[107.52957,11.55322],[107.52935,11.55078],[107.53037,11.54978],[107.52828,11.54902],[107.527,11.54508],[107.52917,11.54436],[107.53014,11.54249],[107.53033,11.54025],[107.52951,11.53807],[107.52737,11.53697],[107.52755,11.53571],[107.52626,11.5365],[107.52565,11.53476],[107.52468,11.53569],[107.52301,11.53254],[107.52063,11.53396],[107.51836,11.5327],[107.51831,11.53142],[107.51698,11.53123],[107.51687,11.53019],[107.51516,11.5307],[107.51447,11.52839],[107.51267,11.52799],[107.51022,11.52916],[107.51139,11.5271],[107.5105,11.52558],[107.51262,11.52416],[107.51213,11.52337],[107.51312,11.52259],[107.51176,11.52167],[107.51288,11.52056],[107.51087,11.52016],[107.51217,11.51694],[107.5108,11.51774],[107.51022,11.51654],[107.509,11.51703],[107.50871,11.51804],[107.50695,11.51745],[107.5045,11.52001],[107.50077,11.5184],[107.49753,11.51266],[107.49609,11.51174],[107.49602,11.51066],[107.4948,11.51067],[107.49458,11.51192],[107.49316,11.50917],[107.4946,11.50818],[107.49276,11.50572],[107.49254,11.50395],[107.48993,11.50359],[107.49112,11.50231],[107.49098,11.50142],[107.486,11.50073],[107.48564,11.49964],[107.48715,11.49784],[107.48602,11.496],[107.48693,11.4949],[107.48343,11.49059],[107.48226,11.48682],[107.47956,11.48576],[107.47895,11.48423],[107.47779,11.48463],[107.47501,11.48388],[107.47054,11.47975],[107.47215,11.47781],[107.47152,11.47579],[107.47029,11.47571],[107.46826,11.47739],[107.46642,11.47738],[107.46141,11.47252],[107.46096,11.46888],[107.46258,11.46324],[107.451,11.45861],[107.44882,11.45637],[107.44847,11.45177],[107.44534,11.44704],[107.44055,11.44615],[107.43659,11.44223],[107.43445,11.44247],[107.43202,11.44029],[107.43038,11.44032],[107.42891,11.43641],[107.4313,11.43317],[107.42975,11.43017],[107.43047,11.42517],[107.43482,11.42764],[107.43703,11.43051],[107.44209,11.43199],[107.44711,11.4282],[107.44643,11.42605],[107.44377,11.42382],[107.44383,11.41942],[107.45383,11.42012],[107.45588,11.42283],[107.45246,11.42398],[107.45305,11.42771],[107.45222,11.42936],[107.45339,11.43154],[107.45677,11.43016],[107.46221,11.43162],[107.46544,11.43428],[107.46928,11.43422],[107.47169,11.43646],[107.47462,11.43588],[107.47602,11.43812],[107.47805,11.43776],[107.47938,11.43836],[107.47959,11.44197],[107.48215,11.44429],[107.48105,11.44688],[107.48189,11.44799],[107.48216,11.45359],[107.48099,11.45451],[107.48133,11.45504],[107.48012,11.45687],[107.47908,11.45735],[107.48249,11.45847],[107.48425,11.46225],[107.48939,11.46397],[107.48978,11.46528],[107.49393,11.46807],[107.49502,11.46989],[107.49502,11.47171],[107.49765,11.4729],[107.4999,11.47319],[107.50282,11.47186],[107.50421,11.47217],[107.50623,11.47458],[107.5109,11.47249],[107.51458,11.47369],[107.52829,11.46834],[107.54476,11.47316],[107.54777,11.47729],[107.54985,11.47859],[107.55261,11.47985],[107.5549,11.47937],[107.55718,11.4812],[107.56029,11.48208],[107.56199,11.48602],[107.56555,11.48813],[107.56886,11.48879],[107.5698,11.49051],[107.57581,11.4954],[107.58023,11.49546],[107.5835,11.49734],[107.58194,11.49981],[107.5838,11.50305],[107.58423,11.50695],[107.58818,11.50985],[107.59048,11.51003],[107.59307,11.51151],[107.59911,11.516],[107.60145,11.51917],[107.60399,11.51974],[107.60578,11.52143],[107.61522,11.52499],[107.61803,11.5268],[107.61871,11.52981],[107.62063,11.53175],[107.62146,11.53565],[107.62436,11.53906],[107.62529,11.5419],[107.62752,11.54344],[107.63133,11.54317],[107.63577,11.54713],[107.64041,11.54989],[107.64231,11.55357],[107.64507,11.5565],[107.6443,11.55928],[107.64751,11.56241],[107.64913,11.56362],[107.65221,11.5626],[107.65784,11.56249],[107.65739,11.56389],[107.65589,11.56492],[107.65555,11.56709],[107.65311,11.56742],[107.65558,11.57078],[107.6535,11.57249],[107.65138,11.57247],[107.65071,11.57721],[107.6581,11.57742],[107.65892,11.57942],[107.66103,11.58058],[107.66803,11.58099],[107.66518,11.58293],[107.66504,11.58393],[107.66575,11.58559],[107.66806,11.5875],[107.66787,11.59121],[107.6733,11.59437],[107.67307,11.59984],[107.67151,11.59945],[107.66821,11.60038],[107.66592,11.60263],[107.66423,11.60279],[107.66019,11.60654],[107.65936,11.60929],[107.66033,11.61131],[107.65883,11.61396],[107.66046,11.6173],[107.6605,11.61963],[107.65848,11.62305],[107.65881,11.6255],[107.65716,11.62993],[107.65754,11.63255],[107.65636,11.63918],[107.65201,11.64103],[107.64872,11.64386],[107.64567,11.64462],[107.64219,11.64353],[107.6404,11.6441]]]}},{"type":"Feature","properties":{"id":"25135","name":"Đạ Tẻh 3","type":"Xã","area":194.82,"population":11678},"geometry":{"type":"Polygon","coordinates":[[[107.54302,11.69124],[107.54154,11.69299],[107.53842,11.69349],[107.53552,11.6958],[107.52518,11.69199],[107.52397,11.69051],[107.51517,11.69301],[107.51367,11.69256],[107.513,11.69094],[107.51425,11.6837],[107.51383,11.68044],[107.51545,11.67913],[107.51534,11.67795],[107.51283,11.67666],[107.5138,11.67566],[107.51336,11.67473],[107.51076,11.6743],[107.51072,11.67231],[107.50837,11.67119],[107.5077,11.66772],[107.50521,11.66754],[107.50455,11.66581],[107.50558,11.66524],[107.50492,11.66314],[107.50354,11.66272],[107.50306,11.661],[107.50385,11.66093],[107.50308,11.65917],[107.50082,11.65971],[107.50029,11.66103],[107.4971,11.66321],[107.49638,11.66184],[107.49209,11.66423],[107.492,11.66147],[107.48905,11.65892],[107.48948,11.65709],[107.4872,11.65742],[107.48841,11.65534],[107.48493,11.65367],[107.48752,11.65209],[107.48737,11.65096],[107.48467,11.65033],[107.4851,11.64866],[107.48291,11.64735],[107.48516,11.6401],[107.4871,11.63971],[107.48615,11.63844],[107.48441,11.63861],[107.48441,11.6378],[107.4856,11.63776],[107.48595,11.6369],[107.48394,11.63572],[107.48589,11.63464],[107.48708,11.63252],[107.48602,11.63193],[107.48698,11.63095],[107.48573,11.63052],[107.4866,11.6296],[107.48508,11.62868],[107.4863,11.62805],[107.48671,11.62648],[107.48456,11.62423],[107.48346,11.62415],[107.48351,11.62282],[107.48165,11.62059],[107.48211,11.61925],[107.48013,11.61828],[107.48018,11.61554],[107.48189,11.61502],[107.48138,11.61249],[107.48005,11.61389],[107.478,11.61172],[107.47678,11.61336],[107.47567,11.61333],[107.4774,11.61036],[107.47718,11.60903],[107.47476,11.60923],[107.47383,11.60753],[107.47236,11.60813],[107.46829,11.60341],[107.46713,11.59822],[107.46444,11.59618],[107.46169,11.59681],[107.46181,11.59535],[107.46037,11.59488],[107.46217,11.59377],[107.4608,11.59299],[107.46083,11.59219],[107.46346,11.59101],[107.46159,11.5893],[107.46429,11.58671],[107.46359,11.58588],[107.46241,11.58607],[107.46267,11.58524],[107.46404,11.58383],[107.46559,11.58453],[107.46561,11.58211],[107.46872,11.58026],[107.4682,11.57958],[107.46544,11.57973],[107.46777,11.57797],[107.46561,11.57749],[107.4675,11.57524],[107.46547,11.57311],[107.46655,11.57199],[107.46498,11.5711],[107.46588,11.57016],[107.4647,11.56929],[107.46493,11.56822],[107.4671,11.56773],[107.46844,11.56836],[107.46917,11.56526],[107.47145,11.56383],[107.47184,11.56242],[107.47367,11.56452],[107.47584,11.56445],[107.47671,11.56596],[107.47842,11.56594],[107.47928,11.56736],[107.48092,11.56657],[107.48399,11.56804],[107.4864,11.56668],[107.49119,11.56571],[107.49345,11.56243],[107.4934,11.56115],[107.49592,11.56093],[107.49636,11.55887],[107.49755,11.5578],[107.49676,11.55727],[107.4991,11.55332],[107.50061,11.55216],[107.50535,11.55202],[107.50557,11.5505],[107.50452,11.54988],[107.50483,11.54904],[107.50349,11.54862],[107.50391,11.54767],[107.50282,11.54678],[107.50466,11.54685],[107.51055,11.54943],[107.5127,11.54841],[107.5111,11.54621],[107.51083,11.54119],[107.50913,11.54112],[107.5094,11.54046],[107.5084,11.53993],[107.5068,11.54022],[107.5068,11.53855],[107.5082,11.53893],[107.50917,11.53697],[107.50629,11.5361],[107.50797,11.53517],[107.50688,11.53432],[107.50681,11.53514],[107.50624,11.53417],[107.50649,11.52982],[107.50438,11.52998],[107.50452,11.52911],[107.50228,11.5274],[107.50301,11.52624],[107.502,11.52647],[107.5009,11.52533],[107.5017,11.52293],[107.49929,11.52284],[107.50013,11.52186],[107.49908,11.52114],[107.49931,11.52009],[107.50198,11.51929],[107.50382,11.5192],[107.50469,11.51996],[107.50691,11.51747],[107.50876,11.51803],[107.509,11.51703],[107.5103,11.51652],[107.51078,11.51773],[107.51223,11.51701],[107.51084,11.51896],[107.51087,11.52016],[107.51288,11.52056],[107.51176,11.52167],[107.51312,11.52255],[107.51213,11.52337],[107.51262,11.52416],[107.5105,11.52558],[107.51139,11.5271],[107.5102,11.52913],[107.51267,11.52799],[107.51447,11.52839],[107.51516,11.5307],[107.51687,11.53019],[107.51698,11.53123],[107.51831,11.53142],[107.51836,11.5327],[107.52063,11.53396],[107.52301,11.53254],[107.52468,11.53569],[107.52558,11.53474],[107.5263,11.53653],[107.52762,11.53575],[107.52734,11.53693],[107.52951,11.53807],[107.53017,11.53949],[107.52937,11.54409],[107.527,11.54508],[107.52828,11.54902],[107.53037,11.54978],[107.52935,11.55078],[107.52957,11.55322],[107.52763,11.55441],[107.52903,11.55618],[107.5293,11.56006],[107.53199,11.56099],[107.53136,11.56205],[107.52918,11.5621],[107.52829,11.56357],[107.52933,11.56421],[107.53116,11.56368],[107.53186,11.56555],[107.53091,11.56612],[107.53123,11.56757],[107.53311,11.56723],[107.53546,11.56492],[107.53678,11.56499],[107.53759,11.56595],[107.53891,11.56377],[107.5406,11.56485],[107.54561,11.56415],[107.54894,11.56099],[107.54837,11.55778],[107.55026,11.55977],[107.55047,11.56268],[107.55249,11.56372],[107.5517,11.56201],[107.55316,11.56225],[107.5529,11.5611],[107.55476,11.5624],[107.55441,11.56395],[107.55586,11.56309],[107.55578,11.56438],[107.55835,11.565],[107.55469,11.56014],[107.55545,11.55974],[107.55506,11.55888],[107.55763,11.55722],[107.55861,11.55924],[107.55775,11.56048],[107.55913,11.56097],[107.55833,11.56119],[107.55877,11.56244],[107.55981,11.56195],[107.55965,11.5632],[107.56087,11.56327],[107.56112,11.56423],[107.56191,11.56385],[107.56211,11.56466],[107.56115,11.56544],[107.56199,11.56676],[107.5636,11.5657],[107.56249,11.568],[107.56349,11.56857],[107.56447,11.56661],[107.56578,11.56728],[107.56652,11.56644],[107.5677,11.56715],[107.5672,11.56811],[107.56867,11.56809],[107.56499,11.5699],[107.56907,11.57137],[107.57166,11.57735],[107.57865,11.57944],[107.58199,11.58267],[107.5827,11.58482],[107.58471,11.5861],[107.58868,11.59305],[107.59447,11.59473],[107.59465,11.59615],[107.59267,11.59841],[107.5931,11.5994],[107.59401,11.59886],[107.60022,11.59972],[107.59996,11.60112],[107.59799,11.60229],[107.59677,11.60456],[107.6036,11.60549],[107.60667,11.60682],[107.60549,11.60853],[107.60844,11.61183],[107.61333,11.61105],[107.61187,11.61379],[107.61534,11.61423],[107.61534,11.6152],[107.61456,11.61621],[107.61119,11.6162],[107.6146,11.62038],[107.61516,11.62215],[107.6143,11.62356],[107.61416,11.6266],[107.61277,11.62807],[107.61365,11.62891],[107.61511,11.62834],[107.61516,11.63074],[107.61685,11.63303],[107.6153,11.63521],[107.6162,11.63555],[107.61761,11.63477],[107.61982,11.63546],[107.62217,11.63465],[107.62228,11.6366],[107.62402,11.63773],[107.62419,11.63626],[107.62647,11.63548],[107.6283,11.63305],[107.62974,11.63696],[107.63424,11.63572],[107.63369,11.63833],[107.63497,11.63947],[107.63496,11.6412],[107.63676,11.64116],[107.63787,11.64444],[107.64053,11.64481],[107.64064,11.64596],[107.64194,11.64685],[107.64124,11.6474],[107.63896,11.646],[107.63751,11.64732],[107.63853,11.64989],[107.64055,11.6501],[107.6391,11.65195],[107.64101,11.65466],[107.64111,11.65629],[107.64226,11.65642],[107.64339,11.65521],[107.64376,11.65597],[107.64401,11.65777],[107.63961,11.65995],[107.63449,11.65986],[107.62155,11.66473],[107.6195,11.66834],[107.60685,11.67137],[107.60429,11.67393],[107.59763,11.6764],[107.59643,11.67869],[107.58349,11.67851],[107.57852,11.68289],[107.57605,11.68319],[107.57447,11.68539],[107.57015,11.68145],[107.56946,11.68205],[107.5713,11.68432],[107.57059,11.68472],[107.56915,11.68504],[107.5691,11.68388],[107.56716,11.68316],[107.56552,11.68469],[107.56535,11.68594],[107.56371,11.68544],[107.56058,11.68828],[107.5592,11.68787],[107.5549,11.68966],[107.55421,11.68838],[107.55295,11.6884],[107.55246,11.69315],[107.55082,11.69439],[107.54554,11.69307],[107.54302,11.69124]]]}},{"type":"Feature","properties":{"id":"24670","name":"Đắk Mil","type":"Xã","area":213.76,"population":31579},"geometry":{"type":"Polygon","coordinates":[[[107.697,12.62866],[107.69575,12.62884],[107.69528,12.62683],[107.69648,12.62219],[107.69477,12.61992],[107.69612,12.61703],[107.69561,12.61639],[107.69417,12.61663],[107.69474,12.6144],[107.69364,12.61255],[107.69451,12.61123],[107.69362,12.61089],[107.69412,12.60667],[107.6928,12.60591],[107.69479,12.60232],[107.6934,12.60023],[107.69213,12.60015],[107.69197,12.59706],[107.68949,12.59437],[107.68957,12.59342],[107.69148,12.59261],[107.69066,12.59132],[107.68828,12.59029],[107.69075,12.59021],[107.69148,12.58254],[107.69288,12.58169],[107.69527,12.57773],[107.68928,12.56866],[107.6859,12.56872],[107.68618,12.56654],[107.68485,12.56471],[107.68658,12.56219],[107.68644,12.56091],[107.6848,12.55997],[107.68069,12.56023],[107.67642,12.5553],[107.67263,12.55464],[107.67249,12.55202],[107.66947,12.55189],[107.66693,12.55013],[107.66515,12.54718],[107.66632,12.54169],[107.6642,12.5407],[107.66412,12.53531],[107.66178,12.53513],[107.66136,12.53346],[107.66177,12.53224],[107.66446,12.53127],[107.66605,12.52909],[107.66498,12.52778],[107.66585,12.5267],[107.66579,12.52407],[107.66822,12.51944],[107.66674,12.51819],[107.66716,12.51479],[107.66588,12.51347],[107.66706,12.50888],[107.6685,12.50773],[107.66891,12.50474],[107.67025,12.50394],[107.67224,12.50431],[107.67408,12.5023],[107.67378,12.50053],[107.67531,12.5005],[107.67512,12.49957],[107.67598,12.49889],[107.67474,12.49764],[107.6752,12.4971],[107.67377,12.49667],[107.673,12.49538],[107.67393,12.49191],[107.67703,12.48903],[107.67726,12.48355],[107.68123,12.48299],[107.68309,12.48179],[107.68859,12.48114],[107.68795,12.47945],[107.69058,12.47713],[107.69037,12.47129],[107.69948,12.47638],[107.7048,12.47675],[107.70961,12.4736],[107.71367,12.47896],[107.718,12.47836],[107.72055,12.47911],[107.72355,12.48217],[107.72481,12.48182],[107.72778,12.48274],[107.72865,12.4821],[107.73472,12.48207],[107.73489,12.48133],[107.73558,12.48175],[107.73547,12.48337],[107.73649,12.48395],[107.73573,12.48413],[107.73561,12.48523],[107.7376,12.4858],[107.73788,12.48745],[107.74006,12.4883],[107.74326,12.48803],[107.7428,12.48737],[107.74372,12.48725],[107.74431,12.48812],[107.74517,12.48713],[107.7457,12.48853],[107.74645,12.4876],[107.7474,12.48869],[107.74885,12.48797],[107.751,12.49008],[107.75261,12.49041],[107.75538,12.49358],[107.75641,12.49305],[107.75868,12.4935],[107.76027,12.49235],[107.7615,12.49317],[107.76435,12.49248],[107.76545,12.49336],[107.76754,12.49322],[107.76854,12.49485],[107.77227,12.49648],[107.77425,12.49993],[107.77505,12.50325],[107.77598,12.50362],[107.77613,12.50305],[107.77676,12.50402],[107.7784,12.5031],[107.78065,12.50497],[107.78145,12.50485],[107.78141,12.5039],[107.78172,12.50533],[107.78266,12.5056],[107.78327,12.50553],[107.7833,12.50432],[107.78381,12.50497],[107.78546,12.50404],[107.78495,12.50243],[107.78591,12.50171],[107.78539,12.50081],[107.78834,12.49981],[107.79006,12.50102],[107.79279,12.49972],[107.79422,12.50176],[107.79632,12.50273],[107.79949,12.50153],[107.79908,12.49941],[107.79967,12.4977],[107.8023,12.49544],[107.80422,12.49235],[107.80561,12.49375],[107.80756,12.49338],[107.80828,12.49227],[107.81084,12.49207],[107.81148,12.49298],[107.81297,12.49156],[107.81463,12.49147],[107.81466,12.49561],[107.8166,12.50048],[107.81525,12.50174],[107.81641,12.50142],[107.81762,12.5023],[107.81906,12.50137],[107.81924,12.50327],[107.82192,12.50152],[107.82554,12.5019],[107.82655,12.50244],[107.82625,12.50399],[107.82827,12.50322],[107.82817,12.50484],[107.82895,12.50518],[107.82931,12.50243],[107.83077,12.50242],[107.82963,12.50155],[107.83091,12.49986],[107.83376,12.50017],[107.83438,12.49926],[107.83608,12.49912],[107.83697,12.50044],[107.84058,12.50062],[107.84147,12.50379],[107.84363,12.50354],[107.84361,12.50508],[107.8446,12.50555],[107.8445,12.50631],[107.8432,12.50646],[107.84343,12.50806],[107.84833,12.51218],[107.84896,12.51389],[107.84979,12.51419],[107.85104,12.51316],[107.85065,12.51662],[107.85223,12.5146],[107.85333,12.5148],[107.85359,12.51656],[107.8528,12.51855],[107.85033,12.52003],[107.8493,12.51947],[107.84811,12.52064],[107.84713,12.52481],[107.8475,12.52596],[107.84946,12.52594],[107.85107,12.52749],[107.85311,12.52664],[107.85461,12.52871],[107.85647,12.52926],[107.85728,12.53162],[107.8609,12.5323],[107.86135,12.53461],[107.86259,12.53507],[107.86661,12.54207],[107.86615,12.54366],[107.86712,12.54294],[107.86789,12.54376],[107.86864,12.54703],[107.86735,12.5468],[107.86296,12.54864],[107.86201,12.55045],[107.85835,12.55158],[107.85695,12.55366],[107.85572,12.55865],[107.85407,12.55916],[107.8516,12.55805],[107.84496,12.55816],[107.84275,12.56065],[107.81617,12.57424],[107.81625,12.575],[107.81413,12.57601],[107.81486,12.57716],[107.81454,12.57837],[107.81311,12.57766],[107.81283,12.57813],[107.81126,12.57659],[107.81017,12.57875],[107.80947,12.57773],[107.80792,12.57865],[107.80847,12.57727],[107.80766,12.57486],[107.80658,12.57565],[107.8038,12.57415],[107.80164,12.5747],[107.80184,12.5753],[107.80035,12.57602],[107.79767,12.57492],[107.79581,12.57625],[107.79612,12.57721],[107.79475,12.57759],[107.79318,12.57605],[107.79282,12.57376],[107.78942,12.57831],[107.78279,12.58044],[107.78249,12.58255],[107.77526,12.59305],[107.77572,12.59421],[107.76858,12.59916],[107.76652,12.59942],[107.76524,12.59826],[107.7644,12.59849],[107.76404,12.59759],[107.76368,12.59814],[107.76221,12.59736],[107.76154,12.59838],[107.75998,12.59753],[107.75006,12.60072],[107.74802,12.6039],[107.73594,12.61203],[107.72785,12.61411],[107.72157,12.61362],[107.71229,12.6171],[107.70772,12.61988],[107.70414,12.62512],[107.69948,12.62663],[107.69849,12.62841],[107.697,12.62866]]]}},{"type":"Feature","properties":{"id":"24678","name":"Đắk Sắk","type":"Xã","area":99,"population":28058},"geometry":{"type":"Polygon","coordinates":[[[107.78324,12.50532],[107.78178,12.50539],[107.78141,12.5039],[107.78145,12.50485],[107.78059,12.50496],[107.78029,12.50405],[107.77877,12.50387],[107.7784,12.5031],[107.77676,12.50402],[107.77613,12.50305],[107.77598,12.50362],[107.77505,12.50325],[107.77425,12.49993],[107.77227,12.49648],[107.76854,12.49485],[107.76754,12.49322],[107.76545,12.49336],[107.76435,12.49248],[107.7615,12.49317],[107.76027,12.49235],[107.75868,12.4935],[107.75641,12.49305],[107.75538,12.49358],[107.75261,12.49041],[107.751,12.49008],[107.74885,12.48797],[107.7474,12.48869],[107.74645,12.4876],[107.7457,12.48853],[107.74517,12.48713],[107.74431,12.48812],[107.74372,12.48725],[107.7428,12.48737],[107.74326,12.48803],[107.74006,12.4883],[107.73788,12.48745],[107.7376,12.4858],[107.73561,12.48523],[107.73573,12.48413],[107.73649,12.48395],[107.73547,12.48337],[107.73558,12.48175],[107.73424,12.47978],[107.73473,12.47231],[107.73394,12.47129],[107.73224,12.47129],[107.7325,12.46988],[107.73155,12.46878],[107.7314,12.4666],[107.72782,12.46509],[107.72523,12.46678],[107.72478,12.46564],[107.72277,12.46528],[107.72203,12.4641],[107.72062,12.46431],[107.71989,12.46309],[107.71555,12.46286],[107.7149,12.46353],[107.71383,12.46221],[107.71294,12.4632],[107.70949,12.46354],[107.70496,12.46216],[107.70416,12.46088],[107.70188,12.46041],[107.70131,12.45751],[107.693,12.4466],[107.69177,12.44645],[107.69026,12.44747],[107.68583,12.44414],[107.68555,12.44486],[107.67874,12.44347],[107.6779,12.44404],[107.67178,12.44376],[107.66982,12.43837],[107.66786,12.43827],[107.66574,12.43933],[107.66273,12.43471],[107.66086,12.43441],[107.65986,12.43214],[107.65837,12.43278],[107.6521,12.42482],[107.65252,12.42154],[107.6576,12.42311],[107.65844,12.42211],[107.66037,12.42168],[107.66271,12.41875],[107.67325,12.41593],[107.67078,12.40643],[107.66856,12.40165],[107.66473,12.39798],[107.66493,12.39629],[107.66877,12.39398],[107.6702,12.39505],[107.67738,12.39531],[107.68195,12.39717],[107.68371,12.39648],[107.68959,12.39689],[107.69305,12.39088],[107.6937,12.38446],[107.6953,12.38135],[107.69948,12.37846],[107.70001,12.37961],[107.70269,12.38128],[107.70349,12.38299],[107.70787,12.38533],[107.70858,12.38769],[107.71041,12.38816],[107.71013,12.38906],[107.71219,12.39358],[107.71383,12.39449],[107.71326,12.39555],[107.71459,12.39577],[107.71492,12.39665],[107.7143,12.39688],[107.71536,12.39749],[107.71447,12.39807],[107.71481,12.399],[107.71406,12.39886],[107.71461,12.40092],[107.71341,12.40241],[107.71388,12.40358],[107.71314,12.40386],[107.7144,12.40738],[107.71743,12.40845],[107.71873,12.40799],[107.72001,12.40913],[107.72141,12.40836],[107.72496,12.41074],[107.72714,12.41047],[107.72797,12.4151],[107.72963,12.41367],[107.73307,12.41586],[107.73413,12.41512],[107.73425,12.41567],[107.74004,12.41609],[107.74375,12.41371],[107.74508,12.41777],[107.74437,12.42045],[107.74595,12.42449],[107.7476,12.42391],[107.7499,12.42721],[107.75168,12.42731],[107.75108,12.42793],[107.75207,12.42861],[107.75208,12.43036],[107.74934,12.43774],[107.75259,12.44121],[107.75413,12.44591],[107.75646,12.44873],[107.75624,12.45155],[107.75933,12.45458],[107.76232,12.45539],[107.76817,12.46123],[107.77379,12.46255],[107.77849,12.46966],[107.78361,12.46954],[107.79051,12.47335],[107.79478,12.47233],[107.79538,12.47365],[107.79787,12.47335],[107.79929,12.47426],[107.80096,12.47045],[107.80377,12.47146],[107.80506,12.47073],[107.80614,12.47172],[107.80857,12.47103],[107.80957,12.47161],[107.81044,12.4708],[107.81133,12.4718],[107.81332,12.47108],[107.81427,12.46984],[107.81551,12.4705],[107.81638,12.46992],[107.81946,12.47142],[107.82093,12.47053],[107.82284,12.47057],[107.82527,12.47203],[107.82758,12.47099],[107.8296,12.4721],[107.83031,12.47122],[107.83342,12.47257],[107.83536,12.47458],[107.83392,12.48398],[107.83264,12.48458],[107.83196,12.48606],[107.83276,12.48918],[107.83083,12.48979],[107.82926,12.49219],[107.82193,12.4919],[107.82167,12.49289],[107.82244,12.49342],[107.82124,12.49325],[107.82063,12.49443],[107.81944,12.49414],[107.82003,12.4949],[107.81911,12.49532],[107.81947,12.49631],[107.81868,12.49708],[107.81919,12.49794],[107.82066,12.49733],[107.82142,12.49886],[107.81946,12.49879],[107.81882,12.49939],[107.81943,12.49996],[107.81532,12.50178],[107.8166,12.50048],[107.81464,12.49549],[107.81493,12.49159],[107.81317,12.49147],[107.81148,12.49298],[107.81084,12.49207],[107.80828,12.49227],[107.80756,12.49338],[107.80561,12.49375],[107.80422,12.49235],[107.8023,12.49544],[107.79967,12.4977],[107.79908,12.49941],[107.79949,12.50153],[107.79632,12.50273],[107.79422,12.50176],[107.79279,12.49972],[107.79006,12.50102],[107.78834,12.49981],[107.78539,12.50081],[107.78591,12.50171],[107.78495,12.50243],[107.78546,12.50404],[107.78381,12.50497],[107.7833,12.50432],[107.78324,12.50532]]]}},{"type":"Feature","properties":{"id":"24718","name":"Đắk song","type":"Xã","area":193.19,"population":12701},"geometry":{"type":"Polygon","coordinates":[[[107.65851,12.42208],[107.6576,12.42311],[107.65046,12.42142],[107.64769,12.4149],[107.64495,12.41394],[107.64425,12.41049],[107.64207,12.40841],[107.6411,12.40588],[107.63899,12.40431],[107.63956,12.40238],[107.63907,12.39726],[107.63216,12.39469],[107.62935,12.39261],[107.63072,12.38992],[107.63037,12.38805],[107.63147,12.38539],[107.62685,12.38015],[107.62659,12.37347],[107.62442,12.37039],[107.62503,12.3686],[107.62272,12.36899],[107.61497,12.36491],[107.60235,12.35121],[107.60163,12.34973],[107.60371,12.34293],[107.60306,12.33914],[107.60053,12.33289],[107.60012,12.32862],[107.60183,12.3266],[107.60516,12.32522],[107.60612,12.32287],[107.60917,12.32312],[107.6145,12.32045],[107.61955,12.31671],[107.62181,12.31346],[107.62372,12.31304],[107.6279,12.31612],[107.63,12.31555],[107.63043,12.31325],[107.63282,12.31195],[107.63422,12.30665],[107.63841,12.30546],[107.63892,12.3045],[107.64009,12.30634],[107.64093,12.3063],[107.64241,12.30463],[107.64268,12.30198],[107.64389,12.30345],[107.64601,12.303],[107.64818,12.30102],[107.64765,12.29887],[107.65118,12.29488],[107.65148,12.29355],[107.6534,12.29311],[107.65663,12.2939],[107.66168,12.2924],[107.66228,12.29112],[107.664,12.29181],[107.66608,12.29153],[107.6667,12.28952],[107.66913,12.28828],[107.66901,12.28462],[107.67601,12.27502],[107.67894,12.26882],[107.68416,12.2637],[107.68664,12.26293],[107.69624,12.2531],[107.69643,12.2519],[107.69734,12.25256],[107.69897,12.252],[107.70035,12.24981],[107.70145,12.24526],[107.7065,12.24176],[107.7087,12.24131],[107.71174,12.23618],[107.71526,12.23446],[107.71597,12.23361],[107.7152,12.23061],[107.71614,12.22724],[107.72558,12.23395],[107.72832,12.23448],[107.73147,12.23629],[107.7418,12.23501],[107.75357,12.23976],[107.75489,12.24092],[107.75545,12.24383],[107.75796,12.24763],[107.75828,12.25152],[107.76215,12.25441],[107.76607,12.26032],[107.76644,12.26203],[107.76452,12.26594],[107.76586,12.2676],[107.7722,12.26744],[107.77518,12.26891],[107.78335,12.26708],[107.78527,12.26783],[107.78566,12.27193],[107.77756,12.27756],[107.77696,12.27878],[107.76376,12.28293],[107.75459,12.28492],[107.75225,12.28617],[107.75422,12.28988],[107.75347,12.29376],[107.75605,12.30071],[107.75517,12.30153],[107.75584,12.30347],[107.75501,12.30694],[107.7556,12.3078],[107.75387,12.30824],[107.75308,12.30981],[107.75061,12.31091],[107.74403,12.31826],[107.74058,12.31997],[107.73825,12.32005],[107.73535,12.32197],[107.7338,12.32494],[107.73083,12.32517],[107.72685,12.32896],[107.72657,12.33178],[107.72818,12.33564],[107.72762,12.33783],[107.72836,12.33964],[107.72545,12.34555],[107.7238,12.35807],[107.72544,12.36086],[107.72424,12.367],[107.71976,12.36883],[107.71412,12.36801],[107.71275,12.36681],[107.71045,12.36918],[107.70441,12.37294],[107.69948,12.37846],[107.6953,12.38135],[107.6937,12.38446],[107.69305,12.39088],[107.68959,12.39689],[107.68371,12.39648],[107.68195,12.39717],[107.67738,12.39531],[107.6702,12.39505],[107.66877,12.39398],[107.66523,12.39602],[107.66473,12.39798],[107.66856,12.40165],[107.67078,12.40643],[107.67325,12.41593],[107.66271,12.41875],[107.66037,12.42168],[107.65851,12.42208]]]}},{"type":"Feature","properties":{"id":"24646","name":"Đắk Wil","type":"Xã","area":515.16,"population":24344},"geometry":{"type":"Polygon","coordinates":[[[107.85748,12.80318],[107.85602,12.80668],[107.85429,12.80829],[107.84961,12.81174],[107.84641,12.81236],[107.8436,12.81083],[107.83612,12.80442],[107.83193,12.8022],[107.82758,12.80119],[107.824,12.80201],[107.82319,12.79938],[107.82179,12.79874],[107.8223,12.79658],[107.81995,12.79572],[107.82025,12.79432],[107.81916,12.79384],[107.81937,12.79253],[107.81813,12.78964],[107.81242,12.78909],[107.81113,12.78973],[107.81148,12.78508],[107.80894,12.78505],[107.80708,12.7865],[107.80666,12.7847],[107.80867,12.78459],[107.80848,12.78389],[107.80526,12.78296],[107.80308,12.77999],[107.80099,12.78068],[107.79974,12.7796],[107.79751,12.78024],[107.79617,12.77956],[107.79298,12.78043],[107.78595,12.77864],[107.77993,12.77813],[107.77176,12.77916],[107.77033,12.77862],[107.76556,12.78064],[107.76372,12.77872],[107.76154,12.77849],[107.75265,12.7805],[107.74793,12.78057],[107.7463,12.78178],[107.74723,12.78192],[107.74802,12.7833],[107.7445,12.78471],[107.73168,12.781],[107.72378,12.78544],[107.71413,12.78689],[107.70775,12.78684],[107.70455,12.78841],[107.68889,12.79002],[107.68661,12.78907],[107.68202,12.79134],[107.68186,12.79243],[107.68022,12.79234],[107.68071,12.79061],[107.67992,12.79164],[107.67868,12.79156],[107.67907,12.79453],[107.67623,12.79303],[107.66934,12.79627],[107.66452,12.79611],[107.66322,12.79728],[107.66127,12.79752],[107.66106,12.7985],[107.6444,12.79589],[107.64145,12.79605],[107.63831,12.79834],[107.63766,12.80002],[107.63825,12.80223],[107.63772,12.80262],[107.63568,12.80139],[107.63404,12.80406],[107.62588,12.80204],[107.62269,12.8],[107.6146,12.7992],[107.60784,12.79514],[107.60488,12.79781],[107.60235,12.79811],[107.60152,12.80028],[107.60189,12.80151],[107.60059,12.80243],[107.59883,12.80058],[107.59822,12.8011],[107.59691,12.79988],[107.5953,12.80007],[107.59525,12.79913],[107.59319,12.79789],[107.5929,12.79618],[107.5907,12.79528],[107.57902,12.79595],[107.57571,12.79789],[107.56242,12.79688],[107.56037,12.79536],[107.56217,12.79219],[107.56312,12.7876],[107.56017,12.78672],[107.55936,12.77965],[107.5625,12.7743],[107.55975,12.76983],[107.55988,12.76616],[107.55887,12.76211],[107.56016,12.7537],[107.55964,12.74673],[107.56072,12.74604],[107.56471,12.74641],[107.56321,12.73933],[107.56364,12.73647],[107.56513,12.73392],[107.56733,12.73258],[107.56786,12.72816],[107.56422,12.72324],[107.5615,12.71715],[107.55949,12.71633],[107.55989,12.70759],[107.56242,12.7067],[107.56292,12.70397],[107.56743,12.7028],[107.56919,12.69998],[107.56938,12.69636],[107.57892,12.70114],[107.58147,12.69652],[107.5831,12.6951],[107.58845,12.69432],[107.5934,12.69065],[107.59495,12.69224],[107.5987,12.69337],[107.6025,12.69212],[107.60399,12.69265],[107.60475,12.69416],[107.60826,12.69371],[107.61908,12.69497],[107.62043,12.69601],[107.62126,12.69454],[107.62038,12.69392],[107.6211,12.69178],[107.62357,12.68847],[107.62637,12.68902],[107.62739,12.68841],[107.62708,12.68918],[107.62841,12.68977],[107.6283,12.68847],[107.62944,12.68849],[107.63045,12.68654],[107.63131,12.68648],[107.63138,12.68524],[107.63037,12.68538],[107.63159,12.68161],[107.63288,12.68096],[107.63296,12.68217],[107.636,12.68208],[107.6362,12.67846],[107.63555,12.67844],[107.63516,12.68031],[107.63455,12.68041],[107.63464,12.67582],[107.63529,12.67551],[107.6363,12.67112],[107.63533,12.66941],[107.63456,12.66989],[107.63405,12.66862],[107.63539,12.6684],[107.63303,12.66608],[107.6351,12.66257],[107.63453,12.65954],[107.63489,12.65909],[107.63571,12.6598],[107.63547,12.65786],[107.63668,12.65716],[107.63887,12.65733],[107.63945,12.65818],[107.6399,12.65731],[107.64224,12.65817],[107.64257,12.65277],[107.64354,12.65175],[107.64597,12.65149],[107.64689,12.64996],[107.64796,12.64997],[107.64908,12.6487],[107.65077,12.64894],[107.65046,12.64701],[107.65226,12.64743],[107.65325,12.64566],[107.65749,12.64485],[107.66005,12.64115],[107.6655,12.63719],[107.67496,12.63662],[107.67733,12.63193],[107.68256,12.62921],[107.69299,12.62824],[107.69359,12.62762],[107.69452,12.62893],[107.69801,12.62866],[107.69948,12.62663],[107.70414,12.62512],[107.70772,12.61988],[107.71229,12.6171],[107.72157,12.61362],[107.72785,12.61411],[107.73594,12.61203],[107.74803,12.60377],[107.74965,12.60531],[107.7501,12.60933],[107.75257,12.61435],[107.75175,12.62004],[107.75323,12.62042],[107.75302,12.62154],[107.75427,12.62207],[107.75358,12.6258],[107.75572,12.6276],[107.75514,12.62969],[107.7561,12.6299],[107.7563,12.63087],[107.75767,12.6306],[107.75905,12.63247],[107.75925,12.63514],[107.76029,12.63592],[107.7612,12.64398],[107.75989,12.64735],[107.76138,12.65356],[107.75887,12.65437],[107.75895,12.65938],[107.75732,12.66417],[107.75801,12.66877],[107.75978,12.66844],[107.76021,12.67102],[107.7609,12.67002],[107.76142,12.67091],[107.76348,12.67105],[107.76408,12.67192],[107.77559,12.67406],[107.77662,12.67279],[107.78026,12.6714],[107.79009,12.66859],[107.79104,12.66875],[107.79295,12.67154],[107.79274,12.67229],[107.79543,12.67429],[107.80153,12.67565],[107.82029,12.67046],[107.84806,12.68198],[107.85738,12.67992],[107.86429,12.67626],[107.86944,12.6758],[107.88382,12.66959],[107.89009,12.66793],[107.90196,12.66904],[107.90597,12.66834],[107.90721,12.67019],[107.90756,12.67261],[107.90535,12.67465],[107.90537,12.67691],[107.90832,12.68518],[107.9105,12.68627],[107.91226,12.69358],[107.90136,12.70667],[107.89612,12.71078],[107.89554,12.71264],[107.89622,12.71823],[107.89912,12.72441],[107.90957,12.73041],[107.91158,12.73379],[107.91183,12.73676],[107.90851,12.7434],[107.90598,12.74601],[107.8924,12.75264],[107.8838,12.75428],[107.87442,12.75142],[107.86973,12.75276],[107.86796,12.75132],[107.86488,12.7544],[107.86054,12.75634],[107.85589,12.76261],[107.85702,12.77133],[107.85353,12.77996],[107.85453,12.78283],[107.86289,12.79323],[107.86403,12.79723],[107.85748,12.80318]]]}},{"type":"Feature","properties":{"id":"24886","name":"Đam Rông 1","type":"Xã","area":172.55,"population":17265},"geometry":{"type":"Polygon","coordinates":[[[108.09482,12.00979],[108.09286,12.01011],[108.08873,12.0092],[108.08729,12.00779],[108.08458,12.00687],[108.08184,12.00832],[108.07898,12.00766],[108.07712,12.0061],[108.07435,12.00664],[108.07279,12.00555],[108.06988,12.00563],[108.06632,12.00735],[108.0613,12.00587],[108.05809,12.00787],[108.05646,12.00595],[108.0566,12.00517],[108.0553,12.00464],[108.05612,12.00258],[108.05581,12.00092],[108.05117,11.99791],[108.05023,11.99449],[108.04785,11.99219],[108.04285,11.9921],[108.03455,11.98948],[108.03195,11.98786],[108.03248,11.98655],[108.04014,11.98414],[108.04116,11.97959],[108.04422,11.97833],[108.04566,11.97677],[108.0456,11.9747],[108.04741,11.96973],[108.04622,11.96678],[108.04729,11.96526],[108.0469,11.96398],[108.04964,11.96255],[108.04803,11.95937],[108.0492,11.95827],[108.04899,11.95443],[108.04708,11.95417],[108.04898,11.95168],[108.04663,11.9513],[108.04561,11.95026],[108.05086,11.94962],[108.05153,11.94871],[108.04974,11.94683],[108.0507,11.94624],[108.05275,11.94779],[108.05216,11.94679],[108.05282,11.94509],[108.05391,11.94613],[108.05703,11.94631],[108.05806,11.94717],[108.06017,11.9432],[108.06095,11.9441],[108.06252,11.94352],[108.06387,11.94668],[108.06508,11.94711],[108.06506,11.94882],[108.06875,11.94837],[108.06815,11.94592],[108.07023,11.94526],[108.07196,11.94248],[108.07317,11.94316],[108.07313,11.94157],[108.07398,11.94137],[108.07307,11.93889],[108.0749,11.93906],[108.07472,11.93725],[108.07573,11.93541],[108.07658,11.93595],[108.07803,11.93462],[108.07726,11.93348],[108.07768,11.93266],[108.0767,11.93239],[108.07855,11.93064],[108.07862,11.93175],[108.08038,11.93178],[108.08036,11.93058],[108.08287,11.92957],[108.08244,11.92735],[108.08128,11.92687],[108.08067,11.92465],[108.08221,11.92475],[108.08362,11.92311],[108.08303,11.92106],[108.0847,11.91866],[108.08387,11.91714],[108.0846,11.91122],[108.08784,11.91303],[108.08949,11.91237],[108.08976,11.9108],[108.08854,11.90975],[108.09048,11.90515],[108.10239,11.903],[108.11124,11.89942],[108.10817,11.89059],[108.10677,11.88987],[108.10674,11.88878],[108.10582,11.88895],[108.10578,11.88812],[108.10518,11.88875],[108.10499,11.88677],[108.10443,11.88732],[108.10368,11.88608],[108.10366,11.88502],[108.10496,11.88486],[108.10344,11.88409],[108.10248,11.88025],[108.09743,11.87195],[108.0909,11.86757],[108.08486,11.85905],[108.08488,11.85813],[108.08381,11.85785],[108.08351,11.85591],[108.08191,11.85522],[108.08101,11.85298],[108.08002,11.85291],[108.08042,11.85204],[108.07781,11.85009],[108.07749,11.84796],[108.07573,11.84538],[108.07417,11.84478],[108.0718,11.84057],[108.07141,11.8392],[108.07313,11.8372],[108.0741,11.83721],[108.07623,11.83947],[108.08211,11.83398],[108.0832,11.83527],[108.08477,11.8356],[108.08598,11.83359],[108.08903,11.83482],[108.0907,11.83698],[108.09502,11.83853],[108.09751,11.83804],[108.09925,11.84642],[108.10279,11.84736],[108.10733,11.85323],[108.10647,11.85862],[108.10921,11.86718],[108.11392,11.86661],[108.11519,11.8648],[108.11513,11.86277],[108.11877,11.85992],[108.12073,11.86115],[108.12247,11.86122],[108.12287,11.85966],[108.12524,11.85868],[108.12593,11.85744],[108.13378,11.8536],[108.13436,11.85571],[108.14031,11.85818],[108.14354,11.85664],[108.14633,11.85744],[108.15237,11.8612],[108.15349,11.86327],[108.15576,11.86497],[108.15697,11.86869],[108.15482,11.87184],[108.15721,11.87574],[108.15442,11.88061],[108.15651,11.88336],[108.1551,11.88927],[108.15578,11.89243],[108.1608,11.89355],[108.16317,11.89156],[108.16466,11.894],[108.16838,11.89517],[108.16821,11.89717],[108.1665,11.90048],[108.17112,11.90744],[108.16777,11.91184],[108.16888,11.91417],[108.16771,11.91852],[108.17224,11.92008],[108.17454,11.92188],[108.17549,11.9246],[108.17958,11.92648],[108.17624,11.93512],[108.17631,11.9368],[108.1786,11.938],[108.17734,11.94592],[108.18158,11.95011],[108.18174,11.95497],[108.18243,11.95834],[108.1834,11.95902],[108.1842,11.96431],[108.18306,11.96748],[108.18674,11.97101],[108.18509,11.97528],[108.18141,11.97814],[108.18162,11.97977],[108.17878,11.98156],[108.17812,11.9842],[108.17273,11.9855],[108.17174,11.98455],[108.17026,11.98537],[108.16096,11.99272],[108.15909,11.99595],[108.14383,11.99647],[108.13689,11.99351],[108.12575,11.99711],[108.12401,11.99693],[108.12185,11.99814],[108.11532,11.99745],[108.11269,12.00148],[108.1102,11.99936],[108.1071,12.00553],[108.10065,12.00917],[108.09482,12.00979]]]}},{"type":"Feature","properties":{"id":"24877","name":"Đam Rông 2","type":"Xã","area":365.58,"population":16253},"geometry":{"type":"Polygon","coordinates":[[[108.20116,12.14929],[108.19908,12.15092],[108.19723,12.14939],[108.1945,12.14924],[108.18718,12.14341],[108.18532,12.14084],[108.17974,12.13776],[108.17909,12.13844],[108.17731,12.13753],[108.17227,12.13778],[108.17123,12.13713],[108.16995,12.13826],[108.16986,12.13701],[108.16928,12.1368],[108.16897,12.13767],[108.16779,12.13709],[108.16824,12.13586],[108.16742,12.13643],[108.16593,12.13514],[108.16474,12.13542],[108.16465,12.13322],[108.16133,12.13214],[108.16051,12.13076],[108.15896,12.13017],[108.1592,12.129],[108.16106,12.13024],[108.16177,12.12854],[108.16281,12.12834],[108.16361,12.12554],[108.16566,12.12495],[108.16631,12.12401],[108.16629,12.11017],[108.16719,12.10615],[108.16568,12.10131],[108.1673,12.09584],[108.16481,12.0921],[108.16381,12.092],[108.16258,12.09363],[108.15807,12.09277],[108.15732,12.09572],[108.15583,12.09487],[108.15389,12.09566],[108.15298,12.09417],[108.149,12.09508],[108.14924,12.09659],[108.14596,12.09831],[108.14364,12.09746],[108.14184,12.09354],[108.14009,12.09309],[108.13763,12.08916],[108.13594,12.09108],[108.13357,12.09033],[108.1306,12.09198],[108.12889,12.09152],[108.12721,12.09384],[108.12518,12.09391],[108.12194,12.09662],[108.11757,12.09845],[108.11491,12.09771],[108.11102,12.10414],[108.10961,12.10363],[108.10589,12.10601],[108.10468,12.10776],[108.09585,12.11327],[108.09227,12.11374],[108.08815,12.11595],[108.08534,12.12144],[108.08371,12.12238],[108.08373,12.12529],[108.07895,12.12978],[108.07964,12.13286],[108.07446,12.13316],[108.07078,12.13222],[108.0667,12.13341],[108.06597,12.13799],[108.06319,12.136],[108.06058,12.13808],[108.05739,12.13641],[108.05636,12.13668],[108.05538,12.13802],[108.05721,12.13801],[108.05742,12.14047],[108.05647,12.1428],[108.05519,12.14364],[108.05411,12.14399],[108.05347,12.14329],[108.05434,12.14082],[108.05086,12.13856],[108.04592,12.13965],[108.04318,12.13852],[108.0389,12.1394],[108.03946,12.14165],[108.03674,12.14409],[108.03408,12.1446],[108.03392,12.14241],[108.03146,12.14089],[108.03093,12.13872],[108.02382,12.13603],[108.02176,12.13694],[108.02073,12.13989],[108.01851,12.14115],[108.0191,12.13627],[108.01794,12.13419],[108.02009,12.12948],[108.01868,12.12695],[108.01448,12.12601],[108.0137,12.12357],[108.01122,12.12385],[108.00757,12.11881],[108.00719,12.11582],[108.00478,12.11788],[108.0049,12.12297],[108.00179,12.12287],[107.9973,12.12811],[107.99709,12.12673],[107.99904,12.12365],[107.99844,12.12251],[107.98894,12.12158],[107.99151,12.1176],[107.99092,12.1144],[107.98837,12.11239],[107.98994,12.11064],[107.98982,12.10957],[107.98806,12.1093],[107.98493,12.11055],[107.98304,12.10844],[107.98536,12.10749],[107.98208,12.10438],[107.98426,12.10093],[107.98183,12.09768],[107.98431,12.09231],[107.98212,12.09016],[107.98,12.08566],[107.98051,12.08447],[107.98222,12.08366],[107.98266,12.07975],[107.98117,12.0792],[107.98118,12.08096],[107.98014,12.08168],[107.97615,12.0788],[107.97159,12.07969],[107.97248,12.07661],[107.97456,12.0751],[107.96961,12.0749],[107.96899,12.07265],[107.96683,12.07161],[107.96242,12.06734],[107.96342,12.06592],[107.96407,12.0619],[107.96837,12.06329],[107.96875,12.06196],[107.97213,12.0589],[107.97362,12.05888],[107.9729,12.05581],[107.97499,12.05592],[107.9751,12.05437],[107.97658,12.05589],[107.97695,12.05451],[107.97899,12.0527],[107.97959,12.0541],[107.98107,12.0537],[107.9813,12.05538],[107.98431,12.05459],[107.98565,12.05573],[107.99066,12.05471],[107.99005,12.05222],[107.99124,12.05106],[107.99159,12.05248],[107.99468,12.05331],[107.99466,12.05131],[107.99633,12.05083],[107.99732,12.04939],[107.99906,12.05085],[107.99958,12.04904],[108.0023,12.04941],[108.00607,12.05255],[108.00654,12.05058],[108.00761,12.05279],[108.009,12.05293],[108.00922,12.05075],[108.01114,12.05225],[108.01192,12.04889],[108.00974,12.04911],[108.00927,12.04628],[108.01227,12.04476],[108.01149,12.04332],[108.01269,12.04192],[108.01282,12.04021],[108.01219,12.03969],[108.00918,12.04188],[108.00842,12.04051],[108.00859,12.03962],[108.01002,12.03915],[108.00947,12.038],[108.00997,12.03651],[108.01153,12.03545],[108.00966,12.03496],[108.00901,12.03398],[108.01191,12.03146],[108.00932,12.03199],[108.00716,12.02864],[108.00642,12.02484],[108.00765,12.02242],[108.01038,12.02338],[108.01692,12.02237],[108.01813,12.02068],[108.01811,12.01884],[108.02118,12.01761],[108.0219,12.01399],[108.02458,12.0139],[108.0225,12.01218],[108.02229,12.01106],[108.02438,12.00651],[108.02328,12.00492],[108.02375,12.00319],[108.02292,12.00232],[108.02383,12.0006],[108.02702,11.99865],[108.02637,11.99782],[108.02807,11.9941],[108.02709,11.9913],[108.02774,11.98991],[108.03012,11.99078],[108.03212,11.98822],[108.04285,11.9921],[108.04785,11.99219],[108.05023,11.99449],[108.05117,11.99791],[108.05581,12.00092],[108.05612,12.00258],[108.0553,12.00464],[108.0566,12.00517],[108.05752,12.00759],[108.05841,12.00797],[108.0613,12.00587],[108.06632,12.00735],[108.06988,12.00563],[108.07279,12.00555],[108.07435,12.00664],[108.07712,12.0061],[108.07898,12.00766],[108.08209,12.00835],[108.08458,12.00687],[108.08729,12.00779],[108.08873,12.0092],[108.09286,12.01011],[108.099,12.00962],[108.1071,12.00553],[108.1102,11.99936],[108.11208,12.00122],[108.11309,12.00129],[108.11532,11.99745],[108.12185,11.99814],[108.12401,11.99693],[108.12575,11.99711],[108.13689,11.99351],[108.14383,11.99647],[108.15909,11.99595],[108.16096,11.99272],[108.17026,11.98537],[108.17174,11.98455],[108.17273,11.9855],[108.17812,11.9842],[108.17869,11.98169],[108.18162,11.97977],[108.18141,11.97814],[108.18509,11.97528],[108.18596,11.97298],[108.19021,11.97336],[108.19212,11.97767],[108.19663,11.97988],[108.19903,11.97981],[108.20113,11.98136],[108.20058,11.98723],[108.20128,11.99479],[108.20257,11.99469],[108.20682,11.99803],[108.20895,11.99834],[108.21144,12.00004],[108.21341,12.00063],[108.21492,11.99968],[108.21684,12.00072],[108.21757,12.01225],[108.22024,12.01182],[108.22161,12.01322],[108.22406,12.01383],[108.22616,12.01716],[108.22708,12.01632],[108.23091,12.01636],[108.23456,12.01762],[108.23564,12.01933],[108.23939,12.02041],[108.24296,12.02305],[108.24414,12.02598],[108.2467,12.02822],[108.24656,12.02958],[108.25114,12.03052],[108.25175,12.03344],[108.25045,12.03468],[108.25055,12.03628],[108.24908,12.03837],[108.25013,12.03906],[108.25056,12.0414],[108.25345,12.04324],[108.25319,12.04579],[108.25495,12.0499],[108.25346,12.05286],[108.25109,12.05384],[108.25257,12.05602],[108.25209,12.05788],[108.2536,12.06267],[108.25404,12.06824],[108.25057,12.07899],[108.24797,12.08217],[108.24239,12.08308],[108.23723,12.08864],[108.23176,12.09029],[108.22751,12.09488],[108.22733,12.09705],[108.22483,12.09819],[108.22375,12.1004],[108.22086,12.10081],[108.21935,12.10318],[108.21609,12.10445],[108.21523,12.1056],[108.21845,12.10617],[108.21701,12.11182],[108.2122,12.11647],[108.21203,12.12091],[108.21037,12.12173],[108.20847,12.12148],[108.20629,12.12406],[108.20361,12.12407],[108.20217,12.13085],[108.20075,12.13234],[108.20172,12.13442],[108.20058,12.14007],[108.20184,12.14372],[108.20107,12.14641],[108.20196,12.14855],[108.20116,12.14929]]]}},{"type":"Feature","properties":{"id":"24875","name":"Đam Rông 3","type":"Xã","area":139.38,"population":15841},"geometry":{"type":"Polygon","coordinates":[[[108.1643,12.19657],[108.16183,12.19598],[108.15695,12.19033],[108.15315,12.18819],[108.14647,12.18645],[108.13726,12.18186],[108.13173,12.18116],[108.12981,12.17878],[108.12259,12.1752],[108.1194,12.17555],[108.11279,12.18544],[108.11051,12.17953],[108.11395,12.17524],[108.11379,12.17052],[108.11266,12.16869],[108.11266,12.16624],[108.10909,12.16625],[108.10834,12.16537],[108.11064,12.16125],[108.11631,12.16101],[108.11336,12.15723],[108.11203,12.15226],[108.1144,12.14844],[108.11413,12.14678],[108.1117,12.14639],[108.11105,12.14916],[108.1091,12.15012],[108.10702,12.14807],[108.10922,12.1463],[108.10617,12.14472],[108.10425,12.14581],[108.10373,12.14857],[108.1029,12.1488],[108.1024,12.14803],[108.10292,12.14216],[108.09913,12.13931],[108.10152,12.13766],[108.10153,12.13639],[108.10029,12.1363],[108.09589,12.13977],[108.09713,12.14221],[108.09504,12.14382],[108.09141,12.13865],[108.09022,12.13361],[108.08264,12.13749],[108.0769,12.13838],[108.07724,12.1338],[108.07977,12.1327],[108.07899,12.12971],[108.08057,12.12895],[108.08147,12.12798],[108.08108,12.12753],[108.08373,12.12529],[108.08371,12.12238],[108.08534,12.12144],[108.08826,12.11586],[108.09227,12.11374],[108.09585,12.11327],[108.10468,12.10776],[108.10589,12.10601],[108.10961,12.10363],[108.11102,12.10414],[108.11491,12.09771],[108.11757,12.09845],[108.12194,12.09662],[108.12518,12.09391],[108.12721,12.09384],[108.12889,12.09152],[108.1306,12.09198],[108.13357,12.09033],[108.13594,12.09108],[108.13763,12.08916],[108.14009,12.09309],[108.14184,12.09354],[108.14364,12.09746],[108.14596,12.09831],[108.14924,12.09659],[108.149,12.09508],[108.15298,12.09417],[108.15389,12.09566],[108.15583,12.09487],[108.15732,12.09572],[108.15807,12.09277],[108.16258,12.09363],[108.16433,12.09185],[108.16729,12.09564],[108.16568,12.10131],[108.16719,12.10615],[108.16629,12.11017],[108.16631,12.12401],[108.16566,12.12495],[108.16361,12.12554],[108.16281,12.12834],[108.16177,12.12854],[108.16106,12.13024],[108.1592,12.129],[108.15896,12.13017],[108.16051,12.13076],[108.16133,12.13214],[108.16465,12.13322],[108.16474,12.13542],[108.16593,12.13514],[108.16742,12.13643],[108.16824,12.13586],[108.16779,12.13709],[108.16897,12.13767],[108.16928,12.1368],[108.16986,12.13701],[108.16995,12.13826],[108.17123,12.13713],[108.17227,12.13778],[108.17731,12.13753],[108.17909,12.13844],[108.18014,12.13792],[108.18532,12.14084],[108.19224,12.14778],[108.1945,12.14924],[108.19723,12.14939],[108.19908,12.15092],[108.20196,12.14855],[108.20107,12.14641],[108.20184,12.14372],[108.20057,12.14048],[108.20172,12.13442],[108.20075,12.13234],[108.20217,12.13085],[108.20361,12.12407],[108.20629,12.12406],[108.20847,12.12148],[108.21037,12.12173],[108.21216,12.12077],[108.2122,12.11647],[108.21701,12.11182],[108.21813,12.10894],[108.21845,12.10617],[108.21523,12.1056],[108.21609,12.10445],[108.21935,12.10318],[108.22086,12.10081],[108.22375,12.1004],[108.22483,12.09819],[108.22733,12.09705],[108.22751,12.09488],[108.23176,12.09029],[108.23723,12.08864],[108.24239,12.08308],[108.24797,12.08217],[108.25057,12.07899],[108.25404,12.06824],[108.2536,12.06267],[108.25209,12.05788],[108.25257,12.05602],[108.25109,12.05384],[108.25346,12.05286],[108.25495,12.0499],[108.25479,12.05264],[108.25678,12.05595],[108.25921,12.05713],[108.2595,12.05868],[108.26152,12.06033],[108.26023,12.06218],[108.26051,12.0658],[108.25768,12.07049],[108.26234,12.07441],[108.26371,12.07827],[108.26593,12.08027],[108.26413,12.08576],[108.26861,12.08706],[108.27078,12.08872],[108.27101,12.09233],[108.27229,12.09348],[108.27506,12.09319],[108.27915,12.09579],[108.2794,12.09702],[108.27787,12.1004],[108.27942,12.1022],[108.28026,12.10681],[108.27895,12.10713],[108.27638,12.11001],[108.27623,12.11149],[108.27362,12.11442],[108.26941,12.11568],[108.26661,12.11417],[108.26398,12.11928],[108.25957,12.12212],[108.25684,12.12679],[108.2556,12.126],[108.25455,12.12734],[108.25324,12.12719],[108.24842,12.13119],[108.24686,12.13457],[108.24494,12.13343],[108.24316,12.13549],[108.24256,12.13855],[108.241,12.14012],[108.24085,12.14155],[108.24211,12.14216],[108.24456,12.14574],[108.24591,12.1462],[108.24688,12.14876],[108.24306,12.15013],[108.24275,12.15313],[108.24379,12.15437],[108.24338,12.15562],[108.24239,12.15562],[108.24342,12.15774],[108.24185,12.15912],[108.24147,12.16073],[108.24031,12.16071],[108.23947,12.16211],[108.23795,12.16763],[108.23808,12.17597],[108.23286,12.17571],[108.23029,12.17715],[108.22852,12.18259],[108.22687,12.18282],[108.22545,12.18096],[108.22411,12.17235],[108.22104,12.17285],[108.22046,12.17384],[108.22102,12.17844],[108.21771,12.18362],[108.21637,12.18395],[108.21426,12.18267],[108.2135,12.18079],[108.2101,12.17897],[108.20871,12.17579],[108.20929,12.17268],[108.20704,12.17221],[108.20531,12.17078],[108.20319,12.17107],[108.20189,12.17313],[108.19799,12.17301],[108.19556,12.17664],[108.19428,12.17712],[108.19201,12.17593],[108.1892,12.17585],[108.18875,12.17454],[108.19066,12.17359],[108.18959,12.17263],[108.18713,12.17444],[108.18479,12.1745],[108.18385,12.17783],[108.18482,12.17947],[108.18395,12.18108],[108.18184,12.18187],[108.18163,12.18447],[108.17726,12.18544],[108.17562,12.18397],[108.17473,12.17968],[108.17239,12.17961],[108.17295,12.18632],[108.16821,12.18849],[108.16734,12.1903],[108.1671,12.19544],[108.16605,12.19649],[108.1643,12.19657]]]}},{"type":"Feature","properties":{"id":"24853","name":"Đam Rông 4","type":"Xã","area":391.25,"population":17184},"geometry":{"type":"Polygon","coordinates":[[[108.48671,12.30449],[108.48508,12.30527],[108.48434,12.30958],[108.48134,12.30813],[108.48072,12.30367],[108.48328,12.30129],[108.48376,12.2997],[108.48299,12.29925],[108.48011,12.30036],[108.47769,12.29869],[108.47586,12.30026],[108.47483,12.30022],[108.47575,12.29443],[108.47346,12.29155],[108.47195,12.28791],[108.47044,12.28858],[108.47016,12.29246],[108.46869,12.29585],[108.46541,12.29694],[108.46649,12.28828],[108.46479,12.28632],[108.4664,12.28325],[108.46405,12.27957],[108.46135,12.27824],[108.46001,12.27565],[108.45773,12.27515],[108.45701,12.27575],[108.45881,12.28052],[108.45849,12.28283],[108.45586,12.2812],[108.45491,12.27883],[108.45193,12.27705],[108.45042,12.27322],[108.44598,12.27275],[108.44439,12.27775],[108.44362,12.27824],[108.44264,12.27761],[108.44134,12.27466],[108.44099,12.26843],[108.44164,12.26575],[108.4435,12.26312],[108.44024,12.26315],[108.43948,12.26149],[108.43974,12.25881],[108.43633,12.25735],[108.43671,12.25573],[108.43989,12.25238],[108.44017,12.25103],[108.43917,12.25019],[108.43729,12.24989],[108.43674,12.25326],[108.43379,12.25455],[108.4327,12.25652],[108.43344,12.25726],[108.43257,12.25827],[108.42931,12.25898],[108.42714,12.25679],[108.42721,12.25157],[108.41866,12.24912],[108.41629,12.24777],[108.41288,12.24362],[108.40784,12.24493],[108.39978,12.24259],[108.39402,12.2437],[108.39078,12.24162],[108.38797,12.24097],[108.38315,12.2454],[108.38065,12.24598],[108.37707,12.24968],[108.37246,12.25065],[108.37057,12.25369],[108.36189,12.25301],[108.35672,12.25504],[108.3511,12.25231],[108.3472,12.24762],[108.343,12.24887],[108.34189,12.24532],[108.33997,12.24776],[108.33839,12.24833],[108.33636,12.24825],[108.33472,12.24688],[108.33417,12.24446],[108.33568,12.23998],[108.33303,12.23556],[108.33825,12.23488],[108.3399,12.23383],[108.34018,12.22818],[108.33872,12.22773],[108.33731,12.22912],[108.33073,12.23054],[108.32915,12.2279],[108.32733,12.22811],[108.32176,12.22435],[108.32108,12.22322],[108.32116,12.21975],[108.31796,12.21832],[108.31161,12.21832],[108.311,12.21495],[108.30624,12.21228],[108.30412,12.2101],[108.3005,12.20849],[108.29682,12.20249],[108.29517,12.20269],[108.29497,12.20824],[108.29312,12.20867],[108.29043,12.2112],[108.28802,12.21001],[108.28427,12.21116],[108.28297,12.2128],[108.27771,12.21437],[108.27347,12.21015],[108.27254,12.20474],[108.2693,12.20297],[108.26693,12.20379],[108.2639,12.20287],[108.25949,12.19993],[108.26038,12.19208],[108.25898,12.19093],[108.25529,12.19059],[108.25221,12.18776],[108.24996,12.1811],[108.2483,12.17866],[108.24887,12.17677],[108.25074,12.17515],[108.25218,12.17528],[108.25405,12.17236],[108.24961,12.1696],[108.24653,12.16866],[108.245,12.16635],[108.24517,12.1644],[108.24409,12.1622],[108.24147,12.16073],[108.24185,12.15912],[108.24342,12.15774],[108.24239,12.15562],[108.24338,12.15562],[108.24379,12.15437],[108.24275,12.15313],[108.24311,12.14998],[108.2468,12.14893],[108.24685,12.14743],[108.2409,12.14164],[108.24085,12.1406],[108.24256,12.13855],[108.24407,12.13426],[108.24494,12.13343],[108.24686,12.13457],[108.24842,12.13119],[108.25324,12.12719],[108.25455,12.12734],[108.2556,12.126],[108.25684,12.12679],[108.25957,12.12212],[108.26398,12.11928],[108.26661,12.11417],[108.26941,12.11568],[108.27362,12.11442],[108.27623,12.11149],[108.27638,12.11001],[108.28028,12.10654],[108.27942,12.1022],[108.27787,12.1004],[108.2794,12.09702],[108.27915,12.09579],[108.27506,12.09319],[108.27229,12.09348],[108.27101,12.09233],[108.27078,12.08872],[108.26861,12.08706],[108.26413,12.08576],[108.26593,12.08027],[108.26371,12.07827],[108.26234,12.07441],[108.25768,12.07049],[108.26051,12.0658],[108.26023,12.06218],[108.26152,12.06033],[108.2595,12.05868],[108.25921,12.05713],[108.25678,12.05595],[108.25479,12.05264],[108.25495,12.0499],[108.25796,12.05223],[108.2611,12.05324],[108.26337,12.0531],[108.2666,12.0561],[108.26864,12.05681],[108.27154,12.06081],[108.27503,12.06092],[108.27545,12.06331],[108.27847,12.06537],[108.27906,12.06756],[108.28144,12.07051],[108.28512,12.07146],[108.29213,12.06758],[108.2921,12.06469],[108.29556,12.06538],[108.29656,12.06422],[108.29858,12.06494],[108.30123,12.06468],[108.30383,12.06248],[108.30275,12.05848],[108.30486,12.05385],[108.30619,12.05291],[108.30798,12.05344],[108.30897,12.05249],[108.30799,12.0482],[108.30889,12.04632],[108.31565,12.04051],[108.31588,12.03869],[108.31732,12.03867],[108.31838,12.03504],[108.32278,12.03302],[108.32334,12.03082],[108.32209,12.03],[108.32885,12.0271],[108.32931,12.02424],[108.33411,12.02164],[108.33504,12.01933],[108.33559,12.01953],[108.33722,12.0241],[108.33555,12.02448],[108.33501,12.02551],[108.33439,12.02813],[108.33512,12.03249],[108.33423,12.03391],[108.33703,12.03718],[108.33372,12.04569],[108.33513,12.04762],[108.3368,12.04833],[108.33707,12.0507],[108.33576,12.0531],[108.33701,12.05697],[108.33902,12.05883],[108.33892,12.06105],[108.34296,12.0659],[108.35535,12.06235],[108.35666,12.06341],[108.35661,12.0658],[108.36158,12.06659],[108.36517,12.06855],[108.3655,12.06998],[108.3669,12.07008],[108.36701,12.07107],[108.36957,12.07311],[108.37307,12.07396],[108.37437,12.0763],[108.37415,12.07769],[108.37536,12.07809],[108.37703,12.08288],[108.37846,12.0847],[108.37903,12.08956],[108.37854,12.09092],[108.37737,12.09142],[108.37717,12.094],[108.3761,12.09489],[108.37643,12.09885],[108.37813,12.10132],[108.37766,12.10329],[108.37663,12.10275],[108.37529,12.10343],[108.37181,12.10091],[108.3689,12.10251],[108.36765,12.10182],[108.3673,12.1035],[108.36585,12.10436],[108.36439,12.10295],[108.36201,12.10266],[108.36104,12.1035],[108.36212,12.10488],[108.36198,12.10851],[108.36308,12.10982],[108.36276,12.11083],[108.36385,12.11332],[108.36537,12.11493],[108.36745,12.11561],[108.36696,12.11684],[108.3657,12.11695],[108.36663,12.11855],[108.36529,12.11963],[108.36539,12.12047],[108.36714,12.12076],[108.36811,12.12289],[108.36942,12.12339],[108.37139,12.12265],[108.37363,12.12333],[108.37501,12.12223],[108.37736,12.12505],[108.37704,12.1256],[108.38014,12.12452],[108.38214,12.12657],[108.38349,12.12645],[108.38508,12.12784],[108.38911,12.12761],[108.39019,12.13144],[108.39166,12.13179],[108.39234,12.13537],[108.39097,12.13609],[108.39145,12.13898],[108.39015,12.13914],[108.39017,12.13983],[108.39086,12.13955],[108.39047,12.14298],[108.39238,12.1422],[108.39319,12.14448],[108.39037,12.14601],[108.39096,12.14828],[108.38923,12.15087],[108.39188,12.15249],[108.3927,12.15505],[108.39106,12.15962],[108.39408,12.15974],[108.39917,12.16175],[108.40167,12.16019],[108.402,12.1571],[108.40788,12.15639],[108.4092,12.15738],[108.40891,12.1585],[108.41026,12.16194],[108.41459,12.16263],[108.41681,12.1621],[108.41741,12.16031],[108.41933,12.1616],[108.41986,12.16375],[108.42265,12.16313],[108.42518,12.16362],[108.42653,12.16499],[108.42712,12.16719],[108.42975,12.16729],[108.4312,12.16941],[108.43243,12.16917],[108.43465,12.17207],[108.44081,12.17357],[108.44293,12.17125],[108.44776,12.17119],[108.44994,12.1721],[108.4523,12.17157],[108.45557,12.17409],[108.45792,12.17424],[108.45998,12.17549],[108.46437,12.18002],[108.46651,12.17962],[108.47327,12.18161],[108.48573,12.18953],[108.48561,12.19257],[108.48683,12.19349],[108.48583,12.19516],[108.48557,12.19818],[108.48752,12.20382],[108.48697,12.20696],[108.48853,12.20848],[108.49319,12.20814],[108.49398,12.21075],[108.49346,12.21277],[108.49392,12.21715],[108.49606,12.22017],[108.49805,12.22188],[108.50039,12.22111],[108.50444,12.22171],[108.50925,12.22522],[108.51004,12.22679],[108.50855,12.22772],[108.50557,12.22798],[108.50077,12.23246],[108.49949,12.23265],[108.49985,12.23877],[108.50434,12.24406],[108.50677,12.244],[108.5087,12.24668],[108.51028,12.24749],[108.51124,12.25014],[108.51203,12.25041],[108.51263,12.25348],[108.51215,12.25509],[108.51477,12.25687],[108.51181,12.25838],[108.51188,12.2595],[108.51811,12.2619],[108.51727,12.26398],[108.5187,12.26712],[108.51576,12.26862],[108.51542,12.27051],[108.51641,12.27262],[108.51464,12.27385],[108.51519,12.27533],[108.51436,12.2776],[108.51085,12.27706],[108.50844,12.27764],[108.50607,12.27961],[108.50475,12.28222],[108.5023,12.28138],[108.49901,12.2847],[108.49851,12.28666],[108.49977,12.29197],[108.49447,12.29881],[108.49202,12.3056],[108.49002,12.30647],[108.48671,12.30449]]]}},{"type":"Feature","properties":{"id":"25000","name":"Di Linh","type":"Xã","area":268.28,"population":64179},"geometry":{"type":"Polygon","coordinates":[[[108.08483,11.68157],[108.08609,11.68188],[108.08499,11.68396],[108.0769,11.68522],[108.0735,11.68258],[108.0731,11.68143],[108.07149,11.68163],[108.071,11.68011],[108.06556,11.67886],[108.06571,11.67692],[108.0631,11.67392],[108.06196,11.67405],[108.05481,11.66819],[108.05227,11.66007],[108.05409,11.65753],[108.05614,11.65657],[108.05674,11.65442],[108.05757,11.65401],[108.05625,11.65207],[108.05582,11.64771],[108.05507,11.6469],[108.0578,11.64367],[108.05676,11.64108],[108.0547,11.63952],[108.05335,11.6362],[108.05009,11.63395],[108.04453,11.63275],[108.04419,11.63429],[108.04068,11.63788],[108.03618,11.63908],[108.03486,11.63757],[108.03238,11.63665],[108.03023,11.63885],[108.02892,11.63915],[108.02327,11.63725],[108.02312,11.63667],[108.0251,11.636],[108.02312,11.63533],[108.02319,11.63375],[108.0209,11.63379],[108.02265,11.6319],[108.02116,11.63099],[108.02162,11.63024],[108.02088,11.62985],[108.02171,11.62884],[108.02092,11.62706],[108.02157,11.62596],[108.01987,11.62287],[108.02099,11.62116],[108.01948,11.62107],[108.01717,11.61822],[108.01508,11.62131],[108.01139,11.62031],[108.00909,11.62184],[108.00565,11.62249],[108.00043,11.62194],[107.99551,11.6233],[107.99358,11.62249],[107.98944,11.62447],[107.98841,11.62449],[107.98563,11.62187],[107.98414,11.6227],[107.98275,11.62195],[107.98213,11.61811],[107.97899,11.61424],[107.98077,11.61364],[107.98019,11.61111],[107.98119,11.60583],[107.97798,11.59852],[107.9785,11.5935],[107.97618,11.58979],[107.97825,11.58777],[107.98028,11.58872],[107.98256,11.58522],[107.98267,11.5836],[107.98045,11.57933],[107.97728,11.57645],[107.97615,11.57451],[107.97648,11.57365],[107.97528,11.57293],[107.97434,11.57375],[107.97421,11.569],[107.97189,11.56692],[107.97233,11.56458],[107.96571,11.56488],[107.96363,11.56415],[107.96071,11.56115],[107.96111,11.55532],[107.96316,11.5548],[107.96303,11.55271],[107.96399,11.55196],[107.96503,11.5528],[107.96733,11.5513],[107.96743,11.54694],[107.96806,11.54692],[107.96834,11.54888],[107.97038,11.54806],[107.97163,11.54647],[107.9738,11.54601],[107.97512,11.54611],[107.97403,11.54783],[107.97449,11.54846],[107.9768,11.54792],[107.97911,11.54531],[107.98056,11.54625],[107.98066,11.54725],[107.98315,11.54572],[107.98438,11.5466],[107.98692,11.5422],[107.98765,11.53972],[107.98744,11.53622],[107.99258,11.53703],[107.99269,11.53056],[107.99363,11.52816],[107.99252,11.52633],[107.99366,11.52391],[107.99269,11.52145],[107.99405,11.52061],[107.99369,11.5187],[107.99505,11.51864],[107.99494,11.51784],[107.99557,11.51776],[107.99513,11.51703],[107.99637,11.51375],[107.99827,11.51388],[107.99975,11.51282],[107.99958,11.50945],[107.99832,11.50882],[107.99833,11.50726],[108.00028,11.49926],[107.99441,11.49602],[107.992,11.49009],[107.99239,11.48756],[107.99516,11.48529],[107.99385,11.48224],[107.99472,11.47939],[107.99317,11.47888],[107.99367,11.47637],[107.99597,11.47606],[107.99571,11.47527],[107.99643,11.47501],[107.99837,11.47636],[108.00082,11.47628],[108.00261,11.47449],[108.00331,11.47233],[108.00668,11.47188],[108.01161,11.46872],[108.01149,11.46525],[108.0129,11.46256],[108.01271,11.45942],[108.01132,11.45785],[108.01154,11.45651],[108.014,11.45333],[108.01523,11.45305],[108.01576,11.45165],[108.02006,11.44807],[108.02593,11.44701],[108.03327,11.44753],[108.03725,11.44387],[108.04012,11.44386],[108.04342,11.4416],[108.0461,11.43773],[108.05257,11.43224],[108.05171,11.42824],[108.0483,11.42296],[108.04987,11.42279],[108.05133,11.42144],[108.05614,11.41389],[108.05871,11.41269],[108.05948,11.41073],[108.06158,11.41195],[108.06453,11.40937],[108.06595,11.41115],[108.06569,11.412],[108.06769,11.41258],[108.06789,11.41442],[108.06898,11.41557],[108.07176,11.41366],[108.07382,11.41346],[108.07449,11.41476],[108.07791,11.41508],[108.08001,11.41628],[108.08356,11.41297],[108.085,11.41377],[108.09045,11.41262],[108.09381,11.41312],[108.09483,11.41487],[108.09684,11.41571],[108.09942,11.41463],[108.10223,11.41504],[108.10528,11.41291],[108.10604,11.41327],[108.10526,11.41747],[108.10661,11.42147],[108.10828,11.43882],[108.10617,11.441],[108.10659,11.44499],[108.10475,11.44841],[108.10555,11.45062],[108.10253,11.45468],[108.10267,11.45845],[108.09836,11.46154],[108.10076,11.46705],[108.09984,11.4682],[108.10008,11.47335],[108.10277,11.4798],[108.10254,11.48119],[108.10548,11.48336],[108.10604,11.48618],[108.10437,11.48951],[108.10398,11.49642],[108.10149,11.50127],[108.09788,11.50352],[108.09462,11.50719],[108.09542,11.50941],[108.0944,11.51396],[108.09075,11.51653],[108.08977,11.51913],[108.09307,11.52655],[108.09279,11.52884],[108.09421,11.53258],[108.09694,11.53511],[108.09725,11.53718],[108.0954,11.53929],[108.09553,11.54213],[108.09452,11.54466],[108.09194,11.54539],[108.09096,11.54671],[108.09113,11.55039],[108.09306,11.55319],[108.09459,11.55358],[108.09372,11.56226],[108.09275,11.56375],[108.09157,11.56349],[108.0913,11.56456],[108.09287,11.56566],[108.09369,11.56557],[108.09344,11.56464],[108.09415,11.56484],[108.09822,11.57062],[108.10366,11.57316],[108.10455,11.57539],[108.10669,11.57665],[108.10922,11.58174],[108.10908,11.58541],[108.10764,11.5855],[108.10489,11.58915],[108.10512,11.59114],[108.10398,11.59497],[108.10332,11.59675],[108.1022,11.59741],[108.10155,11.6002],[108.09868,11.59951],[108.09526,11.60558],[108.09312,11.60739],[108.09291,11.60927],[108.0918,11.60987],[108.08989,11.60945],[108.08947,11.61077],[108.086,11.61198],[108.07662,11.61285],[108.07452,11.6139],[108.07191,11.6184],[108.07181,11.62715],[108.06954,11.62922],[108.06604,11.62796],[108.0625,11.62852],[108.06274,11.62975],[108.06136,11.63159],[108.06787,11.63802],[108.065,11.64135],[108.06722,11.64474],[108.06641,11.65204],[108.06725,11.65363],[108.06437,11.65767],[108.06825,11.65897],[108.06964,11.65874],[108.0683,11.66165],[108.06983,11.66178],[108.06838,11.66296],[108.06842,11.66419],[108.07142,11.66788],[108.07494,11.66877],[108.07624,11.67085],[108.07678,11.67062],[108.08483,11.68157]]]}},{"type":"Feature","properties":{"id":"25007","name":"Đinh Trang Thượng","type":"Xã","area":203.77,"population":20568},"geometry":{"type":"Polygon","coordinates":[[[107.97056,11.79677],[107.95923,11.81516],[107.94587,11.82276],[107.91985,11.79726],[107.89976,11.80752],[107.89687,11.81118],[107.89671,11.79285],[107.89852,11.79041],[107.90372,11.78744],[107.90652,11.78107],[107.90444,11.7797],[107.90284,11.77696],[107.90501,11.77308],[107.90435,11.77246],[107.90523,11.77048],[107.91105,11.76871],[107.91053,11.77002],[107.91313,11.76986],[107.91384,11.76855],[107.91248,11.76742],[107.91312,11.76588],[107.91062,11.76594],[107.91154,11.76408],[107.9112,11.76213],[107.90925,11.76108],[107.90767,11.76125],[107.90614,11.75922],[107.90476,11.75937],[107.90424,11.75721],[107.90519,11.75625],[107.90379,11.75573],[107.90386,11.75509],[107.90514,11.75356],[107.90805,11.75523],[107.90987,11.75479],[107.91014,11.75204],[107.91316,11.74976],[107.91261,11.7464],[107.91499,11.74543],[107.91493,11.74463],[107.91621,11.74364],[107.91589,11.74154],[107.91755,11.73675],[107.92088,11.7335],[107.9224,11.73376],[107.92295,11.73139],[107.92599,11.73239],[107.92915,11.7307],[107.93558,11.73135],[107.93827,11.72972],[107.9447,11.72915],[107.94871,11.72693],[107.95011,11.72096],[107.95314,11.71893],[107.95345,11.71759],[107.96152,11.70933],[107.96421,11.69895],[107.96342,11.69791],[107.9643,11.69094],[107.96784,11.68474],[107.96584,11.68107],[107.95873,11.67631],[107.95692,11.6731],[107.95357,11.67125],[107.95126,11.66751],[107.94931,11.66715],[107.94871,11.66551],[107.94462,11.6624],[107.94408,11.66148],[107.94716,11.65697],[107.9454,11.65303],[107.94593,11.65192],[107.94434,11.64988],[107.94587,11.6471],[107.94162,11.64675],[107.94185,11.64581],[107.94041,11.64334],[107.94091,11.64088],[107.94027,11.63942],[107.93415,11.6349],[107.93482,11.63061],[107.93772,11.63412],[107.9387,11.63433],[107.94035,11.63277],[107.94345,11.63418],[107.94552,11.63093],[107.94413,11.62718],[107.94694,11.62919],[107.95105,11.62794],[107.95259,11.62859],[107.95441,11.62717],[107.95552,11.62822],[107.95647,11.62701],[107.95938,11.62765],[107.96059,11.62602],[107.96432,11.62671],[107.9681,11.62627],[107.96984,11.62739],[107.97337,11.62667],[107.97438,11.6245],[107.97268,11.62234],[107.97029,11.62133],[107.96904,11.61921],[107.97102,11.61632],[107.97106,11.61345],[107.97562,11.61139],[107.97594,11.61258],[107.97836,11.61336],[107.98031,11.61508],[107.98029,11.61631],[107.98246,11.61891],[107.98275,11.62195],[107.98414,11.6227],[107.98563,11.62187],[107.98848,11.6245],[107.99079,11.6243],[107.99358,11.62249],[107.99551,11.6233],[108.00043,11.62194],[108.00565,11.62249],[108.00857,11.62199],[108.01135,11.62031],[108.01508,11.62131],[108.01717,11.61822],[108.01948,11.62107],[108.02099,11.62116],[108.01987,11.62287],[108.02157,11.62596],[108.02092,11.62706],[108.02171,11.62884],[108.02088,11.62985],[108.02162,11.63024],[108.02116,11.63099],[108.02265,11.6319],[108.0209,11.63379],[108.02319,11.63375],[108.02312,11.63533],[108.0251,11.636],[108.02276,11.63695],[108.02661,11.63852],[108.02989,11.63898],[108.03238,11.63665],[108.03486,11.63757],[108.03618,11.63908],[108.03952,11.63853],[108.04419,11.63429],[108.04453,11.63275],[108.04878,11.63321],[108.05166,11.6349],[108.05335,11.6362],[108.0547,11.63952],[108.05676,11.64108],[108.0578,11.64367],[108.05507,11.6469],[108.05582,11.64771],[108.05625,11.65207],[108.05757,11.65401],[108.05674,11.65442],[108.05614,11.65657],[108.05409,11.65753],[108.05227,11.66007],[108.05432,11.66546],[108.05412,11.66722],[108.05781,11.67115],[108.06432,11.67512],[108.06571,11.67692],[108.06556,11.67886],[108.071,11.68011],[108.07149,11.68163],[108.0731,11.68143],[108.0735,11.68258],[108.0769,11.68522],[108.08499,11.68396],[108.08411,11.69199],[108.08096,11.69932],[108.07753,11.70413],[108.07083,11.70972],[108.06659,11.71134],[108.05729,11.71279],[108.05594,11.71232],[108.04931,11.71302],[108.04403,11.71076],[108.03876,11.7108],[108.03578,11.70839],[108.03201,11.7075],[108.02832,11.70897],[108.02756,11.71474],[108.02508,11.71659],[108.02437,11.71854],[108.01965,11.72232],[108.01834,11.72459],[108.01584,11.72505],[108.01446,11.72618],[108.00578,11.72669],[108.00474,11.7316],[108.00362,11.73177],[108.00233,11.73468],[107.99964,11.73505],[108.00937,11.74475],[108.01044,11.74662],[108.00971,11.74897],[107.99792,11.75517],[107.99532,11.75564],[107.99125,11.75883],[107.99059,11.76005],[107.99059,11.76475],[107.98324,11.765],[107.98029,11.76724],[107.97932,11.77156],[107.97784,11.77395],[107.97338,11.77754],[107.97069,11.78227],[107.97153,11.78734],[107.97393,11.79061],[107.97343,11.79521],[107.97056,11.79677]]]}},{"type":"Feature","properties":{"id":"24871","name":"Đinh Văn Lâm Hà","type":"Xã","area":89.87,"population":48702},"geometry":{"type":"Polygon","coordinates":[[[108.27063,11.82137],[108.2682,11.82468],[108.26513,11.82532],[108.26189,11.82351],[108.25968,11.81982],[108.2572,11.81762],[108.25582,11.81694],[108.25485,11.81761],[108.25384,11.81588],[108.25212,11.81517],[108.25126,11.81327],[108.249,11.81303],[108.24771,11.8119],[108.24779,11.81],[108.24684,11.80908],[108.2443,11.80996],[108.24347,11.80873],[108.24314,11.80497],[108.24174,11.80279],[108.24225,11.80011],[108.23942,11.79767],[108.2333,11.79739],[108.232,11.7959],[108.23204,11.79483],[108.22904,11.79602],[108.229,11.80007],[108.22503,11.80132],[108.22316,11.80761],[108.22178,11.80617],[108.21979,11.80591],[108.21728,11.80419],[108.21677,11.80553],[108.21349,11.8066],[108.21361,11.80866],[108.21146,11.80969],[108.20935,11.80821],[108.20615,11.80828],[108.20416,11.80353],[108.2027,11.80339],[108.19851,11.80522],[108.19126,11.80134],[108.19041,11.80012],[108.19111,11.7973],[108.19042,11.79533],[108.18659,11.79329],[108.18409,11.78916],[108.18412,11.78669],[108.18725,11.78606],[108.18788,11.78211],[108.18721,11.78172],[108.18784,11.77903],[108.18737,11.7775],[108.19091,11.77691],[108.19089,11.7757],[108.1931,11.77468],[108.19204,11.77087],[108.18992,11.77019],[108.1931,11.7676],[108.19705,11.76907],[108.20276,11.76466],[108.20232,11.76352],[108.2047,11.75846],[108.20863,11.75902],[108.21001,11.75254],[108.21392,11.75096],[108.21504,11.74942],[108.2152,11.74753],[108.21426,11.74628],[108.21564,11.74328],[108.2181,11.74468],[108.22291,11.74412],[108.22287,11.74125],[108.22666,11.73873],[108.22826,11.73915],[108.23088,11.73635],[108.23233,11.73164],[108.23659,11.72955],[108.23671,11.72898],[108.23532,11.72935],[108.23588,11.72758],[108.2342,11.72681],[108.23294,11.72712],[108.23457,11.72421],[108.23263,11.71821],[108.23325,11.7175],[108.23283,11.71634],[108.23555,11.71267],[108.24621,11.71599],[108.24461,11.72058],[108.25043,11.72669],[108.25128,11.72989],[108.25075,11.7303],[108.25138,11.7322],[108.25097,11.73413],[108.25372,11.73818],[108.25587,11.74442],[108.25819,11.74652],[108.25925,11.74915],[108.26095,11.74706],[108.26205,11.74742],[108.26271,11.74673],[108.26314,11.74814],[108.2643,11.74867],[108.26659,11.74774],[108.26759,11.7463],[108.26892,11.74663],[108.27059,11.74526],[108.27068,11.74617],[108.27553,11.7466],[108.27989,11.74356],[108.28196,11.74579],[108.28798,11.7467],[108.29064,11.74879],[108.29223,11.7514],[108.29091,11.753],[108.29111,11.75484],[108.2925,11.75479],[108.29412,11.75626],[108.29802,11.75441],[108.29763,11.75571],[108.29882,11.75687],[108.29829,11.75722],[108.29868,11.75903],[108.30148,11.76099],[108.30343,11.76053],[108.30383,11.76211],[108.30972,11.76567],[108.3102,11.76715],[108.31037,11.76826],[108.30656,11.77177],[108.3046,11.77255],[108.3049,11.77366],[108.30335,11.7751],[108.30078,11.77541],[108.29858,11.77718],[108.29789,11.77883],[108.29882,11.78149],[108.29754,11.7817],[108.29785,11.78294],[108.29657,11.78303],[108.2987,11.78472],[108.29877,11.78609],[108.30166,11.79097],[108.30289,11.79664],[108.30217,11.79868],[108.30489,11.80121],[108.30622,11.80145],[108.30603,11.80367],[108.30793,11.80724],[108.30959,11.80835],[108.31085,11.80722],[108.31142,11.80778],[108.31089,11.80861],[108.30645,11.81081],[108.30194,11.81144],[108.29906,11.81411],[108.29624,11.8145],[108.29299,11.81735],[108.28914,11.81588],[108.28878,11.81494],[108.28694,11.81517],[108.28537,11.8141],[108.28028,11.81645],[108.28039,11.81895],[108.27838,11.8217],[108.27499,11.82091],[108.27192,11.8222],[108.27063,11.82137]]]}},{"type":"Feature","properties":{"id":"24931","name":"Đơn Dương","type":"Xã","area":127.81,"population":45160},"geometry":{"type":"Polygon","coordinates":[[[108.49029,11.82328],[108.48727,11.82511],[108.48519,11.82198],[108.4843,11.8187],[108.4821,11.81832],[108.4806,11.81555],[108.47845,11.81513],[108.4752,11.81191],[108.47259,11.81227],[108.46666,11.80822],[108.4649,11.80921],[108.46035,11.80847],[108.45857,11.80505],[108.45546,11.80514],[108.44973,11.79988],[108.44741,11.79928],[108.44309,11.79405],[108.44232,11.79143],[108.43987,11.79014],[108.43817,11.78673],[108.43501,11.78383],[108.43184,11.77897],[108.42626,11.77707],[108.42659,11.77089],[108.42802,11.77063],[108.42872,11.76885],[108.42727,11.76586],[108.42721,11.75833],[108.4281,11.75787],[108.42466,11.74999],[108.42491,11.74597],[108.42648,11.74494],[108.42367,11.74238],[108.42088,11.7434],[108.41693,11.74697],[108.41423,11.74807],[108.41241,11.7477],[108.41187,11.74682],[108.41404,11.74351],[108.41408,11.74114],[108.41242,11.74078],[108.40981,11.7385],[108.40686,11.73918],[108.40536,11.73806],[108.40489,11.73843],[108.40334,11.73665],[108.40469,11.73241],[108.40346,11.73105],[108.40424,11.72964],[108.40181,11.72414],[108.40343,11.72003],[108.4008,11.71344],[108.40094,11.7089],[108.39896,11.70807],[108.39732,11.70601],[108.39274,11.69783],[108.39177,11.69281],[108.39374,11.69129],[108.39426,11.68833],[108.39552,11.68754],[108.39527,11.68666],[108.39885,11.68347],[108.39944,11.68388],[108.40064,11.68316],[108.40253,11.68409],[108.40269,11.68298],[108.40614,11.68153],[108.40878,11.68238],[108.41201,11.68186],[108.41457,11.68016],[108.41851,11.67925],[108.42106,11.67533],[108.42017,11.67163],[108.42247,11.66799],[108.42189,11.66592],[108.42229,11.66371],[108.42493,11.6628],[108.42494,11.66059],[108.42597,11.65893],[108.42862,11.65829],[108.42927,11.65724],[108.42987,11.65822],[108.43682,11.66047],[108.44101,11.66065],[108.44273,11.6621],[108.44653,11.66154],[108.44852,11.66217],[108.45233,11.66131],[108.45462,11.65953],[108.45672,11.65972],[108.45754,11.65759],[108.45889,11.65971],[108.46062,11.65981],[108.46581,11.65706],[108.4682,11.65708],[108.47631,11.65424],[108.47771,11.65289],[108.48483,11.65185],[108.48754,11.65566],[108.49025,11.65731],[108.49395,11.65806],[108.49485,11.66105],[108.49953,11.66265],[108.50115,11.66451],[108.50356,11.66516],[108.50448,11.66631],[108.50437,11.67018],[108.50129,11.67082],[108.49789,11.67333],[108.49694,11.67586],[108.49483,11.67752],[108.49197,11.68175],[108.48881,11.68151],[108.48468,11.68363],[108.4785,11.68248],[108.47623,11.68356],[108.47242,11.68708],[108.47075,11.68649],[108.46871,11.68715],[108.46927,11.68868],[108.4687,11.68963],[108.4701,11.69214],[108.4667,11.69673],[108.46701,11.69877],[108.46563,11.70025],[108.46562,11.70315],[108.46647,11.70439],[108.4658,11.70557],[108.46715,11.70659],[108.46539,11.70751],[108.46487,11.71044],[108.46761,11.71489],[108.46777,11.71837],[108.46876,11.72067],[108.46722,11.72108],[108.46716,11.72202],[108.46578,11.723],[108.4664,11.7251],[108.46924,11.72504],[108.46792,11.73036],[108.46944,11.73106],[108.47214,11.7306],[108.47405,11.73207],[108.47712,11.73246],[108.47646,11.73734],[108.47781,11.73809],[108.47886,11.74114],[108.48251,11.74148],[108.48548,11.74471],[108.48716,11.74476],[108.48857,11.74237],[108.49056,11.74503],[108.49199,11.74573],[108.49431,11.74325],[108.49804,11.74286],[108.49815,11.74417],[108.49517,11.74378],[108.494,11.7456],[108.4967,11.74785],[108.49706,11.75088],[108.49937,11.74996],[108.49844,11.74761],[108.50175,11.74934],[108.50244,11.75143],[108.50131,11.75493],[108.50343,11.75687],[108.50511,11.75995],[108.50529,11.76254],[108.50691,11.76316],[108.50797,11.7666],[108.50893,11.76715],[108.50772,11.77724],[108.50571,11.77923],[108.50571,11.78013],[108.50508,11.77971],[108.50338,11.78197],[108.4978,11.78592],[108.49778,11.78758],[108.49551,11.79186],[108.48976,11.7939],[108.48614,11.79959],[108.48506,11.80478],[108.48577,11.80638],[108.49202,11.81014],[108.49342,11.81154],[108.49382,11.81376],[108.49725,11.81684],[108.4954,11.82145],[108.49385,11.82277],[108.49263,11.82211],[108.49029,11.82328]]]}},{"type":"Feature","properties":{"id":"24617","name":"Đông Gia Nghĩa","type":"Phường","area":105.78,"population":24199},"geometry":{"type":"Polygon","coordinates":[[[107.75313,12.00687],[107.75227,12.01202],[107.75083,12.01399],[107.73996,12.01646],[107.73833,12.0103],[107.73677,12.0081],[107.73342,12.00653],[107.73234,11.99966],[107.73133,11.99842],[107.72584,12.00305],[107.72348,11.9999],[107.71898,11.99929],[107.71272,11.99521],[107.71086,11.99503],[107.70994,11.99184],[107.70753,11.99224],[107.70759,11.99387],[107.70609,11.99374],[107.70457,11.9948],[107.70509,11.9963],[107.70374,11.9972],[107.70184,11.99683],[107.7008,11.99864],[107.70114,12.00006],[107.69498,12.00106],[107.69148,12.00372],[107.68829,12.00356],[107.68896,12.00204],[107.68786,12.00209],[107.68618,12.00051],[107.68536,11.99797],[107.68594,11.99686],[107.68438,11.99605],[107.68503,11.99303],[107.68319,11.98933],[107.68125,11.98788],[107.68056,11.98534],[107.67959,11.98473],[107.67796,11.98709],[107.67751,11.98451],[107.67438,11.98433],[107.67708,11.98334],[107.67844,11.98161],[107.67947,11.98379],[107.68137,11.9834],[107.68114,11.98182],[107.67901,11.98082],[107.68135,11.97782],[107.67945,11.9743],[107.67901,11.9695],[107.68145,11.96524],[107.68711,11.96373],[107.68572,11.96069],[107.68333,11.95833],[107.68255,11.95506],[107.68378,11.95473],[107.68387,11.95394],[107.68342,11.95231],[107.68227,11.95242],[107.68193,11.95111],[107.68311,11.94915],[107.68459,11.94926],[107.68403,11.94827],[107.68498,11.94812],[107.68545,11.94684],[107.68314,11.94554],[107.68297,11.94368],[107.68211,11.94309],[107.68056,11.94544],[107.68129,11.94655],[107.67877,11.94716],[107.67864,11.94522],[107.67583,11.94231],[107.67323,11.94442],[107.66914,11.94178],[107.66901,11.9409],[107.66659,11.94136],[107.66507,11.93897],[107.66192,11.93903],[107.66092,11.93748],[107.65872,11.93805],[107.65646,11.93594],[107.6536,11.93513],[107.65284,11.93344],[107.65143,11.93337],[107.64961,11.93186],[107.64951,11.92891],[107.64755,11.92745],[107.64789,11.92646],[107.64941,11.92611],[107.64915,11.92125],[107.64651,11.91866],[107.64576,11.91504],[107.64852,11.91374],[107.65249,11.91324],[107.65367,11.91133],[107.65575,11.91128],[107.65751,11.90983],[107.65715,11.90892],[107.65471,11.90834],[107.65682,11.90624],[107.6568,11.90444],[107.65806,11.90177],[107.65406,11.9],[107.65237,11.89815],[107.65218,11.89525],[107.65294,11.89412],[107.65879,11.89293],[107.66158,11.89095],[107.66187,11.88694],[107.66494,11.88817],[107.66887,11.88607],[107.67329,11.88581],[107.67769,11.89003],[107.67133,11.89534],[107.67155,11.89677],[107.67534,11.90233],[107.67484,11.90778],[107.67244,11.91111],[107.67345,11.91354],[107.68488,11.91613],[107.68877,11.92016],[107.70113,11.91591],[107.70646,11.92168],[107.70911,11.92245],[107.7196,11.91848],[107.72262,11.91611],[107.72633,11.91543],[107.73062,11.91714],[107.73539,11.9175],[107.73715,11.91927],[107.74316,11.91853],[107.75372,11.92758],[107.75557,11.93061],[107.76178,11.93417],[107.76256,11.93679],[107.76849,11.939],[107.76972,11.94106],[107.77393,11.94296],[107.77516,11.94541],[107.77803,11.94649],[107.77969,11.95026],[107.78764,11.95457],[107.78759,11.95987],[107.78499,11.96455],[107.78551,11.96696],[107.78213,11.97081],[107.78155,11.97293],[107.77701,11.97675],[107.77556,11.98143],[107.76253,11.98841],[107.76232,11.98964],[107.75625,11.99712],[107.75606,11.99914],[107.75698,12.00069],[107.75521,12.00549],[107.75313,12.00687]]]}},{"type":"Feature","properties":{"id":"23074","name":"Đông Giang","type":"Xã","area":205.23,"population":5131},"geometry":{"type":"Polygon","coordinates":[[[107.94225,11.34756],[107.93944,11.34866],[107.93727,11.35068],[107.93589,11.35391],[107.93569,11.35685],[107.93445,11.35889],[107.92851,11.36015],[107.93002,11.35399],[107.92831,11.33224],[107.92722,11.32727],[107.93486,11.32682],[107.93675,11.32512],[107.93815,11.32514],[107.93822,11.32187],[107.94125,11.32224],[107.94293,11.32154],[107.94176,11.31949],[107.94466,11.31378],[107.94339,11.3124],[107.94367,11.31124],[107.94491,11.30979],[107.94745,11.30896],[107.9479,11.30552],[107.95305,11.30447],[107.95544,11.29841],[107.95539,11.29667],[107.95166,11.29572],[107.95154,11.29351],[107.95674,11.29131],[107.9596,11.29169],[107.96123,11.29013],[107.96333,11.29068],[107.96729,11.28561],[107.96786,11.28386],[107.96978,11.28236],[107.97265,11.28225],[107.97392,11.27797],[107.97855,11.27865],[107.98078,11.27491],[107.9799,11.27101],[107.98097,11.26695],[107.98094,11.26197],[107.97909,11.26064],[107.98042,11.25547],[107.97795,11.25207],[107.97351,11.24898],[107.97244,11.24187],[107.96835,11.23935],[107.96877,11.23501],[107.9716,11.22948],[107.96957,11.2268],[107.96569,11.22593],[107.96153,11.22386],[107.95964,11.22399],[107.9521,11.21917],[107.94585,11.21687],[107.94337,11.21489],[107.93958,11.21469],[107.93125,11.21198],[107.92496,11.21099],[107.92061,11.21339],[107.91852,11.20959],[107.91072,11.20546],[107.90572,11.20412],[107.90336,11.19941],[107.90136,11.18861],[107.89922,11.18844],[107.898,11.18613],[107.89606,11.18459],[107.89277,11.18468],[107.8926,11.18346],[107.88932,11.18217],[107.88706,11.1796],[107.88314,11.17964],[107.88282,11.17651],[107.88137,11.17592],[107.88493,11.17309],[107.88972,11.17287],[107.88926,11.16762],[107.89077,11.16212],[107.8926,11.16206],[107.89411,11.15938],[107.89691,11.15858],[107.89746,11.15548],[107.89998,11.15499],[107.89986,11.15388],[107.90324,11.14853],[107.90287,11.14321],[107.90518,11.14361],[107.90931,11.14002],[107.9123,11.13985],[107.91695,11.14434],[107.9215,11.14462],[107.92893,11.14375],[107.9332,11.14585],[107.93491,11.14757],[107.94173,11.14931],[107.94793,11.14791],[107.95022,11.14851],[107.95293,11.15067],[107.95458,11.15464],[107.9543,11.15603],[107.95935,11.15793],[107.96111,11.15984],[107.96326,11.16004],[107.96716,11.15754],[107.97293,11.16577],[107.99681,11.19003],[107.99876,11.19004],[108.00082,11.18892],[108.0064,11.18905],[108.01167,11.19242],[108.0191,11.18975],[108.02291,11.19008],[108.02491,11.19074],[108.0294,11.19419],[108.0373,11.19525],[108.03935,11.19901],[108.04132,11.20012],[108.04607,11.20067],[108.047,11.20164],[108.049,11.20028],[108.05086,11.20401],[108.04986,11.21202],[108.04789,11.2112],[108.04666,11.21203],[108.04552,11.21675],[108.04732,11.21759],[108.04852,11.21964],[108.04751,11.22002],[108.0484,11.22347],[108.04639,11.22465],[108.04822,11.23229],[108.04653,11.2352],[108.05311,11.24039],[108.05214,11.24304],[108.05304,11.24545],[108.05165,11.24642],[108.05133,11.24774],[108.04992,11.24765],[108.04965,11.24947],[108.04753,11.25254],[108.04703,11.25566],[108.04222,11.25916],[108.04176,11.26036],[108.04247,11.26333],[108.04201,11.26548],[108.0435,11.26908],[108.0435,11.27309],[108.0447,11.27583],[108.04372,11.27883],[108.0389,11.28109],[108.03769,11.28252],[108.03274,11.29598],[108.03124,11.2967],[108.03047,11.29819],[108.03092,11.30329],[108.03217,11.30476],[108.03164,11.30685],[108.02898,11.31075],[108.02787,11.31496],[108.02865,11.3214],[108.03033,11.32332],[108.03045,11.32589],[108.02966,11.3274],[108.00206,11.33307],[108.00129,11.33451],[108.00162,11.33587],[108.00016,11.33598],[107.9981,11.33796],[107.99535,11.33889],[107.99419,11.34101],[107.98723,11.34012],[107.98464,11.34147],[107.97377,11.34437],[107.96625,11.34858],[107.95914,11.35121],[107.95695,11.35156],[107.94848,11.34729],[107.94225,11.34756]]]}},{"type":"Feature","properties":{"id":"23173","name":"Đồng Kho","type":"Xã","area":268.72,"population":30885},"geometry":{"type":"Polygon","coordinates":[[[107.80223,11.29491],[107.80327,11.31043],[107.8007,11.30914],[107.7967,11.30476],[107.79579,11.30221],[107.79409,11.30036],[107.79705,11.29041],[107.79686,11.28384],[107.7953,11.2805],[107.79376,11.27999],[107.79173,11.27778],[107.79068,11.27231],[107.7665,11.26296],[107.7404,11.2281],[107.73454,11.20706],[107.73099,11.20158],[107.72982,11.19809],[107.72738,11.19525],[107.72669,11.19203],[107.72534,11.19193],[107.72411,11.19011],[107.72549,11.18741],[107.72468,11.18592],[107.71953,11.18462],[107.7187,11.18632],[107.713,11.18551],[107.71294,11.18744],[107.69984,11.18083],[107.69854,11.1799],[107.68922,11.16617],[107.68695,11.16483],[107.68164,11.16439],[107.68063,11.16271],[107.67716,11.16167],[107.6727,11.16323],[107.66563,11.15667],[107.66344,11.15362],[107.66038,11.15221],[107.65941,11.1506],[107.66203,11.14848],[107.66767,11.13883],[107.66922,11.13895],[107.66955,11.14148],[107.6705,11.14216],[107.67225,11.13814],[107.67742,11.13746],[107.67836,11.13843],[107.67857,11.14088],[107.67977,11.14134],[107.68103,11.13802],[107.6837,11.1344],[107.68653,11.13546],[107.6901,11.13417],[107.69182,11.13513],[107.69177,11.13668],[107.68868,11.13837],[107.6874,11.14111],[107.68775,11.14406],[107.68986,11.14582],[107.69385,11.14311],[107.69476,11.1439],[107.69386,11.14645],[107.69431,11.14744],[107.69876,11.14463],[107.70071,11.14471],[107.70185,11.14632],[107.70567,11.14325],[107.70594,11.14046],[107.70503,11.139],[107.70427,11.13389],[107.71062,11.11648],[107.70805,11.09363],[107.70863,11.07534],[107.72617,11.0644],[107.73542,11.06436],[107.73701,11.06268],[107.73613,11.05965],[107.73867,11.05816],[107.74011,11.05386],[107.74456,11.0496],[107.75409,11.0493],[107.78659,11.03657],[107.81409,11.03687],[107.82481,11.03393],[107.8261,11.03957],[107.82522,11.04088],[107.82553,11.04205],[107.8237,11.04363],[107.82258,11.05306],[107.8127,11.0537],[107.78733,11.06518],[107.78511,11.07404],[107.7902,11.07797],[107.77753,11.0876],[107.78123,11.09754],[107.78277,11.10536],[107.78522,11.10842],[107.78533,11.1109],[107.78835,11.11592],[107.79125,11.11811],[107.78969,11.12093],[107.78865,11.12584],[107.78612,11.12516],[107.78444,11.12679],[107.78259,11.12674],[107.78213,11.12784],[107.77821,11.12713],[107.77694,11.1281],[107.77594,11.12776],[107.77636,11.12888],[107.77495,11.12894],[107.77336,11.13532],[107.78106,11.13945],[107.79377,11.15459],[107.79987,11.16448],[107.81083,11.17121],[107.81124,11.173],[107.81398,11.17686],[107.81607,11.17715],[107.81831,11.17982],[107.82012,11.17904],[107.8222,11.18307],[107.82381,11.18243],[107.8259,11.18503],[107.82884,11.18578],[107.83106,11.19253],[107.83283,11.19354],[107.83548,11.19373],[107.83576,11.2108],[107.83915,11.22346],[107.83856,11.22595],[107.84144,11.22856],[107.84371,11.22928],[107.84479,11.23077],[107.84905,11.23123],[107.85077,11.2346],[107.85289,11.23387],[107.85455,11.23608],[107.85699,11.23612],[107.8578,11.23912],[107.85229,11.25964],[107.84856,11.27002],[107.85008,11.27679],[107.84202,11.27878],[107.84094,11.28035],[107.83807,11.28173],[107.83477,11.282],[107.83391,11.28303],[107.83065,11.2842],[107.82617,11.2839],[107.8235,11.28453],[107.81487,11.2928],[107.80982,11.29383],[107.80507,11.29648],[107.80357,11.29654],[107.80213,11.29371],[107.80223,11.29491]]]}},{"type":"Feature","properties":{"id":"24717","name":"Đức An","type":"Xã","area":161.02,"population":33178},"geometry":{"type":"Polygon","coordinates":[[[107.60093,12.32752],[107.60012,12.32862],[107.59538,12.32636],[107.5931,12.32663],[107.5861,12.32195],[107.58413,12.31495],[107.58615,12.3123],[107.58203,12.30955],[107.57863,12.30957],[107.57514,12.30615],[107.57032,12.30422],[107.568,12.30551],[107.56462,12.3053],[107.56282,12.30639],[107.56112,12.30578],[107.55514,12.30042],[107.55264,12.29555],[107.54904,12.29459],[107.54815,12.29239],[107.54646,12.29142],[107.54492,12.28901],[107.54569,12.28713],[107.54723,12.28716],[107.54694,12.28647],[107.54822,12.28547],[107.55251,12.28645],[107.55227,12.28541],[107.55332,12.28485],[107.55277,12.28439],[107.55434,12.28401],[107.55405,12.28322],[107.55475,12.2834],[107.55506,12.28207],[107.55859,12.28126],[107.55917,12.27975],[107.56062,12.27902],[107.56037,12.27847],[107.56225,12.27905],[107.56321,12.2784],[107.56289,12.27445],[107.56217,12.27441],[107.56333,12.27312],[107.56321,12.2709],[107.56558,12.26988],[107.56642,12.26657],[107.56802,12.2667],[107.56831,12.26584],[107.56932,12.26583],[107.56883,12.26465],[107.57039,12.26436],[107.57003,12.26122],[107.56817,12.26009],[107.56857,12.25908],[107.56788,12.25859],[107.56724,12.25926],[107.5668,12.2582],[107.56556,12.25855],[107.5656,12.25725],[107.56632,12.25773],[107.56669,12.25596],[107.56834,12.25444],[107.56664,12.25161],[107.56247,12.24945],[107.56059,12.24966],[107.55838,12.24873],[107.56149,12.24691],[107.55774,12.24455],[107.54656,12.24458],[107.54726,12.24331],[107.54088,12.2341],[107.54184,12.22938],[107.53577,12.23174],[107.53287,12.23006],[107.53227,12.22747],[107.53126,12.2276],[107.52843,12.22891],[107.5245,12.23392],[107.52087,12.23347],[107.51927,12.23589],[107.51746,12.23591],[107.51559,12.23309],[107.51698,12.22992],[107.51761,12.2234],[107.52056,12.21768],[107.52382,12.21613],[107.52294,12.21176],[107.52524,12.20755],[107.52496,12.20662],[107.52744,12.20444],[107.52776,12.20174],[107.52862,12.20184],[107.52932,12.20041],[107.53048,12.20007],[107.53246,12.19598],[107.53753,12.19113],[107.53832,12.18459],[107.53541,12.1813],[107.5353,12.1794],[107.5364,12.17839],[107.53649,12.1748],[107.53831,12.17197],[107.53746,12.1716],[107.53869,12.1709],[107.53782,12.16989],[107.53891,12.1689],[107.53972,12.16927],[107.54003,12.1666],[107.5406,12.16684],[107.54115,12.16575],[107.54027,12.16557],[107.5406,12.16455],[107.54239,12.16391],[107.54255,12.16283],[107.54355,12.16321],[107.54347,12.16048],[107.5447,12.15978],[107.54597,12.16029],[107.54633,12.15858],[107.54737,12.15832],[107.54703,12.15637],[107.54803,12.15587],[107.5477,12.1552],[107.54864,12.15493],[107.54897,12.15363],[107.54968,12.15372],[107.54845,12.15214],[107.54949,12.15097],[107.54859,12.14934],[107.5491,12.14839],[107.55412,12.15155],[107.55709,12.15189],[107.56328,12.15072],[107.56654,12.15444],[107.56997,12.15264],[107.57281,12.15401],[107.57509,12.15341],[107.5772,12.15072],[107.58237,12.15165],[107.58895,12.14707],[107.59319,12.14532],[107.59746,12.14639],[107.59759,12.15303],[107.59868,12.15657],[107.59845,12.15888],[107.59675,12.16201],[107.59868,12.16365],[107.59925,12.16325],[107.59976,12.16441],[107.60156,12.16366],[107.60211,12.16643],[107.60088,12.16878],[107.60104,12.17047],[107.59729,12.17027],[107.59574,12.17267],[107.59216,12.17234],[107.58927,12.17326],[107.58477,12.17207],[107.58202,12.16968],[107.57897,12.16973],[107.57419,12.1739],[107.56948,12.18184],[107.57276,12.18823],[107.57379,12.1888],[107.57268,12.1973],[107.57462,12.20273],[107.57717,12.20358],[107.58142,12.20049],[107.58289,12.19748],[107.58459,12.19714],[107.58835,12.20026],[107.59283,12.19968],[107.59683,12.20216],[107.59719,12.20526],[107.59652,12.20869],[107.59837,12.21066],[107.59827,12.21393],[107.60327,12.22034],[107.60462,12.22503],[107.60465,12.23965],[107.606,12.23963],[107.61045,12.2372],[107.61322,12.23691],[107.61798,12.23399],[107.61805,12.23056],[107.61636,12.22913],[107.61607,12.22764],[107.6164,12.22541],[107.6173,12.22542],[107.6245,12.22859],[107.62745,12.23173],[107.62804,12.2336],[107.6313,12.23546],[107.63295,12.23306],[107.63496,12.23208],[107.63612,12.23263],[107.63464,12.23673],[107.63499,12.23935],[107.63365,12.24034],[107.63332,12.24213],[107.62956,12.24758],[107.6301,12.24846],[107.63249,12.24784],[107.63523,12.24986],[107.64087,12.24584],[107.6552,12.242],[107.65986,12.24166],[107.66282,12.24217],[107.67041,12.24898],[107.68017,12.25394],[107.68427,12.25122],[107.69643,12.2519],[107.69624,12.2531],[107.68664,12.26293],[107.68416,12.2637],[107.67894,12.26882],[107.67601,12.27502],[107.66901,12.28462],[107.66913,12.28828],[107.6667,12.28952],[107.66608,12.29153],[107.664,12.29181],[107.66228,12.29112],[107.66168,12.2924],[107.65663,12.2939],[107.6534,12.29311],[107.65148,12.29355],[107.65118,12.29488],[107.64765,12.29887],[107.64818,12.30102],[107.64601,12.303],[107.64389,12.30345],[107.64268,12.30198],[107.64241,12.30463],[107.64093,12.3063],[107.64009,12.30634],[107.63892,12.3045],[107.63841,12.30546],[107.63422,12.30665],[107.63282,12.31195],[107.63043,12.31325],[107.63,12.31555],[107.6279,12.31612],[107.62372,12.31304],[107.62181,12.31346],[107.61955,12.31671],[107.6145,12.32045],[107.60917,12.32312],[107.60612,12.32287],[107.60516,12.32522],[107.60093,12.32752]]]}},{"type":"Feature","properties":{"id":"24664","name":"Đức Lập","type":"Xã","area":88.19,"population":48586},"geometry":{"type":"Polygon","coordinates":[[[107.66174,12.53408],[107.66049,12.53451],[107.65908,12.53284],[107.65698,12.53329],[107.65477,12.53199],[107.65394,12.53287],[107.65337,12.53255],[107.65384,12.53066],[107.65268,12.52902],[107.65333,12.52438],[107.65158,12.52303],[107.65005,12.52301],[107.64975,12.51889],[107.64834,12.51769],[107.64915,12.51497],[107.64779,12.51277],[107.64934,12.50973],[107.64808,12.50665],[107.6491,12.50617],[107.64894,12.50472],[107.64741,12.50393],[107.64623,12.50471],[107.64472,12.50437],[107.64375,12.5034],[107.64463,12.50233],[107.64408,12.5003],[107.6451,12.49872],[107.64483,12.49498],[107.64581,12.49489],[107.64611,12.49325],[107.64744,12.49226],[107.6462,12.48896],[107.64648,12.48728],[107.64404,12.48393],[107.64132,12.48218],[107.64155,12.48014],[107.63962,12.47813],[107.63927,12.47498],[107.63606,12.46983],[107.63458,12.46132],[107.63125,12.4591],[107.63024,12.45736],[107.63194,12.45385],[107.63116,12.45369],[107.63189,12.45121],[107.6365,12.45316],[107.63935,12.45238],[107.63745,12.44926],[107.63643,12.44972],[107.6348,12.44622],[107.62962,12.4474],[107.62912,12.44883],[107.62998,12.45366],[107.62824,12.45314],[107.62774,12.45433],[107.62826,12.45458],[107.62686,12.45582],[107.62545,12.45365],[107.62472,12.45326],[107.62431,12.45388],[107.62129,12.45098],[107.61914,12.45053],[107.61702,12.45666],[107.6154,12.45873],[107.61355,12.45959],[107.6127,12.45778],[107.60516,12.45208],[107.60357,12.44933],[107.60386,12.44806],[107.60321,12.44775],[107.60477,12.44558],[107.60642,12.44501],[107.61418,12.43873],[107.61645,12.43577],[107.6095,12.43047],[107.60712,12.42997],[107.60746,12.4285],[107.60378,12.4255],[107.60596,12.42284],[107.6031,12.41972],[107.60461,12.41669],[107.60178,12.41389],[107.60211,12.41211],[107.60056,12.40912],[107.60126,12.40764],[107.59952,12.40526],[107.59621,12.40323],[107.6045,12.39126],[107.60871,12.38845],[107.60706,12.38505],[107.60772,12.38232],[107.60551,12.37783],[107.60481,12.36829],[107.60232,12.36379],[107.59805,12.35893],[107.59718,12.3559],[107.59476,12.35546],[107.59271,12.35263],[107.59068,12.35189],[107.59343,12.34404],[107.60371,12.34293],[107.60163,12.34973],[107.60235,12.35121],[107.61497,12.36491],[107.62272,12.36899],[107.62503,12.3686],[107.62442,12.37039],[107.62659,12.37347],[107.62685,12.38015],[107.63147,12.38539],[107.63037,12.38805],[107.63072,12.38992],[107.62935,12.39261],[107.63216,12.39469],[107.63907,12.39726],[107.63956,12.40238],[107.63899,12.40431],[107.6411,12.40588],[107.64207,12.40841],[107.64425,12.41049],[107.64495,12.41394],[107.64769,12.4149],[107.65046,12.42141],[107.65252,12.42154],[107.6521,12.42482],[107.65837,12.43278],[107.65986,12.43214],[107.66086,12.43441],[107.66273,12.43471],[107.66574,12.43933],[107.66786,12.43827],[107.66982,12.43837],[107.67178,12.44376],[107.6779,12.44404],[107.67874,12.44347],[107.68555,12.44486],[107.68583,12.44414],[107.69026,12.44747],[107.69177,12.44645],[107.693,12.4466],[107.70131,12.45751],[107.70188,12.46041],[107.70416,12.46088],[107.70478,12.46207],[107.70943,12.46354],[107.71294,12.4632],[107.71383,12.46221],[107.7149,12.46353],[107.71555,12.46286],[107.71989,12.46309],[107.72062,12.46431],[107.72203,12.4641],[107.72277,12.46528],[107.72478,12.46564],[107.72523,12.46678],[107.72801,12.46512],[107.73146,12.46664],[107.73224,12.47129],[107.73461,12.47193],[107.73414,12.47792],[107.73482,12.48202],[107.72865,12.4821],[107.72773,12.48274],[107.72481,12.48182],[107.72355,12.48217],[107.72163,12.47976],[107.71821,12.4784],[107.71367,12.47896],[107.70961,12.4736],[107.7048,12.47675],[107.69948,12.47638],[107.69037,12.47129],[107.69058,12.47713],[107.68795,12.47945],[107.68859,12.48114],[107.68309,12.48179],[107.68123,12.48299],[107.67726,12.48355],[107.67703,12.48903],[107.67393,12.49191],[107.673,12.49538],[107.67377,12.49667],[107.6752,12.4971],[107.67474,12.49764],[107.67598,12.49889],[107.67512,12.49957],[107.67531,12.5005],[107.67378,12.50053],[107.67408,12.5023],[107.67224,12.50431],[107.67025,12.50394],[107.66891,12.50474],[107.6685,12.50773],[107.66706,12.50888],[107.66588,12.51347],[107.66716,12.51479],[107.66674,12.51819],[107.66822,12.51944],[107.66579,12.52407],[107.66585,12.5267],[107.66498,12.52778],[107.66598,12.52932],[107.66446,12.53127],[107.66165,12.53237],[107.66174,12.53408]]]}},{"type":"Feature","properties":{"id":"23191","name":"Đức Linh","type":"Xã","area":103.27,"population":51099},"geometry":{"type":"Polygon","coordinates":[[[107.51902,11.24814],[107.51808,11.25159],[107.51696,11.25189],[107.51609,11.25011],[107.51617,11.24753],[107.51446,11.2449],[107.51264,11.24383],[107.50932,11.24377],[107.50825,11.2407],[107.50823,11.23744],[107.5025,11.23537],[107.50287,11.23042],[107.50611,11.22666],[107.50404,11.22512],[107.504,11.22424],[107.50456,11.22323],[107.50548,11.22376],[107.50672,11.2202],[107.5045,11.21809],[107.50307,11.2203],[107.50183,11.21793],[107.50207,11.21628],[107.49956,11.21606],[107.4975,11.21296],[107.49864,11.20974],[107.50054,11.21031],[107.50046,11.2113],[107.50178,11.2118],[107.50268,11.21049],[107.50438,11.20994],[107.50407,11.20908],[107.50587,11.20445],[107.50532,11.20271],[107.50336,11.2015],[107.50505,11.20005],[107.50437,11.19879],[107.5048,11.19803],[107.50372,11.19712],[107.51843,11.19933],[107.52676,11.18215],[107.52085,11.17911],[107.51807,11.17464],[107.5172,11.1646],[107.52141,11.15858],[107.52354,11.15797],[107.52456,11.15676],[107.52536,11.15251],[107.52414,11.14857],[107.52623,11.1482],[107.52772,11.14694],[107.53489,11.13678],[107.5407,11.13634],[107.54148,11.13554],[107.54464,11.13581],[107.54656,11.13134],[107.5529,11.1075],[107.55726,11.10524],[107.56121,11.10598],[107.56376,11.10379],[107.56775,11.10668],[107.56835,11.10983],[107.57696,11.11604],[107.57952,11.12166],[107.57771,11.12411],[107.58154,11.12381],[107.58535,11.12811],[107.58505,11.13115],[107.58401,11.131],[107.58462,11.13133],[107.58475,11.133],[107.58401,11.13335],[107.5848,11.13488],[107.58263,11.13915],[107.58591,11.13996],[107.58554,11.14123],[107.58694,11.14153],[107.58979,11.14802],[107.59177,11.1489],[107.59354,11.15194],[107.5943,11.15183],[107.59437,11.15404],[107.59313,11.15498],[107.59395,11.15576],[107.59315,11.15727],[107.59446,11.158],[107.59424,11.1611],[107.59306,11.16155],[107.59254,11.1606],[107.59192,11.16094],[107.59229,11.16228],[107.59371,11.16247],[107.59479,11.16513],[107.59266,11.16831],[107.5947,11.16764],[107.59353,11.16874],[107.59484,11.17018],[107.59491,11.17238],[107.60029,11.17763],[107.59854,11.1805],[107.59528,11.18088],[107.59435,11.18208],[107.59546,11.18586],[107.59841,11.18875],[107.59573,11.18798],[107.59251,11.18561],[107.59111,11.18681],[107.59064,11.18908],[107.59303,11.19134],[107.59197,11.19441],[107.59378,11.19669],[107.59825,11.19802],[107.60171,11.19769],[107.60093,11.20211],[107.59717,11.20117],[107.59491,11.203],[107.59402,11.20497],[107.59331,11.21031],[107.59681,11.21326],[107.59683,11.2142],[107.59336,11.21203],[107.59084,11.20923],[107.58856,11.21027],[107.58706,11.21444],[107.58586,11.2154],[107.58115,11.21615],[107.57796,11.21826],[107.57693,11.21773],[107.57633,11.21538],[107.57502,11.21608],[107.5725,11.21867],[107.57205,11.22176],[107.57295,11.22423],[107.57552,11.22565],[107.57524,11.22675],[107.57188,11.2272],[107.56502,11.22106],[107.56283,11.22233],[107.56214,11.2257],[107.56314,11.22952],[107.56472,11.2303],[107.56862,11.22877],[107.56928,11.22982],[107.56956,11.23354],[107.56601,11.23914],[107.56147,11.23745],[107.55459,11.24344],[107.55269,11.24378],[107.55042,11.24249],[107.54806,11.23704],[107.54457,11.23338],[107.54197,11.2393],[107.54064,11.24038],[107.53817,11.23885],[107.53605,11.23602],[107.53518,11.23611],[107.53675,11.2417],[107.53452,11.24355],[107.53203,11.24435],[107.53103,11.24678],[107.52785,11.24692],[107.52772,11.24969],[107.52577,11.25118],[107.52206,11.25157],[107.51902,11.24814]]]}},{"type":"Feature","properties":{"id":"24958","name":"Đức Trọng","type":"Xã","area":148.78,"population":85163},"geometry":{"type":"Polygon","coordinates":[[[108.38993,11.75982],[108.38942,11.76206],[108.38786,11.76277],[108.38575,11.75969],[108.38432,11.76108],[108.37635,11.75782],[108.37799,11.75495],[108.37721,11.75423],[108.36864,11.75512],[108.3629,11.75448],[108.36322,11.75165],[108.36544,11.75006],[108.36596,11.74082],[108.36542,11.73824],[108.35392,11.73912],[108.35353,11.73583],[108.34794,11.73623],[108.34735,11.73372],[108.34453,11.73423],[108.34229,11.73789],[108.3373,11.73713],[108.337,11.7355],[108.33513,11.73402],[108.33376,11.73554],[108.33146,11.73493],[108.32915,11.73776],[108.3251,11.73797],[108.3237,11.73735],[108.32742,11.73448],[108.32642,11.73432],[108.32626,11.73199],[108.32482,11.73092],[108.32549,11.72951],[108.3249,11.72951],[108.32424,11.72664],[108.32282,11.72562],[108.32179,11.72626],[108.32327,11.724],[108.32481,11.72357],[108.32568,11.72152],[108.32315,11.72152],[108.32191,11.72054],[108.32284,11.71857],[108.3222,11.71853],[108.32253,11.71672],[108.32135,11.71496],[108.32279,11.71525],[108.32315,11.71457],[108.32336,11.70926],[108.32182,11.70973],[108.32045,11.70842],[108.31915,11.71105],[108.31597,11.7092],[108.3165,11.70668],[108.31518,11.70569],[108.31771,11.69758],[108.31615,11.6986],[108.31496,11.6976],[108.31398,11.69912],[108.31267,11.69796],[108.31305,11.69589],[108.30916,11.69701],[108.30485,11.69124],[108.30443,11.68997],[108.30713,11.68271],[108.2997,11.68094],[108.29224,11.67784],[108.28963,11.67897],[108.28807,11.68178],[108.28634,11.68179],[108.28553,11.68111],[108.28539,11.67865],[108.28429,11.67873],[108.28149,11.67567],[108.27881,11.67636],[108.27783,11.67583],[108.27469,11.67735],[108.27642,11.67323],[108.27974,11.66998],[108.27912,11.6683],[108.27603,11.66548],[108.2768,11.66385],[108.27917,11.66298],[108.2857,11.66711],[108.28778,11.66603],[108.28859,11.66216],[108.29184,11.65869],[108.29164,11.65411],[108.29009,11.6523],[108.29072,11.65065],[108.29319,11.65112],[108.29825,11.654],[108.30087,11.65432],[108.30412,11.64831],[108.30552,11.64735],[108.3072,11.64759],[108.31119,11.6511],[108.31447,11.65214],[108.31758,11.64988],[108.31717,11.64903],[108.31806,11.64589],[108.32116,11.64619],[108.32431,11.64425],[108.32997,11.64747],[108.33278,11.64499],[108.33325,11.63548],[108.33453,11.63003],[108.32741,11.62535],[108.32392,11.61895],[108.32739,11.61444],[108.33024,11.61353],[108.33718,11.61512],[108.3512,11.61386],[108.35606,11.61665],[108.35778,11.61933],[108.35809,11.62197],[108.35942,11.62296],[108.36032,11.62264],[108.36403,11.62586],[108.36671,11.62538],[108.36883,11.62612],[108.36896,11.62451],[108.37034,11.62273],[108.3721,11.62299],[108.37164,11.62111],[108.37265,11.62023],[108.37594,11.61235],[108.37807,11.61235],[108.38006,11.61098],[108.38281,11.61193],[108.38375,11.61379],[108.38525,11.6136],[108.38602,11.61501],[108.39084,11.61476],[108.39218,11.6159],[108.39449,11.61479],[108.39628,11.61703],[108.39655,11.62153],[108.398,11.62177],[108.39926,11.6253],[108.40298,11.62787],[108.40694,11.62884],[108.40828,11.6284],[108.41301,11.63297],[108.41561,11.63287],[108.42328,11.63683],[108.42519,11.63626],[108.42759,11.63407],[108.42756,11.63874],[108.42698,11.6387],[108.42591,11.64428],[108.42659,11.64505],[108.42552,11.64901],[108.4236,11.64973],[108.42316,11.65193],[108.42364,11.65719],[108.42597,11.65893],[108.42494,11.66059],[108.42493,11.6628],[108.42229,11.66371],[108.42189,11.66592],[108.42247,11.66799],[108.42017,11.67163],[108.42106,11.67533],[108.42034,11.67667],[108.41781,11.67984],[108.41457,11.68016],[108.41201,11.68186],[108.40878,11.68238],[108.40614,11.68153],[108.40269,11.68298],[108.40253,11.68409],[108.40064,11.68316],[108.39944,11.68388],[108.39885,11.68347],[108.39527,11.68666],[108.39552,11.68754],[108.39426,11.68833],[108.39374,11.69129],[108.39177,11.69281],[108.39274,11.69783],[108.39732,11.70601],[108.39896,11.70807],[108.40094,11.7089],[108.4008,11.71344],[108.40343,11.72003],[108.40181,11.72414],[108.40424,11.72964],[108.40346,11.73105],[108.40468,11.73282],[108.40257,11.73917],[108.40038,11.74077],[108.39756,11.74078],[108.39474,11.74245],[108.39847,11.74551],[108.39539,11.75053],[108.39688,11.75193],[108.39726,11.75421],[108.39626,11.75585],[108.39345,11.75773],[108.39233,11.75994],[108.39056,11.75886],[108.38993,11.75982]]]}},{"type":"Feature","properties":{"id":"25015","name":"Gia Hiệp","type":"Xã","area":324.43,"population":21462},"geometry":{"type":"Polygon","coordinates":[[[108.19807,11.66954],[108.19639,11.66966],[108.19455,11.66848],[108.19214,11.66407],[108.19077,11.66331],[108.1813,11.66267],[108.17918,11.65742],[108.17837,11.65695],[108.17712,11.6579],[108.17549,11.65729],[108.16896,11.65096],[108.16438,11.64979],[108.16072,11.65138],[108.1534,11.65144],[108.15269,11.6492],[108.15026,11.64781],[108.14574,11.64089],[108.14635,11.63928],[108.14796,11.63922],[108.14774,11.63576],[108.1489,11.6335],[108.14781,11.62587],[108.14835,11.62566],[108.14837,11.62216],[108.1502,11.62025],[108.14828,11.6178],[108.15029,11.61691],[108.14925,11.61609],[108.14827,11.61679],[108.14841,11.61442],[108.1494,11.61421],[108.15074,11.61132],[108.15133,11.61201],[108.15228,11.61105],[108.15076,11.6105],[108.14443,11.61157],[108.14223,11.60922],[108.142,11.60751],[108.14329,11.60636],[108.14338,11.6042],[108.14577,11.60262],[108.14565,11.59888],[108.14639,11.59703],[108.15,11.59506],[108.1518,11.59203],[108.1557,11.58952],[108.15461,11.58496],[108.15634,11.57654],[108.16066,11.57485],[108.16129,11.57257],[108.16355,11.5709],[108.1645,11.56639],[108.16875,11.56536],[108.16889,11.56382],[108.16692,11.55923],[108.16452,11.55633],[108.15879,11.55469],[108.15891,11.55219],[108.16275,11.54462],[108.15939,11.5384],[108.15998,11.53509],[108.16138,11.53286],[108.16168,11.52931],[108.16531,11.52586],[108.1668,11.52325],[108.17042,11.52164],[108.1726,11.51426],[108.17499,11.51127],[108.17486,11.50291],[108.1766,11.49858],[108.17518,11.49389],[108.17714,11.49327],[108.17816,11.49377],[108.17903,11.49027],[108.17855,11.48866],[108.17624,11.48832],[108.17396,11.48581],[108.17432,11.48103],[108.17268,11.47801],[108.17351,11.47751],[108.17424,11.47436],[108.17079,11.4668],[108.17127,11.46373],[108.17437,11.46159],[108.1753,11.45893],[108.17206,11.45345],[108.17233,11.45078],[108.17145,11.44937],[108.17279,11.44825],[108.17322,11.44527],[108.17467,11.44255],[108.17366,11.43702],[108.17442,11.43308],[108.16488,11.41945],[108.167,11.41446],[108.16712,11.41235],[108.16623,11.41071],[108.167,11.40963],[108.17165,11.40769],[108.17239,11.40594],[108.17688,11.40519],[108.1793,11.40586],[108.18054,11.40307],[108.18612,11.40349],[108.18715,11.39959],[108.18883,11.3989],[108.18899,11.39527],[108.19505,11.39282],[108.19552,11.38776],[108.19483,11.38711],[108.19466,11.38354],[108.19336,11.3821],[108.19359,11.3794],[108.19747,11.3776],[108.20004,11.37501],[108.20481,11.37466],[108.20704,11.373],[108.20959,11.37298],[108.2117,11.37406],[108.21366,11.37313],[108.2182,11.37348],[108.22058,11.37278],[108.22167,11.37324],[108.22319,11.37589],[108.22448,11.37358],[108.23052,11.37217],[108.23119,11.37103],[108.23036,11.36546],[108.23185,11.36399],[108.23478,11.35428],[108.23565,11.35352],[108.23855,11.35339],[108.24603,11.35738],[108.25026,11.36074],[108.25397,11.35958],[108.25507,11.36001],[108.26417,11.37006],[108.26628,11.3742],[108.27341,11.38143],[108.27758,11.38688],[108.2772,11.388],[108.27858,11.39485],[108.29072,11.40038],[108.30138,11.40763],[108.30707,11.41311],[108.30553,11.41541],[108.30672,11.41735],[108.30638,11.42145],[108.30438,11.42335],[108.30346,11.42308],[108.30253,11.42508],[108.30275,11.42791],[108.30099,11.42754],[108.29793,11.42832],[108.29634,11.43293],[108.29682,11.4344],[108.29438,11.4373],[108.2941,11.44102],[108.29006,11.44288],[108.28505,11.44744],[108.28374,11.44761],[108.28185,11.44731],[108.27798,11.43989],[108.27481,11.43915],[108.27277,11.43999],[108.27027,11.44633],[108.26764,11.44864],[108.26704,11.45351],[108.26481,11.45671],[108.26367,11.46182],[108.25767,11.47506],[108.26141,11.47949],[108.271,11.48768],[108.27156,11.49023],[108.26543,11.49708],[108.26705,11.50137],[108.27223,11.50564],[108.27233,11.50857],[108.27103,11.50912],[108.27221,11.50985],[108.27482,11.50879],[108.27945,11.51564],[108.28174,11.51455],[108.28576,11.51522],[108.2918,11.51428],[108.29343,11.51502],[108.29506,11.51432],[108.29872,11.51584],[108.30361,11.5193],[108.29816,11.51953],[108.29772,11.52075],[108.29864,11.52191],[108.29913,11.52532],[108.29444,11.52852],[108.29077,11.52869],[108.29012,11.52713],[108.28534,11.52951],[108.2812,11.5291],[108.27821,11.527],[108.27651,11.52735],[108.2707,11.53548],[108.26904,11.53574],[108.26668,11.5402],[108.26188,11.5392],[108.25748,11.54068],[108.2552,11.54004],[108.25131,11.54549],[108.24857,11.5459],[108.24579,11.54812],[108.24283,11.54907],[108.24214,11.55037],[108.24002,11.55063],[108.23881,11.54959],[108.23853,11.55046],[108.2364,11.55102],[108.23537,11.55051],[108.23444,11.55166],[108.23507,11.55167],[108.23434,11.55378],[108.23238,11.55359],[108.23155,11.55537],[108.23206,11.55696],[108.23083,11.55919],[108.23157,11.5599],[108.22968,11.56042],[108.23149,11.56179],[108.22952,11.56264],[108.23163,11.56411],[108.23107,11.56552],[108.22974,11.56606],[108.23082,11.56951],[108.22954,11.57026],[108.2283,11.56979],[108.22911,11.57075],[108.22816,11.57195],[108.22965,11.5728],[108.22992,11.57127],[108.23119,11.57286],[108.23133,11.57088],[108.23394,11.5693],[108.23492,11.57167],[108.23396,11.57282],[108.2359,11.57178],[108.2363,11.5731],[108.23508,11.57332],[108.23464,11.5766],[108.23375,11.57665],[108.23217,11.57905],[108.23163,11.57857],[108.23077,11.57939],[108.23127,11.57982],[108.22991,11.58366],[108.23072,11.58347],[108.2308,11.58252],[108.23115,11.58339],[108.23016,11.58741],[108.22845,11.58853],[108.22931,11.58888],[108.22815,11.59145],[108.22841,11.59271],[108.22959,11.59163],[108.23064,11.595],[108.22903,11.59448],[108.22926,11.59564],[108.2279,11.59579],[108.22867,11.59784],[108.22549,11.59854],[108.22467,11.60198],[108.22311,11.60181],[108.22257,11.60268],[108.22391,11.60445],[108.22553,11.60348],[108.2244,11.60651],[108.22614,11.60841],[108.22623,11.61114],[108.22845,11.61295],[108.229,11.61483],[108.23259,11.61506],[108.23388,11.61743],[108.23208,11.61883],[108.23422,11.61942],[108.23406,11.62017],[108.23171,11.62174],[108.22942,11.62124],[108.22778,11.62247],[108.22949,11.62607],[108.22923,11.62907],[108.23133,11.6295],[108.23151,11.63118],[108.22823,11.63424],[108.22739,11.63318],[108.22586,11.63338],[108.22558,11.63716],[108.22287,11.63791],[108.2213,11.63975],[108.21777,11.63973],[108.21689,11.64317],[108.21433,11.64381],[108.21498,11.64599],[108.21463,11.64829],[108.21855,11.64874],[108.22054,11.65147],[108.22009,11.65295],[108.21818,11.65294],[108.21877,11.65472],[108.2179,11.65632],[108.2186,11.65859],[108.21804,11.65977],[108.21572,11.66124],[108.20589,11.66368],[108.20183,11.66875],[108.19807,11.66954]]]}},{"type":"Feature","properties":{"id":"23020","name":"Hải Ninh","type":"Xã","area":289.99,"population":19422},"geometry":{"type":"Polygon","coordinates":[[[108.58884,11.37397],[108.56044,11.38927],[108.52827,11.39354],[108.51024,11.37657],[108.51684,11.35424],[108.50466,11.33472],[108.49776,11.36266],[108.47744,11.37541],[108.45755,11.39399],[108.44691,11.39086],[108.41897,11.37706],[108.36959,11.37271],[108.36863,11.35852],[108.37704,11.3449],[108.36783,11.33527],[108.36733,11.33073],[108.36873,11.32881],[108.37129,11.32916],[108.37322,11.32762],[108.37632,11.32255],[108.37806,11.3223],[108.3798,11.31727],[108.38472,11.31455],[108.38716,11.31513],[108.38907,11.31392],[108.38969,11.31198],[108.38917,11.31085],[108.38989,11.31009],[108.38923,11.30929],[108.39075,11.30857],[108.39015,11.30767],[108.39086,11.30566],[108.39336,11.3046],[108.39418,11.30309],[108.39319,11.29793],[108.39256,11.29838],[108.39155,11.2964],[108.39225,11.29339],[108.39433,11.29217],[108.39418,11.29125],[108.41147,11.2803],[108.42407,11.25243],[108.43925,11.25685],[108.44092,11.2505],[108.44246,11.2493],[108.44158,11.2468],[108.44215,11.24599],[108.44432,11.24559],[108.44555,11.24382],[108.44465,11.24114],[108.44475,11.23935],[108.44633,11.23698],[108.44585,11.23549],[108.44691,11.23611],[108.44955,11.23451],[108.45362,11.24516],[108.45465,11.25111],[108.46757,11.24984],[108.46775,11.24465],[108.47246,11.23887],[108.49427,11.24536],[108.49535,11.24185],[108.5072,11.2447],[108.50864,11.24839],[108.50837,11.24946],[108.51423,11.25127],[108.51418,11.25284],[108.51547,11.25419],[108.51476,11.25594],[108.51335,11.25608],[108.51179,11.25773],[108.51177,11.26268],[108.51039,11.26324],[108.5086,11.26244],[108.50736,11.26307],[108.5062,11.26814],[108.50142,11.26896],[108.49817,11.2686],[108.49717,11.27026],[108.49465,11.27071],[108.49498,11.27253],[108.53008,11.27196],[108.54779,11.28522],[108.5383,11.28759],[108.5397,11.29511],[108.57236,11.31304],[108.6166,11.30981],[108.61656,11.33842],[108.60737,11.35879],[108.59211,11.37221],[108.58884,11.37397]]]}},{"type":"Feature","properties":{"id":"23128","name":"Hàm Kiệm","type":"Xã","area":162.09,"population":31445},"geometry":{"type":"Polygon","coordinates":[[[108.00167,10.99167],[107.99914,10.99116],[107.99801,10.98883],[107.99564,10.98825],[107.99522,10.98885],[107.99416,10.98799],[107.99459,10.98452],[107.99314,10.98354],[107.99146,10.98441],[107.98841,10.98308],[107.98658,10.98409],[107.98513,10.98323],[107.98171,10.98475],[107.97808,10.98479],[107.97705,10.98646],[107.97459,10.98548],[107.98022,10.98033],[107.97975,10.97875],[107.98182,10.97847],[107.98112,10.97715],[107.97853,10.97594],[107.97514,10.97574],[107.97005,10.97138],[107.96738,10.97118],[107.9659,10.9699],[107.9674,10.96664],[107.96354,10.96171],[107.96536,10.96084],[107.96779,10.95677],[107.96219,10.95697],[107.96027,10.95958],[107.95371,10.9649],[107.94717,10.96445],[107.94598,10.9659],[107.94019,10.96777],[107.94016,10.96572],[107.92768,10.96044],[107.92552,10.9604],[107.92514,10.96197],[107.9221,10.96357],[107.91808,10.96249],[107.91633,10.96317],[107.91469,10.96222],[107.91347,10.96255],[107.91024,10.96063],[107.90805,10.96224],[107.90742,10.96057],[107.90561,10.96121],[107.90011,10.95753],[107.89911,10.95885],[107.89762,10.95634],[107.89443,10.95737],[107.89466,10.95599],[107.89153,10.95613],[107.89132,10.95156],[107.89224,10.95149],[107.89475,10.94812],[107.89161,10.94565],[107.8895,10.94269],[107.88827,10.94244],[107.88869,10.9414],[107.88758,10.93974],[107.88675,10.93977],[107.88637,10.93822],[107.8851,10.93865],[107.88518,10.93744],[107.88396,10.93754],[107.88473,10.93695],[107.88415,10.93597],[107.88494,10.93493],[107.88342,10.93437],[107.88406,10.93303],[107.88093,10.93246],[107.87694,10.92874],[107.87665,10.92735],[107.87351,10.92688],[107.87407,10.92586],[107.87202,10.92654],[107.87043,10.92413],[107.86753,10.92363],[107.86685,10.92242],[107.86479,10.9224],[107.86577,10.92052],[107.93314,10.89118],[107.93416,10.8893],[107.93594,10.88919],[107.93589,10.88842],[107.93869,10.8873],[107.9395,10.88761],[107.94146,10.88529],[107.94334,10.88538],[107.94534,10.88318],[107.94632,10.87889],[107.94538,10.87828],[107.94455,10.87504],[107.94454,10.87099],[107.94396,10.87046],[107.94462,10.8687],[107.94335,10.86399],[107.94417,10.86209],[107.94387,10.85766],[107.94251,10.85494],[107.94731,10.85389],[107.95085,10.85121],[107.95533,10.85376],[107.96845,10.85188],[107.98156,10.82129],[107.98079,10.81688],[107.98647,10.81869],[107.99131,10.81647],[107.99465,10.8161],[107.99644,10.81778],[107.99845,10.8172],[108.00072,10.82014],[107.99947,10.82222],[107.99973,10.82463],[108.00082,10.82592],[108.00086,10.82786],[108.00228,10.83097],[108.00522,10.83411],[108.00424,10.83727],[108.00621,10.83991],[108.00733,10.84309],[108.01144,10.84492],[108.01542,10.85081],[108.01569,10.85308],[108.01479,10.85527],[108.00786,10.85752],[108.00513,10.85946],[108.00402,10.86199],[108.0002,10.86664],[108.00357,10.86718],[108.02545,10.89671],[108.02144,10.90957],[108.02183,10.91158],[108.02001,10.91384],[108.02091,10.91791],[108.01857,10.91762],[108.01923,10.91871],[108.02123,10.91872],[108.01903,10.92023],[108.01895,10.9212],[108.01998,10.92248],[108.02172,10.92263],[108.0227,10.92434],[108.02027,10.924],[108.02089,10.92676],[108.02028,10.92823],[108.01692,10.92935],[108.01598,10.93548],[108.01321,10.93511],[108.01238,10.94118],[108.009,10.94049],[108.00776,10.93933],[108.00495,10.94021],[108.00418,10.93943],[108.0018,10.93949],[107.99803,10.94211],[107.98963,10.94349],[107.98798,10.94752],[107.98783,10.9491],[107.99443,10.95191],[108.00283,10.95112],[108.00503,10.9527],[108.00815,10.95192],[108.01032,10.95415],[108.01433,10.95536],[108.01376,10.95689],[108.01468,10.95838],[108.01356,10.96319],[108.0176,10.96363],[108.01952,10.96207],[108.02285,10.96671],[108.02222,10.96778],[108.02292,10.96846],[108.02207,10.96835],[108.02238,10.96935],[108.02145,10.96919],[108.02205,10.96996],[108.02091,10.97079],[108.02124,10.97169],[108.01962,10.97291],[108.01857,10.97204],[108.0179,10.97338],[108.01699,10.97318],[108.01751,10.97221],[108.01641,10.97141],[108.01709,10.97072],[108.01649,10.97021],[108.01605,10.97074],[108.01518,10.96952],[108.0149,10.97128],[108.01366,10.97141],[108.00986,10.97429],[108.0078,10.97334],[108.00778,10.97497],[108.00665,10.97482],[108.00697,10.97588],[108.01356,10.98184],[108.01339,10.98318],[108.01066,10.98736],[108.00926,10.9873],[108.00643,10.98994],[108.00167,10.99167]]]}},{"type":"Feature","properties":{"id":"23095","name":"Hàm Liêm","type":"Xã","area":113.81,"population":31253},"geometry":{"type":"Polygon","coordinates":[[[108.02035,11.07222],[108.01961,11.0721],[108.01836,11.03304],[108.02353,11.03063],[108.02408,11.02695],[108.02299,11.02498],[108.02497,11.02329],[108.02472,11.01858],[108.02742,11.01364],[108.02968,11.01115],[108.03284,11.01038],[108.0339,11.00824],[108.03766,11.0059],[108.03816,11.00095],[108.04095,10.99981],[108.04241,10.99739],[108.04303,10.99778],[108.04497,10.99501],[108.05017,10.99157],[108.05591,10.98549],[108.05719,10.98353],[108.05557,10.98207],[108.05642,10.9814],[108.05675,10.97808],[108.0654,10.9745],[108.06741,10.97518],[108.06912,10.97345],[108.06932,10.97065],[108.07205,10.9706],[108.07087,10.96776],[108.07185,10.96532],[108.08076,10.96453],[108.08162,10.96391],[108.08158,10.96282],[108.08576,10.96017],[108.0859,10.95755],[108.08762,10.95734],[108.08839,10.95447],[108.09049,10.95352],[108.09151,10.95324],[108.09382,10.95668],[108.09618,10.95703],[108.09588,10.95643],[108.09771,10.95647],[108.1031,10.95385],[108.10388,10.95262],[108.10636,10.95246],[108.10961,10.95419],[108.11126,10.95288],[108.10803,10.95911],[108.1067,10.9601],[108.11042,10.96956],[108.11408,10.98362],[108.11519,10.98363],[108.11536,10.98432],[108.11749,10.98379],[108.1182,10.98471],[108.12082,10.98444],[108.12219,10.98595],[108.12507,10.99257],[108.12383,10.99573],[108.12768,10.99934],[108.1289,11.00188],[108.12911,11.00505],[108.13225,11.0044],[108.13305,11.00545],[108.13833,11.00516],[108.13946,11.00601],[108.1428,11.02114],[108.14107,11.02813],[108.14504,11.02914],[108.14636,11.03235],[108.14477,11.03224],[108.1394,11.03479],[108.13946,11.03211],[108.13651,11.03285],[108.13789,11.03464],[108.13643,11.03587],[108.13755,11.0369],[108.13678,11.03815],[108.13521,11.03849],[108.13528,11.03972],[108.13401,11.03957],[108.13317,11.03841],[108.13253,11.0421],[108.13019,11.04167],[108.12892,11.04276],[108.12886,11.04423],[108.12746,11.04519],[108.12549,11.05027],[108.12019,11.05187],[108.1185,11.05751],[108.11957,11.06102],[108.11872,11.06225],[108.11906,11.06365],[108.11089,11.0558],[108.10833,11.05704],[108.10434,11.05574],[108.10316,11.05701],[108.10155,11.05727],[108.09358,11.0557],[108.08953,11.05964],[108.08635,11.06002],[108.07883,11.06412],[108.07413,11.06242],[108.06368,11.06502],[108.05383,11.06884],[108.03059,11.06894],[108.02035,11.07222]]]}},{"type":"Feature","properties":{"id":"23236","name":"Hàm Tân","type":"Xã","area":198.46,"population":35209},"geometry":{"type":"Polygon","coordinates":[[[107.73001,10.85153],[107.71269,10.85711],[107.6961,10.81897],[107.66694,10.80603],[107.67411,10.78938],[107.65759,10.77798],[107.63968,10.77494],[107.6183,10.77398],[107.54439,10.76645],[107.57035,10.74863],[107.58055,10.74836],[107.60231,10.75713],[107.60865,10.74787],[107.60842,10.74514],[107.60742,10.74396],[107.60711,10.73697],[107.61012,10.73271],[107.61198,10.72794],[107.61508,10.72678],[107.61755,10.72481],[107.61885,10.72499],[107.61906,10.72321],[107.62003,10.72385],[107.62448,10.72043],[107.626,10.72065],[107.62614,10.72161],[107.62686,10.72048],[107.63134,10.72176],[107.64115,10.72078],[107.64463,10.71516],[107.64383,10.71118],[107.64485,10.70822],[107.64348,10.70756],[107.64226,10.70347],[107.64338,10.70235],[107.64401,10.70275],[107.64338,10.70126],[107.64406,10.70191],[107.64472,10.7014],[107.64436,10.69862],[107.64508,10.69822],[107.64556,10.69892],[107.64762,10.69748],[107.64858,10.69607],[107.64766,10.69523],[107.64907,10.69396],[107.65114,10.69368],[107.65179,10.69162],[107.65313,10.69212],[107.65552,10.69148],[107.66143,10.69604],[107.66285,10.69595],[107.66324,10.69315],[107.67901,10.69688],[107.67983,10.69828],[107.68173,10.69906],[107.69205,10.69789],[107.69573,10.69926],[107.69919,10.69933],[107.70311,10.697],[107.70481,10.69717],[107.70752,10.69888],[107.71263,10.698],[107.71818,10.70095],[107.72076,10.70506],[107.7297,10.70195],[107.73099,10.70308],[107.73608,10.70119],[107.74177,10.70603],[107.73581,10.71209],[107.7369,10.71476],[107.74434,10.72162],[107.7461,10.72509],[107.74964,10.72845],[107.75126,10.73285],[107.75244,10.73369],[107.75815,10.73399],[107.75663,10.75701],[107.74369,10.78515],[107.77501,10.79116],[107.77376,10.80181],[107.77546,10.81882],[107.75526,10.81916],[107.7536,10.82088],[107.75194,10.81943],[107.74966,10.82195],[107.75018,10.82362],[107.74907,10.82745],[107.75,10.82935],[107.74184,10.8291],[107.73505,10.82743],[107.73629,10.83323],[107.73699,10.84472],[107.74107,10.8517],[107.74201,10.85595],[107.74031,10.85663],[107.74033,10.85601],[107.73811,10.85503],[107.73826,10.85385],[107.73699,10.85274],[107.73001,10.85153]]]}},{"type":"Feature","properties":{"id":"22933","name":"Hàm Thắng","type":"Phường","area":44.9,"population":54544},"geometry":{"type":"Polygon","coordinates":[[[108.14203,11.00745],[108.14011,11.00912],[108.13946,11.00601],[108.13859,11.00521],[108.1347,11.00576],[108.134,11.00506],[108.13305,11.00545],[108.13225,11.0044],[108.12911,11.00505],[108.1289,11.00188],[108.12768,10.99934],[108.12383,10.99573],[108.12507,10.99257],[108.12219,10.98595],[108.12082,10.98444],[108.1182,10.98471],[108.11749,10.98379],[108.11536,10.98432],[108.11519,10.98363],[108.11408,10.98362],[108.11042,10.96956],[108.1067,10.9601],[108.10803,10.95911],[108.11126,10.95288],[108.10961,10.95419],[108.10636,10.95246],[108.1032,10.95301],[108.10214,10.95041],[108.09796,10.94998],[108.09297,10.94601],[108.09924,10.94378],[108.09864,10.94251],[108.10317,10.94294],[108.10511,10.94184],[108.10834,10.94441],[108.11377,10.94359],[108.11598,10.94791],[108.12101,10.94673],[108.12475,10.94463],[108.12648,10.94548],[108.12945,10.94462],[108.13848,10.94539],[108.14019,10.94489],[108.14072,10.9458],[108.14591,10.94388],[108.18256,10.95989],[108.18847,10.95523],[108.18841,10.96013],[108.19611,10.99333],[108.19004,10.99712],[108.18686,10.99255],[108.17886,10.99211],[108.16744,10.98722],[108.15139,10.98687],[108.15092,10.98896],[108.14849,10.98965],[108.14944,10.98937],[108.14963,10.99064],[108.15065,10.99028],[108.15103,10.992],[108.14862,10.99259],[108.1479,10.99451],[108.15016,10.99737],[108.15048,11.0011],[108.14912,11.00201],[108.14792,11.00151],[108.14593,11.00229],[108.14604,11.00364],[108.14404,11.00523],[108.14438,11.0075],[108.14203,11.00745]]]}},{"type":"Feature","properties":{"id":"23122","name":"Hàm Thạnh","type":"Xã","area":440.7,"population":16306},"geometry":{"type":"Polygon","coordinates":[[[108.00178,11.07391],[107.98971,11.08003],[107.96623,11.08931],[107.93309,11.11955],[107.9123,11.13985],[107.90919,11.14008],[107.90518,11.14361],[107.90297,11.1431],[107.90324,11.14853],[107.89986,11.15388],[107.89998,11.15499],[107.89746,11.15548],[107.89691,11.15858],[107.89411,11.15938],[107.8926,11.16206],[107.89077,11.16212],[107.88926,11.16762],[107.88972,11.17287],[107.88493,11.17309],[107.88137,11.17592],[107.87591,11.17483],[107.87416,11.17061],[107.87295,11.16998],[107.86888,11.17185],[107.86728,11.17531],[107.86586,11.17538],[107.86432,11.17671],[107.85697,11.17498],[107.85271,11.17278],[107.84904,11.17631],[107.84315,11.17309],[107.84374,11.17089],[107.84573,11.17118],[107.84663,11.16986],[107.84668,11.16775],[107.84555,11.1667],[107.84375,11.16601],[107.83967,11.16652],[107.83817,11.16537],[107.83321,11.16647],[107.83111,11.1648],[107.83112,11.16327],[107.82905,11.16382],[107.82763,11.1682],[107.82438,11.16833],[107.8236,11.16555],[107.80984,11.17043],[107.79987,11.16448],[107.79377,11.15459],[107.78106,11.13945],[107.77336,11.13532],[107.77495,11.12894],[107.77636,11.12888],[107.77594,11.12776],[107.77694,11.1281],[107.77821,11.12713],[107.78213,11.12784],[107.78259,11.12674],[107.78444,11.12679],[107.78612,11.12516],[107.78865,11.12584],[107.78969,11.12093],[107.79125,11.11811],[107.78835,11.11592],[107.78533,11.1109],[107.78522,11.10842],[107.78277,11.10536],[107.78123,11.09754],[107.77753,11.0876],[107.7902,11.07797],[107.78511,11.07404],[107.78733,11.06518],[107.8127,11.0537],[107.82258,11.05306],[107.8237,11.04363],[107.82553,11.04205],[107.82522,11.04088],[107.8261,11.03957],[107.82346,11.02818],[107.82176,11.0229],[107.82031,11.02103],[107.82089,11.01925],[107.82175,11.01925],[107.82197,11.01798],[107.82318,11.01725],[107.82323,11.0148],[107.82688,11.01165],[107.82683,11.01019],[107.8304,11.00865],[107.83018,11.00721],[107.82764,11.00694],[107.82715,11.00463],[107.82575,11.00361],[107.82639,11.00314],[107.82437,11.00091],[107.82723,10.99898],[107.82693,10.99745],[107.8278,10.9971],[107.82708,10.98768],[107.82889,10.98621],[107.8291,10.98382],[107.83249,10.97632],[107.83683,10.94341],[107.84838,10.94374],[107.8488,10.93854],[107.85739,10.93219],[107.87118,10.92581],[107.87211,10.92656],[107.87407,10.92586],[107.87351,10.92688],[107.87665,10.92735],[107.87694,10.92874],[107.88093,10.93246],[107.88406,10.93303],[107.88342,10.93437],[107.88494,10.93493],[107.88415,10.93597],[107.88473,10.93695],[107.88396,10.93754],[107.88518,10.93744],[107.8851,10.93865],[107.88637,10.93822],[107.88675,10.93977],[107.88758,10.93974],[107.88869,10.9414],[107.88827,10.94244],[107.8895,10.94269],[107.89161,10.94565],[107.89475,10.94812],[107.89224,10.95149],[107.89132,10.95156],[107.89187,10.95393],[107.89118,10.95439],[107.89153,10.95613],[107.89475,10.95605],[107.89435,10.95735],[107.8976,10.95634],[107.89911,10.95885],[107.90011,10.95753],[107.90561,10.96121],[107.90742,10.96057],[107.90805,10.96224],[107.91024,10.96063],[107.91609,10.96315],[107.91775,10.96245],[107.9221,10.96357],[107.92514,10.96197],[107.92552,10.9604],[107.92768,10.96044],[107.94016,10.96572],[107.94019,10.96777],[107.94598,10.9659],[107.94717,10.96445],[107.95371,10.9649],[107.96027,10.95958],[107.96219,10.95697],[107.96779,10.95677],[107.96536,10.96084],[107.96354,10.96171],[107.9674,10.96664],[107.9659,10.9699],[107.96738,10.97118],[107.97005,10.97138],[107.97514,10.97574],[107.97853,10.97594],[107.98112,10.97715],[107.98182,10.97847],[107.97975,10.97875],[107.98022,10.98033],[107.9754,10.98432],[107.97459,10.98548],[107.97506,10.98593],[107.97705,10.98646],[107.97808,10.98479],[107.98171,10.98475],[107.98513,10.98323],[107.98658,10.98409],[107.98841,10.98308],[107.99146,10.98441],[107.99314,10.98354],[107.99459,10.98452],[107.99416,10.98799],[107.99522,10.98885],[107.99564,10.98825],[107.99801,10.98883],[107.99878,10.99087],[108.00161,10.99169],[108.00528,10.9906],[108.00926,10.9873],[108.01066,10.98736],[108.01275,10.98423],[108.01352,10.98783],[108.01235,10.99157],[108.0136,10.99239],[108.01126,10.99472],[108.01126,10.99901],[108.00905,11.00325],[108.01038,11.00717],[108.01066,11.01139],[108.00835,11.01373],[108.00719,11.02001],[108.00544,11.02143],[108.0177,11.02285],[108.01964,11.07244],[108.00496,11.0723],[108.00178,11.07391]]]}},{"type":"Feature","properties":{"id":"23059","name":"Hàm Thuận","type":"Xã","area":198.36,"population":50680},"geometry":{"type":"Polygon","coordinates":[[[108.00178,11.14953],[107.99387,11.14919],[107.9916,11.14691],[107.98994,11.14716],[107.98974,11.14545],[107.98686,11.14275],[107.98557,11.14259],[107.97952,11.14577],[107.97421,11.1467],[107.97299,11.1491],[107.97017,11.1501],[107.96852,11.15169],[107.96703,11.15784],[107.963,11.16009],[107.96093,11.15978],[107.95935,11.15793],[107.9543,11.15603],[107.95458,11.15464],[107.95293,11.15067],[107.95022,11.14851],[107.94793,11.14791],[107.94173,11.14931],[107.93491,11.14757],[107.9332,11.14585],[107.92893,11.14375],[107.9215,11.14462],[107.91695,11.14434],[107.9123,11.13985],[107.93309,11.11955],[107.96623,11.08931],[107.98971,11.08003],[108.00496,11.0723],[108.01964,11.07244],[108.03059,11.06894],[108.05383,11.06884],[108.06368,11.06502],[108.07413,11.06242],[108.07883,11.06412],[108.08635,11.06002],[108.08953,11.05964],[108.09358,11.0557],[108.10155,11.05727],[108.10316,11.05701],[108.10434,11.05574],[108.10833,11.05704],[108.11089,11.0558],[108.11906,11.06365],[108.11872,11.06225],[108.11957,11.06102],[108.1185,11.05751],[108.12019,11.05187],[108.12549,11.05027],[108.12746,11.04519],[108.12886,11.04423],[108.12892,11.04276],[108.13019,11.04167],[108.13253,11.0421],[108.13317,11.03841],[108.13401,11.03957],[108.13528,11.03972],[108.13521,11.03849],[108.13678,11.03815],[108.13755,11.0369],[108.13643,11.03587],[108.13789,11.03464],[108.13651,11.03285],[108.13946,11.03211],[108.1394,11.03479],[108.14477,11.03224],[108.14636,11.03235],[108.14504,11.02914],[108.14107,11.02813],[108.1428,11.02114],[108.14001,11.00965],[108.14134,11.00764],[108.14438,11.0075],[108.14404,11.00523],[108.14604,11.00364],[108.14587,11.00234],[108.14792,11.00151],[108.14912,11.00201],[108.15048,11.0011],[108.15016,10.99737],[108.1479,10.99451],[108.14862,10.99259],[108.15103,10.992],[108.15065,10.99028],[108.14963,10.99064],[108.14944,10.98937],[108.14849,10.98971],[108.15092,10.98896],[108.15106,10.98697],[108.1671,10.98714],[108.17886,10.99211],[108.18686,10.99255],[108.19004,10.99712],[108.1961,11.00096],[108.21502,11.01706],[108.24707,11.02821],[108.2527,11.0316],[108.25309,11.03269],[108.22987,11.04245],[108.21379,11.04312],[108.20176,11.04188],[108.18836,11.04813],[108.17312,11.05639],[108.17543,11.05907],[108.17535,11.06042],[108.17419,11.06092],[108.17347,11.05949],[108.17254,11.0605],[108.16889,11.06118],[108.16956,11.06373],[108.16829,11.0625],[108.16325,11.0615],[108.16069,11.06567],[108.15936,11.07226],[108.1537,11.07274],[108.15389,11.07491],[108.15553,11.07505],[108.15577,11.07573],[108.15411,11.07786],[108.15391,11.07948],[108.15413,11.0814],[108.15547,11.08337],[108.1555,11.08909],[108.1499,11.08413],[108.14505,11.08687],[108.14153,11.09122],[108.13963,11.09122],[108.13444,11.09567],[108.12999,11.09591],[108.12854,11.09727],[108.12787,11.09547],[108.12836,11.09506],[108.12752,11.09477],[108.12807,11.09184],[108.12616,11.08868],[108.12314,11.08721],[108.11964,11.08777],[108.11888,11.09014],[108.1167,11.0899],[108.11579,11.08715],[108.11647,11.0841],[108.11209,11.08448],[108.11267,11.08594],[108.11125,11.08804],[108.11165,11.09132],[108.10977,11.09448],[108.10632,11.0898],[108.10262,11.0925],[108.09867,11.09119],[108.09846,11.09264],[108.09501,11.09798],[108.0882,11.0987],[108.08623,11.09802],[108.0869,11.10002],[108.08606,11.10046],[108.08583,11.10338],[108.08462,11.10458],[108.08383,11.10402],[108.08161,11.10555],[108.08121,11.10476],[108.08034,11.10583],[108.07961,11.10553],[108.0797,11.10617],[108.07907,11.1056],[108.07831,11.1062],[108.07871,11.10701],[108.07643,11.10739],[108.07619,11.10905],[108.07554,11.10895],[108.0748,11.11031],[108.07409,11.1104],[108.07442,11.10992],[108.07241,11.1074],[108.07001,11.108],[108.0704,11.10675],[108.06934,11.10602],[108.06797,11.10722],[108.06667,11.10723],[108.06499,11.10932],[108.06312,11.10987],[108.06256,11.11134],[108.06087,11.11181],[108.06054,11.11395],[108.06133,11.11472],[108.06078,11.11486],[108.06129,11.11528],[108.06056,11.11798],[108.05931,11.11775],[108.05609,11.11913],[108.05518,11.11869],[108.05068,11.12282],[108.04946,11.12233],[108.04354,11.12587],[108.0395,11.13308],[108.03147,11.13413],[108.01493,11.14741],[108.00598,11.14622],[108.00334,11.15117],[108.0019,11.15093],[108.00178,11.14953]]]}},{"type":"Feature","properties":{"id":"23089","name":"Hàm Thuận Bắc","type":"Xã","area":292.7,"population":29855},"geometry":{"type":"Polygon","coordinates":[[[108.09255,11.26833],[108.0875,11.26814],[108.08724,11.26662],[108.08459,11.2653],[108.08184,11.26164],[108.08196,11.25998],[108.07832,11.25808],[108.07627,11.25446],[108.05776,11.24271],[108.05618,11.23815],[108.05651,11.23245],[108.0557,11.23009],[108.05805,11.22704],[108.05864,11.22211],[108.05775,11.21866],[108.05357,11.21809],[108.05165,11.21872],[108.04883,11.21603],[108.04621,11.21536],[108.04604,11.21288],[108.04666,11.21203],[108.04789,11.2112],[108.04986,11.21202],[108.05086,11.20401],[108.049,11.20028],[108.047,11.20164],[108.04607,11.20067],[108.04132,11.20012],[108.03935,11.19901],[108.0373,11.19525],[108.0294,11.19419],[108.02491,11.19074],[108.02291,11.19008],[108.0191,11.18975],[108.01167,11.19242],[108.0064,11.18905],[108.00082,11.18892],[107.99876,11.19004],[107.99681,11.19003],[107.97293,11.16577],[107.96704,11.15739],[107.96729,11.15536],[107.96898,11.15106],[107.97299,11.1491],[107.97421,11.1467],[107.97952,11.14577],[107.9858,11.14255],[107.98974,11.14545],[107.98994,11.14716],[107.9916,11.14691],[107.99358,11.14906],[108.00178,11.14953],[108.0019,11.15093],[108.00253,11.15109],[108.00338,11.15112],[108.00598,11.14622],[108.01493,11.14741],[108.03147,11.13413],[108.03493,11.13413],[108.04042,11.13241],[108.04328,11.12615],[108.04582,11.12431],[108.04946,11.12233],[108.05068,11.12282],[108.05518,11.11869],[108.05609,11.11913],[108.05931,11.11775],[108.06048,11.11805],[108.06133,11.11472],[108.06054,11.11395],[108.06087,11.11181],[108.06256,11.11134],[108.06312,11.10987],[108.06499,11.10932],[108.06667,11.10723],[108.06797,11.10722],[108.06934,11.10602],[108.0704,11.10675],[108.07001,11.108],[108.07241,11.1074],[108.07442,11.10992],[108.07409,11.1104],[108.0748,11.11031],[108.07554,11.10895],[108.07619,11.10905],[108.07643,11.10739],[108.07871,11.10701],[108.07831,11.1062],[108.07907,11.1056],[108.0797,11.10617],[108.07961,11.10553],[108.08034,11.10583],[108.08121,11.10476],[108.08161,11.10555],[108.08383,11.10402],[108.08462,11.10458],[108.08583,11.10338],[108.08606,11.10046],[108.0869,11.10002],[108.08623,11.09802],[108.0882,11.0987],[108.09501,11.09798],[108.09846,11.09264],[108.09867,11.09119],[108.10262,11.0925],[108.10632,11.0898],[108.10977,11.09448],[108.11165,11.09132],[108.11125,11.08804],[108.11267,11.08594],[108.11209,11.08448],[108.11647,11.0841],[108.11579,11.08715],[108.1167,11.0899],[108.11888,11.09014],[108.11964,11.08777],[108.12314,11.08721],[108.12616,11.08868],[108.12807,11.09184],[108.12752,11.09477],[108.12836,11.09506],[108.12787,11.09547],[108.12854,11.09727],[108.12999,11.09591],[108.13444,11.09567],[108.13963,11.09122],[108.14153,11.09122],[108.14505,11.08687],[108.1499,11.08413],[108.1702,11.10212],[108.16918,11.1073],[108.16987,11.1124],[108.17127,11.11482],[108.17196,11.12742],[108.16912,11.12813],[108.1667,11.13212],[108.16775,11.13309],[108.1705,11.13108],[108.17128,11.13219],[108.17544,11.13236],[108.17815,11.13419],[108.17927,11.13629],[108.17964,11.14108],[108.18101,11.14209],[108.17942,11.14497],[108.17958,11.14757],[108.17823,11.1499],[108.1801,11.14993],[108.1828,11.1543],[108.18385,11.15853],[108.1876,11.15978],[108.18883,11.16295],[108.19516,11.16975],[108.19447,11.17059],[108.19542,11.17183],[108.19451,11.17192],[108.1944,11.17331],[108.19357,11.17335],[108.19407,11.17428],[108.19319,11.17431],[108.19239,11.17623],[108.18829,11.17932],[108.19288,11.182],[108.19293,11.18375],[108.19357,11.18484],[108.19442,11.1848],[108.19442,11.18738],[108.1961,11.18693],[108.19494,11.19069],[108.19363,11.19097],[108.19447,11.19097],[108.19418,11.1927],[108.19492,11.19283],[108.19434,11.19338],[108.19604,11.1945],[108.19573,11.19569],[108.19738,11.1959],[108.19595,11.19797],[108.19508,11.19719],[108.19594,11.20018],[108.19462,11.19978],[108.19489,11.20052],[108.19308,11.20088],[108.19313,11.2022],[108.19234,11.20219],[108.1931,11.20385],[108.19132,11.20553],[108.19165,11.20687],[108.18676,11.21681],[108.18514,11.22349],[108.17208,11.23501],[108.167,11.24117],[108.16312,11.24169],[108.1596,11.24387],[108.12678,11.2579],[108.10877,11.26663],[108.10604,11.26623],[108.10521,11.26836],[108.1047,11.26751],[108.09967,11.26624],[108.09654,11.26815],[108.09255,11.26833]]]}},{"type":"Feature","properties":{"id":"23110","name":"Hàm Thuận Nam","type":"Xã","area":111.82,"population":32771},"geometry":{"type":"Polygon","coordinates":[[[107.91471,10.8993],[107.86577,10.92052],[107.86229,10.89794],[107.86336,10.89823],[107.86318,10.89769],[107.86739,10.8945],[107.86739,10.89355],[107.86987,10.89293],[107.87199,10.89118],[107.87244,10.88858],[107.8738,10.88734],[107.87378,10.88564],[107.87752,10.8816],[107.88051,10.88091],[107.88372,10.88152],[107.88463,10.88402],[107.88986,10.88465],[107.89234,10.88605],[107.89299,10.88237],[107.89095,10.87889],[107.89346,10.87643],[107.89544,10.87281],[107.89558,10.86776],[107.89387,10.85954],[107.89084,10.85995],[107.89096,10.86129],[107.88962,10.86177],[107.88994,10.86322],[107.88219,10.86427],[107.88145,10.86528],[107.87857,10.86576],[107.87235,10.86352],[107.86452,10.85569],[107.86288,10.85219],[107.85465,10.85025],[107.85471,10.84848],[107.85258,10.84307],[107.85182,10.84306],[107.85124,10.84132],[107.84982,10.84108],[107.84924,10.83984],[107.84667,10.83982],[107.84671,10.83784],[107.84366,10.83679],[107.84392,10.83464],[107.84257,10.83371],[107.84314,10.83183],[107.84753,10.82965],[107.8472,10.82825],[107.84927,10.82595],[107.85335,10.82505],[107.85284,10.82254],[107.85537,10.82236],[107.85714,10.82088],[107.85673,10.8179],[107.85744,10.81657],[107.85894,10.8159],[107.85705,10.81387],[107.85684,10.81257],[107.85795,10.81034],[107.85662,10.80924],[107.85808,10.80747],[107.8576,10.80643],[107.85639,10.80612],[107.85642,10.80469],[107.85765,10.80478],[107.85953,10.8064],[107.86133,10.80538],[107.86143,10.80286],[107.86323,10.79958],[107.86779,10.7979],[107.86734,10.79972],[107.8686,10.80104],[107.87132,10.80058],[107.87388,10.7986],[107.87569,10.7959],[107.89449,10.81745],[107.90021,10.81514],[107.91931,10.8049],[107.91854,10.80014],[107.91698,10.79707],[107.91903,10.79408],[107.91804,10.79424],[107.91757,10.79307],[107.91818,10.79264],[107.91802,10.79111],[107.91628,10.78907],[107.91669,10.78764],[107.91578,10.78652],[107.91649,10.78638],[107.92112,10.79004],[107.92922,10.79275],[107.93346,10.79643],[107.9393,10.80001],[107.94346,10.80391],[107.95943,10.81023],[107.96498,10.81014],[107.98079,10.81688],[107.98156,10.82129],[107.96845,10.85188],[107.95533,10.85376],[107.95085,10.85121],[107.94731,10.85389],[107.94251,10.85494],[107.94387,10.85766],[107.94417,10.86209],[107.94335,10.86399],[107.94462,10.8687],[107.94396,10.87046],[107.94454,10.87099],[107.94455,10.87504],[107.94538,10.87828],[107.94632,10.87889],[107.94523,10.88335],[107.9429,10.88572],[107.94146,10.88529],[107.9395,10.88761],[107.93869,10.8873],[107.93589,10.88842],[107.93594,10.88919],[107.93416,10.8893],[107.93314,10.89118],[107.91471,10.8993]]]}},{"type":"Feature","properties":{"id":"24967","name":"Hiệp Thạnh","type":"Xã","area":127.19,"population":51310},"geometry":{"type":"Polygon","coordinates":[[[108.46178,11.88277],[108.46137,11.8848],[108.46045,11.88508],[108.45291,11.87983],[108.45012,11.88008],[108.44671,11.877],[108.44492,11.87682],[108.44389,11.87566],[108.44345,11.87283],[108.44164,11.87105],[108.44057,11.8708],[108.43567,11.86554],[108.4291,11.86186],[108.42845,11.85534],[108.42198,11.85109],[108.41873,11.84529],[108.41803,11.84213],[108.41605,11.8412],[108.41468,11.83883],[108.41233,11.83126],[108.41047,11.82863],[108.40759,11.82702],[108.40472,11.82749],[108.40265,11.8266],[108.39791,11.82831],[108.38996,11.82876],[108.38408,11.8228],[108.38142,11.81855],[108.3786,11.81691],[108.37649,11.81407],[108.36983,11.81473],[108.37048,11.81089],[108.36866,11.80658],[108.36509,11.80563],[108.36315,11.80373],[108.35968,11.803],[108.35958,11.80018],[108.35777,11.79655],[108.35553,11.79379],[108.35358,11.79361],[108.35279,11.79227],[108.35275,11.78954],[108.3514,11.78912],[108.35064,11.78698],[108.34784,11.78455],[108.34822,11.78013],[108.34582,11.77646],[108.34783,11.77239],[108.34687,11.76774],[108.34522,11.76753],[108.34313,11.76586],[108.34079,11.76664],[108.34115,11.76596],[108.33856,11.76307],[108.34106,11.76243],[108.34188,11.761],[108.34535,11.76082],[108.34559,11.75768],[108.34678,11.75539],[108.34545,11.75426],[108.34459,11.75517],[108.3409,11.75385],[108.34121,11.74944],[108.34377,11.74921],[108.34369,11.74772],[108.34116,11.74637],[108.34103,11.74545],[108.34291,11.74436],[108.34326,11.73646],[108.34453,11.73423],[108.34735,11.73372],[108.34807,11.73626],[108.35353,11.73583],[108.35392,11.73912],[108.36545,11.73826],[108.36596,11.74082],[108.36544,11.75006],[108.36322,11.75165],[108.3629,11.75448],[108.36864,11.75512],[108.37721,11.75423],[108.37799,11.75495],[108.37635,11.75782],[108.38432,11.76108],[108.38575,11.75969],[108.38786,11.76277],[108.38942,11.76206],[108.39056,11.75886],[108.39233,11.75994],[108.39345,11.75773],[108.39626,11.75585],[108.39726,11.75421],[108.39688,11.75193],[108.39539,11.75053],[108.39847,11.74551],[108.39474,11.74245],[108.39756,11.74078],[108.40059,11.74064],[108.40271,11.73901],[108.40334,11.73665],[108.40489,11.73843],[108.40536,11.73806],[108.40686,11.73918],[108.40981,11.7385],[108.41242,11.74078],[108.41408,11.74114],[108.41404,11.74351],[108.41187,11.74682],[108.41342,11.74803],[108.41767,11.74652],[108.42139,11.7431],[108.42421,11.7425],[108.42648,11.74494],[108.42491,11.74597],[108.42469,11.75024],[108.4281,11.75787],[108.42721,11.75833],[108.42727,11.76586],[108.42871,11.76894],[108.42802,11.77063],[108.42659,11.77089],[108.42633,11.77719],[108.43184,11.77897],[108.43501,11.78383],[108.43817,11.78673],[108.43987,11.79014],[108.44232,11.79143],[108.44309,11.79405],[108.44741,11.79928],[108.44973,11.79988],[108.45546,11.80514],[108.45857,11.80505],[108.46012,11.80837],[108.4624,11.80929],[108.46509,11.80919],[108.46666,11.80822],[108.47112,11.81154],[108.47301,11.81236],[108.47508,11.81185],[108.47845,11.81513],[108.48041,11.81542],[108.4821,11.81832],[108.4843,11.8187],[108.48519,11.82198],[108.48747,11.82564],[108.49273,11.82839],[108.49649,11.82927],[108.50132,11.83519],[108.50533,11.83869],[108.50514,11.84379],[108.49933,11.84706],[108.49572,11.84768],[108.49525,11.84905],[108.49241,11.85133],[108.49073,11.85453],[108.48783,11.85572],[108.48265,11.85511],[108.48024,11.85704],[108.48007,11.85801],[108.48065,11.85729],[108.48654,11.86091],[108.4884,11.86327],[108.49198,11.86438],[108.49081,11.86653],[108.48807,11.86729],[108.48708,11.86942],[108.48191,11.87283],[108.48139,11.87054],[108.47939,11.86962],[108.46912,11.87384],[108.46721,11.87706],[108.46587,11.87771],[108.46583,11.87884],[108.46222,11.87984],[108.46178,11.88277]]]}},{"type":"Feature","properties":{"id":"25042","name":"Hòa Bắc","type":"Xã","area":159.35,"population":19979},"geometry":{"type":"Polygon","coordinates":[[[107.89653,11.50454],[107.89649,11.5051],[107.89522,11.50408],[107.89432,11.5008],[107.89347,11.50046],[107.88843,11.50451],[107.88609,11.5036],[107.88736,11.50163],[107.88512,11.49662],[107.88444,11.49234],[107.88464,11.49076],[107.88709,11.48816],[107.88632,11.4839],[107.88442,11.48269],[107.88204,11.47827],[107.88231,11.47665],[107.8809,11.47623],[107.87955,11.47308],[107.87753,11.47234],[107.87509,11.4736],[107.87388,11.47259],[107.87674,11.46654],[107.87801,11.46549],[107.87765,11.45848],[107.87818,11.45739],[107.8774,11.45712],[107.87875,11.45465],[107.87861,11.45291],[107.87772,11.45246],[107.87727,11.45317],[107.87539,11.45015],[107.87591,11.44835],[107.87701,11.44813],[107.87746,11.44681],[107.87686,11.44548],[107.87742,11.44351],[107.87792,11.44365],[107.87755,11.44255],[107.87904,11.44215],[107.87864,11.44177],[107.87947,11.44105],[107.87912,11.43901],[107.88013,11.43768],[107.88245,11.43771],[107.88401,11.43365],[107.88514,11.43347],[107.88509,11.43037],[107.88567,11.43086],[107.88676,11.4288],[107.88751,11.4293],[107.88814,11.42617],[107.88758,11.42597],[107.88879,11.42371],[107.88598,11.42242],[107.88622,11.42156],[107.88958,11.41862],[107.89039,11.41572],[107.89269,11.41498],[107.89638,11.41167],[107.90038,11.41237],[107.90154,11.41423],[107.90283,11.41462],[107.90763,11.41004],[107.90624,11.40078],[107.91077,11.38608],[107.91436,11.38151],[107.91845,11.3781],[107.92245,11.37233],[107.92416,11.36677],[107.92851,11.36015],[107.93477,11.35848],[107.93648,11.35217],[107.9382,11.34952],[107.94225,11.34756],[107.94744,11.34708],[107.95695,11.35156],[107.96282,11.35002],[107.97377,11.34437],[107.97712,11.34372],[107.97431,11.34819],[107.97413,11.35029],[107.97184,11.35274],[107.97257,11.35472],[107.97001,11.36006],[107.97209,11.36193],[107.97353,11.36725],[107.97608,11.3684],[107.97885,11.37173],[107.97942,11.37398],[107.97865,11.37765],[107.97982,11.37988],[107.9784,11.3848],[107.97964,11.38787],[107.98276,11.3891],[107.98542,11.38892],[107.99,11.39304],[107.99046,11.39537],[107.99298,11.39975],[107.99312,11.40318],[107.99414,11.40574],[107.99851,11.40808],[108.00075,11.41068],[108.00481,11.41125],[108.00537,11.41433],[108.00904,11.42059],[108.00602,11.42473],[108.00611,11.42743],[108.00448,11.42915],[108.00449,11.4324],[108.00838,11.43472],[108.00669,11.43709],[108.00267,11.43822],[108.00168,11.4396],[108.00296,11.44145],[108.00163,11.44297],[108.00529,11.44586],[108.0053,11.44683],[108.00176,11.44956],[107.9994,11.44904],[107.99736,11.45192],[107.99866,11.45815],[108.00086,11.4623],[108.00055,11.46545],[108.002,11.46723],[108.00298,11.47072],[108.0046,11.47197],[108.00324,11.47241],[108.00261,11.47449],[108.00082,11.47628],[107.99837,11.47636],[107.99643,11.47501],[107.99571,11.47527],[107.99597,11.47606],[107.99367,11.47637],[107.99317,11.47888],[107.99472,11.47939],[107.99385,11.48224],[107.99509,11.48545],[107.98895,11.48665],[107.98775,11.48516],[107.98602,11.48624],[107.98567,11.48816],[107.98441,11.48889],[107.98071,11.48723],[107.97917,11.48898],[107.97897,11.49054],[107.97684,11.49054],[107.97074,11.48771],[107.96761,11.48472],[107.96619,11.48709],[107.96475,11.48701],[107.96202,11.48386],[107.95915,11.4846],[107.95733,11.48598],[107.95081,11.48651],[107.94534,11.49079],[107.94243,11.49176],[107.94129,11.49327],[107.93743,11.49352],[107.93673,11.49086],[107.93436,11.48828],[107.9323,11.48831],[107.93269,11.49054],[107.93202,11.49117],[107.92955,11.49083],[107.92846,11.48814],[107.92665,11.48866],[107.92854,11.48434],[107.92757,11.47968],[107.92442,11.47988],[107.92159,11.47886],[107.92051,11.48061],[107.91447,11.48336],[107.91237,11.48376],[107.9115,11.4829],[107.9085,11.48296],[107.90607,11.48509],[107.90416,11.4853],[107.90327,11.48429],[107.90182,11.48514],[107.90077,11.48483],[107.89659,11.48772],[107.89548,11.49005],[107.89536,11.49203],[107.89968,11.49401],[107.89815,11.50286],[107.89653,11.50454]]]}},{"type":"Feature","properties":{"id":"25036","name":"Hòa Ninh","type":"Xã","area":95.17,"population":31904},"geometry":{"type":"Polygon","coordinates":[[[107.94017,11.63299],[107.9387,11.63433],[107.93772,11.63412],[107.93495,11.63067],[107.9362,11.62824],[107.9338,11.62673],[107.93354,11.6237],[107.93456,11.62286],[107.93492,11.61874],[107.93641,11.61801],[107.93658,11.61649],[107.93901,11.61491],[107.93832,11.61343],[107.93962,11.61166],[107.93925,11.60908],[107.94015,11.60791],[107.94036,11.60387],[107.93899,11.60458],[107.93873,11.60264],[107.93685,11.60263],[107.93553,11.60162],[107.93431,11.60225],[107.93303,11.60096],[107.93557,11.59869],[107.93537,11.59689],[107.9341,11.59517],[107.93445,11.59422],[107.93542,11.59446],[107.93541,11.59134],[107.93645,11.58952],[107.93471,11.58873],[107.93436,11.58689],[107.93237,11.586],[107.93244,11.58347],[107.92944,11.58303],[107.92941,11.58147],[107.92783,11.58147],[107.92719,11.57987],[107.92816,11.5786],[107.92686,11.57702],[107.92774,11.57601],[107.92668,11.57521],[107.92614,11.57301],[107.92636,11.57197],[107.92802,11.57221],[107.92878,11.57441],[107.93025,11.57399],[107.93231,11.57476],[107.93339,11.57339],[107.93467,11.57504],[107.93641,11.5744],[107.9392,11.57531],[107.94066,11.57229],[107.94159,11.57349],[107.94419,11.57139],[107.94376,11.56931],[107.94199,11.56689],[107.93614,11.56594],[107.93026,11.56256],[107.93334,11.56162],[107.93611,11.562],[107.93641,11.55969],[107.93829,11.55906],[107.93732,11.55275],[107.93828,11.55274],[107.93779,11.54735],[107.92731,11.54744],[107.92699,11.54472],[107.93153,11.536],[107.92818,11.53424],[107.92449,11.53028],[107.91999,11.52877],[107.92006,11.52619],[107.91703,11.52426],[107.91719,11.52184],[107.91628,11.51986],[107.91698,11.51794],[107.91682,11.51358],[107.91574,11.51209],[107.91837,11.50929],[107.91701,11.50787],[107.91895,11.50498],[107.91806,11.49992],[107.91693,11.50063],[107.91659,11.50323],[107.9157,11.50336],[107.91441,11.50072],[107.91294,11.50212],[107.91252,11.50443],[107.91045,11.50589],[107.90834,11.5021],[107.90674,11.50126],[107.90665,11.50252],[107.90798,11.50284],[107.9068,11.50568],[107.90511,11.50562],[107.90371,11.50689],[107.90369,11.50502],[107.90079,11.50482],[107.9013,11.50627],[107.89844,11.50708],[107.89755,11.50407],[107.89968,11.49401],[107.89536,11.49203],[107.89551,11.48994],[107.89653,11.48779],[107.8996,11.4853],[107.90327,11.48429],[107.90416,11.4853],[107.90607,11.48509],[107.9085,11.48296],[107.9115,11.4829],[107.91237,11.48376],[107.91447,11.48336],[107.92051,11.48061],[107.92159,11.47886],[107.92442,11.47988],[107.92757,11.47968],[107.92854,11.48434],[107.92665,11.48866],[107.92846,11.48814],[107.92955,11.49083],[107.93202,11.49117],[107.93269,11.49054],[107.9323,11.48831],[107.93436,11.48828],[107.93673,11.49086],[107.93743,11.49352],[107.94129,11.49327],[107.94243,11.49176],[107.94534,11.49079],[107.95081,11.48651],[107.95733,11.48598],[107.95915,11.4846],[107.96202,11.48386],[107.96475,11.48701],[107.96619,11.48709],[107.96761,11.48472],[107.96979,11.4872],[107.97752,11.49065],[107.97897,11.49054],[107.97917,11.48898],[107.98071,11.48723],[107.98441,11.48889],[107.98567,11.48816],[107.98602,11.48624],[107.98775,11.48516],[107.98928,11.48666],[107.99421,11.48519],[107.99498,11.48551],[107.99239,11.48756],[107.99194,11.48986],[107.99441,11.49602],[108.00011,11.49862],[107.9983,11.50805],[107.99832,11.50882],[107.99955,11.50934],[107.99991,11.51197],[107.99881,11.51373],[107.99637,11.51375],[107.99513,11.51703],[107.99557,11.51776],[107.99494,11.51784],[107.99505,11.51864],[107.99369,11.5187],[107.99405,11.52061],[107.99269,11.52145],[107.99366,11.52391],[107.99252,11.52633],[107.99363,11.52816],[107.99269,11.53056],[107.99258,11.53703],[107.98744,11.53622],[107.98765,11.53972],[107.98692,11.5422],[107.98438,11.5466],[107.98315,11.54572],[107.98066,11.54725],[107.98056,11.54625],[107.97911,11.54531],[107.9768,11.54792],[107.97449,11.54846],[107.97403,11.54783],[107.97512,11.54611],[107.9738,11.54601],[107.97163,11.54647],[107.97038,11.54806],[107.96834,11.54888],[107.96806,11.54692],[107.96743,11.54694],[107.96733,11.5513],[107.96503,11.5528],[107.96399,11.55196],[107.96303,11.55271],[107.96316,11.5548],[107.96111,11.55532],[107.96052,11.55839],[107.96073,11.56127],[107.9638,11.56426],[107.96676,11.56497],[107.97233,11.56458],[107.97189,11.56692],[107.97421,11.569],[107.97434,11.57375],[107.97528,11.57293],[107.97648,11.57365],[107.97615,11.57451],[107.97728,11.57645],[107.98045,11.57933],[107.98267,11.5836],[107.98256,11.58522],[107.98028,11.58872],[107.97825,11.58777],[107.97618,11.58979],[107.9785,11.5935],[107.97798,11.59852],[107.98119,11.60583],[107.98019,11.61111],[107.98077,11.61364],[107.97761,11.61353],[107.97579,11.61245],[107.97562,11.61139],[107.97103,11.6135],[107.97102,11.61632],[107.96933,11.61811],[107.96908,11.61962],[107.97438,11.6245],[107.97337,11.62667],[107.96984,11.62739],[107.9681,11.62627],[107.96432,11.62671],[107.96059,11.62602],[107.95938,11.62765],[107.95647,11.62701],[107.95552,11.62822],[107.95441,11.62717],[107.95259,11.62859],[107.95105,11.62794],[107.94694,11.62919],[107.94413,11.62718],[107.94552,11.63093],[107.94395,11.63362],[107.94345,11.63418],[107.94017,11.63299]]]}},{"type":"Feature","properties":{"id":"23053","name":"Hòa Thắng","type":"Xã","area":328.09,"population":11558},"geometry":{"type":"Polygon","coordinates":[[[108.41178,11.16848],[108.40908,11.19142],[108.40649,11.20063],[108.37111,11.17538],[108.33297,11.17059],[108.34457,11.13413],[108.33203,11.12381],[108.29871,11.13646],[108.30129,11.09797],[108.25761,11.09526],[108.25309,11.03269],[108.2527,11.0316],[108.24707,11.02821],[108.25641,11.0218],[108.27558,11.02279],[108.28111,11.01576],[108.29309,11.00831],[108.29734,10.9959],[108.30307,10.99593],[108.30727,10.99685],[108.31407,10.99622],[108.32311,11.00089],[108.33433,11.00172],[108.34699,11.00591],[108.34993,11.00407],[108.35453,11.01389],[108.35967,11.02086],[108.3637,11.02474],[108.36878,11.0267],[108.37221,11.0309],[108.37678,11.03365],[108.38329,11.0347],[108.38668,11.0344],[108.38752,11.03224],[108.38949,11.03213],[108.39004,11.0309],[108.39388,11.03277],[108.40919,11.03324],[108.41201,11.03199],[108.41247,11.02936],[108.41188,11.02803],[108.41416,11.02661],[108.41632,11.02859],[108.4172,11.03081],[108.41997,11.03299],[108.42153,11.0363],[108.42482,11.04044],[108.43513,11.04757],[108.43556,11.04704],[108.44243,11.04825],[108.44659,11.04793],[108.44912,11.04615],[108.44959,11.04463],[108.45941,11.04042],[108.46466,11.04333],[108.46664,11.04549],[108.46827,11.04532],[108.4689,11.04688],[108.47314,11.04913],[108.47524,11.04848],[108.47448,11.04962],[108.47479,11.05262],[108.48007,11.07353],[108.49008,11.10018],[108.50344,11.12826],[108.50221,11.13123],[108.46679,11.14133],[108.41561,11.13588],[108.41178,11.16848]]]}},{"type":"Feature","properties":{"id":"23194","name":"Hoài Đức","type":"Xã","area":105.04,"population":47509},"geometry":{"type":"Polygon","coordinates":[[[107.50447,11.22328],[107.50404,11.22512],[107.50611,11.22666],[107.50287,11.23042],[107.50096,11.24178],[107.49941,11.2433],[107.49691,11.24248],[107.49589,11.23608],[107.49963,11.22884],[107.49762,11.2267],[107.49362,11.22565],[107.49319,11.22483],[107.49496,11.22308],[107.4984,11.2216],[107.4986,11.22021],[107.49749,11.21986],[107.49467,11.22081],[107.4906,11.22514],[107.48783,11.2241],[107.48524,11.22125],[107.48267,11.22103],[107.48272,11.22039],[107.48628,11.21956],[107.48812,11.21606],[107.4843,11.213],[107.48253,11.21044],[107.4786,11.21001],[107.47804,11.20931],[107.4837,11.20582],[107.48412,11.20408],[107.48206,11.20001],[107.4799,11.19817],[107.47866,11.19854],[107.47901,11.20162],[107.47818,11.20278],[107.47432,11.20228],[107.47308,11.2003],[107.47612,11.19535],[107.47688,11.19225],[107.47917,11.1904],[107.4771,11.1904],[107.47397,11.19376],[107.47095,11.19259],[107.47188,11.18647],[107.47041,11.18443],[107.46783,11.18289],[107.47044,11.18146],[107.47064,11.17851],[107.46916,11.17814],[107.4659,11.18043],[107.46487,11.17842],[107.46048,11.17654],[107.45995,11.17216],[107.46221,11.16777],[107.45742,11.16116],[107.45467,11.15977],[107.45565,11.15581],[107.4579,11.15341],[107.458,11.15168],[107.45632,11.14961],[107.44944,11.14671],[107.44499,11.14926],[107.44286,11.13931],[107.44075,11.13836],[107.43793,11.13919],[107.43484,11.1372],[107.4358,11.1301],[107.43932,11.12529],[107.4449,11.12477],[107.44698,11.12175],[107.45053,11.1187],[107.45055,11.1155],[107.45339,11.11326],[107.45405,11.11117],[107.45158,11.1089],[107.44937,11.1041],[107.44936,11.10142],[107.47929,11.09817],[107.48632,11.10829],[107.50453,11.10278],[107.50999,11.09988],[107.52579,11.0893],[107.52706,11.08664],[107.54265,11.08677],[107.54479,11.08431],[107.5475,11.08485],[107.54833,11.08427],[107.55608,11.08943],[107.5529,11.1075],[107.54656,11.13134],[107.54573,11.13219],[107.54578,11.13399],[107.54445,11.13589],[107.54148,11.13554],[107.5407,11.13634],[107.53489,11.13678],[107.52772,11.14694],[107.52623,11.1482],[107.52414,11.14857],[107.52536,11.15251],[107.52456,11.15676],[107.52354,11.15797],[107.52141,11.15858],[107.5172,11.1646],[107.51807,11.17464],[107.52085,11.17911],[107.52676,11.18215],[107.51824,11.19954],[107.50372,11.19712],[107.5048,11.19803],[107.50437,11.19879],[107.50505,11.20005],[107.50336,11.2015],[107.50532,11.20271],[107.50587,11.20445],[107.50407,11.20908],[107.50438,11.20994],[107.50268,11.21049],[107.50178,11.2118],[107.50046,11.2113],[107.50054,11.21031],[107.49864,11.20974],[107.4975,11.21296],[107.49956,11.21606],[107.50207,11.21628],[107.50183,11.21793],[107.50307,11.2203],[107.5045,11.21809],[107.50672,11.2202],[107.50548,11.22376],[107.50447,11.22328]]]}},{"type":"Feature","properties":{"id":"23086","name":"Hồng Sơn","type":"Xã","area":189.01,"population":29875},"geometry":{"type":"Polygon","coordinates":[[[108.19312,11.20221],[108.19308,11.20088],[108.19477,11.20061],[108.19483,11.19971],[108.19594,11.20018],[108.19508,11.19719],[108.19595,11.19797],[108.19738,11.1959],[108.19573,11.19569],[108.19604,11.1945],[108.19434,11.19338],[108.19492,11.19283],[108.19418,11.1927],[108.19447,11.19097],[108.19363,11.19097],[108.19494,11.19069],[108.1961,11.18695],[108.19442,11.18738],[108.19442,11.1848],[108.19357,11.18484],[108.19293,11.18375],[108.19288,11.182],[108.18829,11.17932],[108.19239,11.17623],[108.19319,11.17431],[108.19407,11.17428],[108.19357,11.17335],[108.1944,11.17331],[108.19451,11.17192],[108.19542,11.17183],[108.19447,11.17059],[108.19516,11.16975],[108.18883,11.16295],[108.1876,11.15978],[108.18385,11.15853],[108.1828,11.1543],[108.1801,11.14993],[108.17823,11.1499],[108.17958,11.14757],[108.17942,11.14497],[108.18101,11.14201],[108.17964,11.14108],[108.17966,11.13732],[108.17829,11.13436],[108.17544,11.13236],[108.17128,11.13219],[108.1705,11.13108],[108.16775,11.13309],[108.16673,11.13222],[108.16871,11.1285],[108.17196,11.12742],[108.17127,11.11482],[108.16987,11.1124],[108.16918,11.1073],[108.1702,11.10212],[108.1555,11.08909],[108.15547,11.08337],[108.15413,11.0814],[108.15391,11.07948],[108.15411,11.07786],[108.15577,11.07573],[108.15553,11.07505],[108.15389,11.07491],[108.1537,11.07274],[108.15936,11.07226],[108.16069,11.06567],[108.16325,11.0615],[108.16829,11.0625],[108.16956,11.06373],[108.16889,11.06118],[108.17254,11.0605],[108.17347,11.05949],[108.17419,11.06092],[108.17535,11.06042],[108.17543,11.05907],[108.17312,11.05639],[108.20176,11.04188],[108.21379,11.04312],[108.22987,11.04245],[108.25309,11.03269],[108.25761,11.09526],[108.30129,11.09797],[108.29871,11.13646],[108.30697,11.14361],[108.30065,11.15524],[108.28117,11.16715],[108.26774,11.17875],[108.26745,11.18066],[108.26486,11.18232],[108.26349,11.18441],[108.25702,11.18462],[108.25529,11.18642],[108.22067,11.19701],[108.19312,11.20221]]]}},{"type":"Feature","properties":{"id":"23041","name":"Hồng Thái","type":"Xã","area":101.64,"population":25049},"geometry":{"type":"Polygon","coordinates":[[[108.4191,11.26343],[108.41147,11.2803],[108.40508,11.24898],[108.40352,11.24571],[108.40455,11.24282],[108.40761,11.2419],[108.41019,11.23811],[108.41025,11.23618],[108.40922,11.23439],[108.40993,11.23327],[108.40966,11.22933],[108.41232,11.22713],[108.41179,11.22483],[108.41249,11.2245],[108.41236,11.22346],[108.41481,11.2227],[108.41396,11.22049],[108.41439,11.21819],[108.40724,11.22078],[108.40543,11.22],[108.40298,11.21699],[108.40908,11.19142],[108.41561,11.13588],[108.46679,11.14133],[108.4892,11.19879],[108.48985,11.20239],[108.48913,11.20324],[108.48996,11.20413],[108.4899,11.20841],[108.49053,11.20844],[108.49095,11.21203],[108.49067,11.21912],[108.49341,11.21857],[108.4951,11.21483],[108.49683,11.21468],[108.49808,11.2205],[108.49713,11.2222],[108.4969,11.22538],[108.49362,11.22707],[108.49148,11.2303],[108.48915,11.23199],[108.48307,11.23347],[108.4816,11.23564],[108.47759,11.23873],[108.47557,11.2398],[108.47246,11.23887],[108.47171,11.23929],[108.46775,11.24465],[108.46757,11.24984],[108.45465,11.25111],[108.45362,11.24516],[108.44955,11.23451],[108.44691,11.23611],[108.44585,11.23549],[108.44633,11.23698],[108.44475,11.23935],[108.44465,11.24114],[108.44555,11.24382],[108.44432,11.24559],[108.44215,11.24599],[108.44158,11.2468],[108.44246,11.2493],[108.44092,11.2505],[108.43925,11.25685],[108.42407,11.25243],[108.4191,11.26343]]]}},{"type":"Feature","properties":{"id":"24943","name":"Ka Đô","type":"Xã","area":108.08,"population":27954},"geometry":{"type":"Polygon","coordinates":[[[108.4991,11.81484],[108.49664,11.81629],[108.49382,11.81376],[108.49342,11.81154],[108.49202,11.81014],[108.48589,11.80657],[108.48506,11.80478],[108.48614,11.79959],[108.49016,11.79357],[108.49395,11.79288],[108.49551,11.79186],[108.49778,11.78758],[108.4978,11.78592],[108.50338,11.78197],[108.50508,11.77971],[108.50571,11.78013],[108.50571,11.77923],[108.50772,11.77724],[108.509,11.76886],[108.50893,11.76715],[108.50815,11.76684],[108.50954,11.76572],[108.5085,11.76534],[108.5099,11.76349],[108.50968,11.7619],[108.51205,11.75966],[108.51138,11.75817],[108.51227,11.75771],[108.51191,11.75706],[108.5153,11.75475],[108.5155,11.75095],[108.5176,11.74965],[108.52105,11.74957],[108.5225,11.74718],[108.52465,11.7469],[108.52413,11.74567],[108.52561,11.74443],[108.52536,11.74291],[108.52691,11.7421],[108.52953,11.73777],[108.53385,11.73611],[108.53858,11.73658],[108.53954,11.73757],[108.5403,11.73679],[108.53966,11.73532],[108.54206,11.73426],[108.54528,11.73405],[108.54646,11.729],[108.54959,11.72928],[108.55389,11.72773],[108.55698,11.72565],[108.56064,11.72911],[108.56918,11.73203],[108.5692,11.73044],[108.5716,11.72849],[108.57163,11.72762],[108.57469,11.72784],[108.57486,11.72626],[108.57318,11.72361],[108.57527,11.72169],[108.57437,11.72066],[108.57544,11.71922],[108.57857,11.71768],[108.57792,11.71623],[108.58026,11.71541],[108.58639,11.70895],[108.58717,11.70601],[108.60099,11.70134],[108.60123,11.69751],[108.60536,11.69329],[108.61272,11.69177],[108.61318,11.69784],[108.61683,11.70019],[108.61989,11.69927],[108.62113,11.69761],[108.62254,11.69745],[108.62647,11.69446],[108.62637,11.69295],[108.63219,11.69383],[108.63576,11.68873],[108.63851,11.68751],[108.63959,11.68609],[108.64172,11.68555],[108.64405,11.68045],[108.644,11.68452],[108.64605,11.68268],[108.64817,11.68377],[108.64939,11.68245],[108.65146,11.68371],[108.65332,11.68261],[108.65399,11.68292],[108.65363,11.68451],[108.65221,11.68463],[108.6532,11.68584],[108.65599,11.68618],[108.65719,11.6855],[108.65813,11.68704],[108.65977,11.68629],[108.66169,11.68737],[108.6645,11.68586],[108.66588,11.68814],[108.66776,11.68782],[108.66909,11.68892],[108.67114,11.68885],[108.67271,11.685],[108.67448,11.68316],[108.67441,11.6816],[108.676,11.68196],[108.67673,11.68134],[108.67547,11.67939],[108.67684,11.67622],[108.67592,11.6746],[108.67738,11.6738],[108.67861,11.66974],[108.67985,11.67308],[108.68264,11.67552],[108.68432,11.67958],[108.68597,11.68089],[108.68695,11.68687],[108.68947,11.69186],[108.6915,11.69414],[108.69239,11.6976],[108.69744,11.69967],[108.69989,11.69878],[108.70113,11.69912],[108.70066,11.70211],[108.69597,11.70841],[108.69388,11.72256],[108.68953,11.73281],[108.6859,11.72843],[108.6845,11.72904],[108.68324,11.72807],[108.6812,11.72877],[108.67794,11.72617],[108.67594,11.72671],[108.67566,11.7255],[108.674,11.72584],[108.67163,11.72455],[108.66736,11.72678],[108.66641,11.72313],[108.66795,11.71961],[108.66474,11.71832],[108.66478,11.7164],[108.66358,11.71595],[108.65066,11.71664],[108.64441,11.7192],[108.64254,11.72133],[108.63826,11.72323],[108.63383,11.72387],[108.63237,11.72282],[108.62984,11.72436],[108.62989,11.72769],[108.6255,11.73643],[108.61676,11.7447],[108.60372,11.74888],[108.59873,11.7471],[108.59575,11.74908],[108.59352,11.74924],[108.59162,11.74829],[108.5901,11.74987],[108.58911,11.74855],[108.58789,11.7491],[108.58667,11.74788],[108.58518,11.74989],[108.58247,11.74959],[108.58201,11.75294],[108.5793,11.75445],[108.58022,11.7567],[108.57886,11.76069],[108.5753,11.76342],[108.5733,11.7666],[108.57014,11.76557],[108.56704,11.76607],[108.56354,11.76828],[108.56342,11.77039],[108.56255,11.7713],[108.55937,11.77216],[108.55883,11.77159],[108.55638,11.77236],[108.55513,11.77185],[108.55244,11.77356],[108.55187,11.77526],[108.55107,11.77484],[108.55044,11.77598],[108.5484,11.77567],[108.54633,11.77642],[108.54225,11.78095],[108.54507,11.78327],[108.5381,11.79167],[108.53626,11.79283],[108.53305,11.79813],[108.53413,11.80122],[108.53374,11.80454],[108.53517,11.80703],[108.53456,11.80793],[108.53069,11.80992],[108.52621,11.80925],[108.52289,11.81062],[108.52112,11.81451],[108.51914,11.8147],[108.50531,11.81138],[108.50528,11.81249],[108.50154,11.81471],[108.4991,11.81484]]]}},{"type":"Feature","properties":{"id":"24733","name":"Kiến Đức","type":"Xã","area":167.63,"population":38928},"geometry":{"type":"Polygon","coordinates":[[[107.52437,12.02984],[107.52477,12.03127],[107.52082,12.03039],[107.51758,12.02781],[107.51483,12.02414],[107.50649,12.0247],[107.50425,12.02394],[107.50389,12.02224],[107.50532,12.02037],[107.50007,12.01549],[107.49908,12.01589],[107.49862,12.01791],[107.49557,12.01847],[107.49353,12.01672],[107.49056,12.01697],[107.48815,12.01594],[107.48386,12.01692],[107.48005,12.01601],[107.47712,12.01782],[107.47502,12.01713],[107.47348,12.01807],[107.47035,12.01781],[107.46785,12.01871],[107.46637,12.0187],[107.4639,12.01647],[107.46064,12.0172],[107.46135,12.01536],[107.4606,12.0144],[107.45966,12.01503],[107.45959,12.01142],[107.46152,12.01028],[107.46026,12.00847],[107.45841,12.00779],[107.45898,12.0061],[107.45833,12.00496],[107.45686,12.00548],[107.45655,12.00375],[107.45507,12.00335],[107.45512,12.00255],[107.45602,12.00247],[107.4553,12.0009],[107.45609,12.0001],[107.45484,11.99653],[107.45378,11.99645],[107.45411,11.99572],[107.45503,11.99599],[107.4541,11.99366],[107.45498,11.99217],[107.45569,11.99284],[107.45744,11.99247],[107.46086,11.99331],[107.46673,11.98937],[107.46638,11.98674],[107.46952,11.98348],[107.46903,11.98231],[107.4702,11.98037],[107.46956,11.97733],[107.46748,11.97766],[107.466,11.97652],[107.46663,11.9757],[107.46565,11.97537],[107.46711,11.97452],[107.46841,11.97139],[107.47038,11.97102],[107.47848,11.96612],[107.48436,11.95848],[107.4872,11.95729],[107.49125,11.95097],[107.49502,11.94966],[107.50043,11.95023],[107.50175,11.9515],[107.50656,11.95177],[107.51035,11.94699],[107.51725,11.94526],[107.51747,11.94187],[107.51654,11.94049],[107.51769,11.93604],[107.51628,11.93523],[107.516,11.93266],[107.51839,11.92992],[107.51961,11.92994],[107.52095,11.92676],[107.52094,11.92423],[107.52305,11.9229],[107.52058,11.92127],[107.51902,11.9181],[107.52103,11.91266],[107.51993,11.90227],[107.52325,11.89528],[107.51989,11.88823],[107.51425,11.8821],[107.51429,11.88105],[107.51231,11.87868],[107.51267,11.87634],[107.51689,11.87211],[107.51624,11.86731],[107.51909,11.85855],[107.52214,11.85909],[107.52349,11.85787],[107.52737,11.85679],[107.52799,11.85288],[107.52953,11.85234],[107.53523,11.84673],[107.5364,11.84629],[107.53736,11.8471],[107.54042,11.84728],[107.5443,11.8443],[107.54382,11.84355],[107.54457,11.84136],[107.54716,11.84104],[107.54811,11.83885],[107.54948,11.83845],[107.55149,11.83526],[107.55104,11.83215],[107.55189,11.82958],[107.55274,11.82945],[107.55325,11.82825],[107.55203,11.82785],[107.55258,11.82691],[107.55162,11.82648],[107.55253,11.82479],[107.55209,11.82392],[107.54934,11.82121],[107.55039,11.81749],[107.55143,11.81853],[107.55211,11.81758],[107.55345,11.81782],[107.55361,11.81553],[107.55494,11.81544],[107.55691,11.81751],[107.55715,11.82086],[107.55841,11.82286],[107.56302,11.82326],[107.56364,11.82498],[107.56812,11.82491],[107.56885,11.82366],[107.56763,11.8224],[107.56891,11.82004],[107.56901,11.8156],[107.57085,11.81287],[107.57526,11.81678],[107.57788,11.82125],[107.58828,11.82616],[107.59252,11.8269],[107.60313,11.83574],[107.60516,11.83843],[107.60826,11.83867],[107.61006,11.83989],[107.6136,11.838],[107.61834,11.83818],[107.6206,11.84326],[107.62035,11.84755],[107.62474,11.85167],[107.62698,11.85639],[107.62607,11.86064],[107.62846,11.86482],[107.62588,11.86622],[107.62439,11.86904],[107.62201,11.87023],[107.62091,11.87175],[107.61662,11.87357],[107.6165,11.86806],[107.61579,11.86746],[107.61379,11.86786],[107.61004,11.87211],[107.60834,11.87278],[107.60705,11.875],[107.60498,11.8762],[107.60524,11.87743],[107.60451,11.87711],[107.60216,11.87848],[107.60081,11.8779],[107.60196,11.88196],[107.60365,11.88376],[107.60373,11.88769],[107.60188,11.88955],[107.59972,11.88995],[107.59642,11.89204],[107.58439,11.90326],[107.5824,11.90472],[107.58117,11.90462],[107.58094,11.90642],[107.57959,11.90742],[107.57939,11.91003],[107.57795,11.90933],[107.57383,11.91108],[107.57316,11.91217],[107.56858,11.91282],[107.56511,11.91845],[107.56198,11.92188],[107.55674,11.92477],[107.55601,11.93131],[107.55822,11.93621],[107.55865,11.93945],[107.55635,11.94118],[107.55417,11.9404],[107.55192,11.94075],[107.55177,11.9428],[107.55467,11.94695],[107.55563,11.94997],[107.55796,11.95254],[107.5572,11.95567],[107.552,11.95332],[107.55071,11.95347],[107.55055,11.9524],[107.54799,11.95269],[107.54875,11.95428],[107.5471,11.95761],[107.5475,11.95865],[107.54486,11.96075],[107.54489,11.96239],[107.54003,11.96187],[107.53674,11.96365],[107.53651,11.96998],[107.53133,11.97206],[107.52924,11.97569],[107.52904,11.97962],[107.53108,11.98159],[107.53461,11.9804],[107.5337,11.98203],[107.53569,11.98398],[107.53692,11.98321],[107.53852,11.9847],[107.54231,11.98238],[107.54507,11.98631],[107.54648,11.98609],[107.54811,11.98833],[107.55033,11.98922],[107.55114,11.99337],[107.55005,11.99877],[107.54819,12.00318],[107.54326,12.00284],[107.54149,12.00658],[107.54239,12.00766],[107.54157,12.01128],[107.54278,12.01117],[107.54405,12.01374],[107.54354,12.01517],[107.54195,12.01552],[107.54236,12.01641],[107.54096,12.01655],[107.54173,12.01763],[107.54155,12.02219],[107.53722,12.02145],[107.53639,12.02242],[107.53704,12.02324],[107.53588,12.02418],[107.53589,12.02536],[107.5365,12.02572],[107.53688,12.02492],[107.53783,12.02582],[107.5365,12.02783],[107.53684,12.02873],[107.53464,12.03005],[107.53227,12.02936],[107.53161,12.03015],[107.52809,12.02842],[107.52648,12.02864],[107.52578,12.02988],[107.52437,12.02984]]]}},{"type":"Feature","properties":{"id":"24688","name":"Krông Nô","type":"Xã","area":159.82,"population":22636},"geometry":{"type":"Polygon","coordinates":[[[107.83601,12.47409],[107.83529,12.47455],[107.83329,12.47245],[107.83031,12.47122],[107.8296,12.4721],[107.82758,12.47099],[107.82558,12.47207],[107.82438,12.47173],[107.82397,12.47068],[107.82341,12.47115],[107.82093,12.47053],[107.81946,12.47142],[107.81788,12.47108],[107.81762,12.47002],[107.81538,12.47049],[107.8144,12.46982],[107.81133,12.4718],[107.81044,12.4708],[107.80957,12.47161],[107.80857,12.47103],[107.80614,12.47172],[107.80506,12.47073],[107.80377,12.47146],[107.80096,12.47045],[107.79929,12.47426],[107.79787,12.47335],[107.79538,12.47365],[107.79478,12.47233],[107.79051,12.47335],[107.78361,12.46954],[107.77849,12.46966],[107.77379,12.46255],[107.76817,12.46123],[107.76232,12.45539],[107.75933,12.45458],[107.75624,12.45155],[107.75646,12.44873],[107.75413,12.44591],[107.75259,12.44121],[107.74934,12.43774],[107.75208,12.43036],[107.75207,12.42861],[107.75108,12.42793],[107.75168,12.42731],[107.7499,12.42721],[107.7476,12.42391],[107.74595,12.42449],[107.74437,12.42045],[107.74508,12.41777],[107.74375,12.41371],[107.74004,12.41609],[107.73425,12.41567],[107.73413,12.41512],[107.73307,12.41586],[107.72963,12.41367],[107.72797,12.4151],[107.72714,12.41047],[107.72496,12.41074],[107.72141,12.40836],[107.72001,12.40913],[107.71873,12.40799],[107.71743,12.40845],[107.7144,12.40738],[107.71314,12.40386],[107.71388,12.40358],[107.71341,12.40241],[107.71461,12.40092],[107.71406,12.39886],[107.71481,12.399],[107.71447,12.39807],[107.71536,12.39749],[107.7143,12.39688],[107.71492,12.39665],[107.71459,12.39577],[107.71326,12.39555],[107.71383,12.39449],[107.71219,12.39358],[107.71013,12.38906],[107.71041,12.38816],[107.70858,12.38769],[107.70787,12.38533],[107.70349,12.38299],[107.70269,12.38128],[107.70001,12.37961],[107.69948,12.37846],[107.70441,12.37294],[107.71045,12.36918],[107.71275,12.36681],[107.71412,12.36801],[107.71976,12.36883],[107.72424,12.367],[107.72544,12.36086],[107.7238,12.35807],[107.72543,12.34573],[107.7265,12.34516],[107.72871,12.34654],[107.73084,12.34625],[107.73088,12.34682],[107.73628,12.34874],[107.73713,12.34875],[107.73782,12.34759],[107.74684,12.34833],[107.74808,12.34929],[107.75531,12.35072],[107.75996,12.35574],[107.76315,12.36115],[107.76618,12.37077],[107.76673,12.37557],[107.76967,12.37776],[107.7706,12.37724],[107.77163,12.37845],[107.77352,12.37841],[107.77416,12.37917],[107.77559,12.37879],[107.77818,12.37991],[107.78,12.38296],[107.782,12.3833],[107.78228,12.38625],[107.7835,12.38746],[107.78577,12.38764],[107.78594,12.38907],[107.7875,12.39058],[107.7881,12.39056],[107.78734,12.39],[107.78856,12.3897],[107.79056,12.39024],[107.79069,12.39143],[107.79202,12.39225],[107.79113,12.39265],[107.7918,12.39435],[107.79337,12.39436],[107.79374,12.39581],[107.79529,12.39586],[107.79564,12.39656],[107.79837,12.39448],[107.79939,12.39555],[107.80073,12.39556],[107.80029,12.39737],[107.80173,12.39626],[107.80121,12.39564],[107.80172,12.39509],[107.8025,12.39612],[107.80495,12.39598],[107.80538,12.39664],[107.80562,12.39526],[107.80692,12.39601],[107.80875,12.3947],[107.80831,12.39673],[107.80956,12.39783],[107.80899,12.39904],[107.81039,12.39923],[107.80975,12.40023],[107.81137,12.40232],[107.81279,12.40146],[107.81353,12.40245],[107.81419,12.40216],[107.81433,12.40311],[107.81648,12.40117],[107.81657,12.40307],[107.81874,12.40293],[107.81902,12.40471],[107.82137,12.40307],[107.82174,12.40494],[107.82276,12.40597],[107.82408,12.40542],[107.82404,12.4063],[107.8262,12.40595],[107.82524,12.40421],[107.82827,12.40379],[107.82846,12.40447],[107.82976,12.40459],[107.8296,12.40588],[107.83097,12.40662],[107.83182,12.40616],[107.83349,12.40847],[107.83433,12.40834],[107.83427,12.40697],[107.8353,12.40679],[107.83588,12.40809],[107.83648,12.40758],[107.83768,12.40856],[107.83826,12.41014],[107.8425,12.40884],[107.84351,12.40938],[107.84792,12.40248],[107.85684,12.39339],[107.85896,12.39515],[107.86173,12.39461],[107.86341,12.39552],[107.8662,12.39512],[107.87128,12.39939],[107.87402,12.39879],[107.87862,12.40233],[107.88012,12.40625],[107.87932,12.40794],[107.88251,12.41106],[107.88104,12.41445],[107.88336,12.41739],[107.88374,12.41681],[107.88658,12.41819],[107.88746,12.42251],[107.88919,12.42465],[107.88935,12.42792],[107.89106,12.42802],[107.89128,12.42969],[107.89369,12.43275],[107.89686,12.4334],[107.89699,12.43269],[107.89831,12.43516],[107.90307,12.43302],[107.90633,12.4329],[107.9066,12.43386],[107.90742,12.43324],[107.91171,12.43433],[107.91292,12.43319],[107.91257,12.43508],[107.91348,12.43587],[107.91424,12.43475],[107.9164,12.43535],[107.91743,12.43439],[107.91716,12.43364],[107.91893,12.433],[107.91938,12.43379],[107.92072,12.43223],[107.92335,12.43238],[107.92392,12.43109],[107.9268,12.432],[107.92727,12.43317],[107.92834,12.43304],[107.92852,12.4315],[107.93133,12.43199],[107.93574,12.43085],[107.94386,12.43687],[107.94495,12.44052],[107.94849,12.43998],[107.95425,12.44164],[107.95403,12.44572],[107.9527,12.44878],[107.95193,12.44816],[107.94908,12.44901],[107.94382,12.44868],[107.93898,12.44562],[107.93495,12.4443],[107.93297,12.44513],[107.93078,12.44422],[107.91732,12.44552],[107.91869,12.45118],[107.9208,12.45467],[107.91975,12.45595],[107.91767,12.45607],[107.91775,12.45829],[107.91629,12.46075],[107.91385,12.46145],[107.91445,12.46357],[107.90943,12.46791],[107.89965,12.46609],[107.89454,12.45802],[107.888,12.4579],[107.87857,12.46363],[107.87268,12.46449],[107.866,12.46998],[107.86615,12.47106],[107.86519,12.47061],[107.86535,12.46935],[107.86448,12.47104],[107.86375,12.47104],[107.86293,12.46957],[107.86149,12.47107],[107.85946,12.46923],[107.85839,12.47039],[107.85716,12.46847],[107.85621,12.46985],[107.85478,12.46958],[107.85604,12.47088],[107.85561,12.47169],[107.85449,12.47173],[107.85355,12.47004],[107.85119,12.47038],[107.84929,12.4688],[107.84872,12.4695],[107.8479,12.46839],[107.84849,12.46664],[107.84744,12.46613],[107.84785,12.46334],[107.84657,12.46274],[107.84685,12.46446],[107.84563,12.46435],[107.84533,12.46618],[107.84448,12.46591],[107.84364,12.46783],[107.84198,12.46831],[107.84254,12.46872],[107.84183,12.47085],[107.83977,12.47187],[107.83853,12.47369],[107.83773,12.47292],[107.83601,12.47409]]]}},{"type":"Feature","properties":{"id":"23065","name":"La Dạ","type":"Xã","area":264.17,"population":9435},"geometry":{"type":"Polygon","coordinates":[[[107.93247,11.32703],[107.92722,11.32727],[107.92831,11.33224],[107.93002,11.35399],[107.92851,11.36015],[107.90949,11.36346],[107.82278,11.37084],[107.82728,11.36314],[107.82848,11.35962],[107.82929,11.3558],[107.82882,11.35094],[107.82668,11.3483],[107.8256,11.34508],[107.823,11.3418],[107.82106,11.34088],[107.8211,11.33732],[107.81851,11.3307],[107.81911,11.32709],[107.81301,11.3256],[107.81079,11.32419],[107.80856,11.31805],[107.80705,11.31695],[107.80671,11.31507],[107.80378,11.31159],[107.80213,11.29371],[107.80357,11.29654],[107.80549,11.29635],[107.80982,11.29383],[107.81491,11.29277],[107.8235,11.28453],[107.82617,11.2839],[107.83065,11.2842],[107.83391,11.28303],[107.83477,11.282],[107.83807,11.28173],[107.84094,11.28035],[107.84202,11.27878],[107.85008,11.27679],[107.84856,11.27002],[107.85229,11.25964],[107.85779,11.23847],[107.85699,11.23612],[107.85455,11.23608],[107.85289,11.23387],[107.85077,11.2346],[107.84905,11.23123],[107.84479,11.23077],[107.84354,11.22915],[107.84144,11.22856],[107.83862,11.22604],[107.83915,11.22346],[107.83576,11.2108],[107.83548,11.19373],[107.83132,11.19278],[107.83015,11.19098],[107.82995,11.18787],[107.82894,11.18717],[107.82884,11.18578],[107.8259,11.18503],[107.82381,11.18243],[107.8222,11.18307],[107.82012,11.17904],[107.81831,11.17982],[107.81607,11.17715],[107.81398,11.17686],[107.80984,11.17043],[107.8236,11.16555],[107.82438,11.16833],[107.82763,11.1682],[107.82905,11.16382],[107.83109,11.16327],[107.83111,11.1648],[107.83321,11.16647],[107.83817,11.16537],[107.83967,11.16652],[107.84375,11.16601],[107.84555,11.1667],[107.84668,11.16775],[107.84663,11.16986],[107.84573,11.17118],[107.84374,11.17089],[107.84315,11.17309],[107.84914,11.17633],[107.85164,11.17313],[107.85271,11.17278],[107.85697,11.17498],[107.86432,11.17671],[107.86586,11.17538],[107.86728,11.17531],[107.86888,11.17185],[107.87322,11.17001],[107.87417,11.17064],[107.87591,11.17483],[107.88258,11.17621],[107.88322,11.17975],[107.88706,11.1796],[107.88932,11.18217],[107.8926,11.18346],[107.89277,11.18468],[107.89606,11.18459],[107.898,11.18613],[107.89922,11.18844],[107.90136,11.18861],[107.90336,11.19941],[107.90572,11.20412],[107.91072,11.20546],[107.91852,11.20959],[107.92058,11.21337],[107.92496,11.21099],[107.93125,11.21198],[107.93958,11.21469],[107.94337,11.21489],[107.94585,11.21687],[107.9521,11.21917],[107.95964,11.22399],[107.96153,11.22386],[107.96569,11.22593],[107.96954,11.22679],[107.97144,11.22909],[107.97076,11.23202],[107.96877,11.23501],[107.96832,11.23926],[107.97244,11.24187],[107.97351,11.24898],[107.97795,11.25207],[107.9804,11.25539],[107.97909,11.26064],[107.98094,11.26197],[107.98097,11.26695],[107.9799,11.27101],[107.98073,11.2751],[107.97824,11.27892],[107.97496,11.27768],[107.97385,11.27803],[107.97267,11.28222],[107.96978,11.28236],[107.96786,11.28386],[107.96729,11.28561],[107.96333,11.29068],[107.96123,11.29013],[107.9596,11.29169],[107.95674,11.29131],[107.95151,11.29354],[107.95176,11.29581],[107.95562,11.29702],[107.95313,11.30436],[107.9479,11.30552],[107.94743,11.30899],[107.94389,11.31084],[107.94335,11.31229],[107.94466,11.31378],[107.94176,11.31949],[107.94293,11.32154],[107.94125,11.32224],[107.93822,11.32187],[107.93815,11.32514],[107.93675,11.32512],[107.93486,11.32682],[107.93247,11.32703]]]}},{"type":"Feature","properties":{"id":"23235","name":"La Gi","type":"Phường","area":68.47,"population":60549},"geometry":{"type":"Polygon","coordinates":[[[107.79261,10.73557],[107.79043,10.73838],[107.78794,10.74628],[107.78819,10.74876],[107.79151,10.75168],[107.79014,10.75332],[107.77501,10.79116],[107.74369,10.78515],[107.75663,10.75701],[107.75815,10.73399],[107.75244,10.73369],[107.75126,10.73285],[107.74964,10.72845],[107.7461,10.72509],[107.74434,10.72162],[107.73608,10.71328],[107.73581,10.71209],[107.74265,10.70498],[107.74154,10.70385],[107.74196,10.70126],[107.74029,10.69752],[107.73818,10.69525],[107.7362,10.69467],[107.73947,10.6879],[107.74029,10.68786],[107.7357,10.68635],[107.74062,10.68482],[107.74213,10.68347],[107.74493,10.68326],[107.74652,10.68179],[107.74541,10.68095],[107.74622,10.67698],[107.74429,10.67589],[107.74841,10.67313],[107.75089,10.67439],[107.75156,10.67357],[107.74983,10.67235],[107.75136,10.67136],[107.74935,10.66723],[107.75006,10.66516],[107.75211,10.66412],[107.74828,10.66095],[107.75053,10.65935],[107.75966,10.66128],[107.76211,10.66068],[107.7621,10.66215],[107.76378,10.66244],[107.76954,10.66186],[107.76713,10.66734],[107.76749,10.66976],[107.7701,10.66941],[107.76958,10.6667],[107.77096,10.66548],[107.7774,10.66534],[107.77804,10.66334],[107.77668,10.65952],[107.7766,10.65341],[107.77769,10.65384],[107.77686,10.64839],[107.77807,10.65228],[107.78123,10.65715],[107.79711,10.67714],[107.81142,10.69278],[107.81631,10.69721],[107.82445,10.70253],[107.83073,10.70523],[107.83847,10.70645],[107.83246,10.7059],[107.8236,10.7025],[107.8121,10.69375],[107.81022,10.69654],[107.8013,10.70118],[107.79956,10.70314],[107.79746,10.70894],[107.79532,10.70998],[107.79149,10.70959],[107.79055,10.71063],[107.78979,10.71406],[107.79203,10.71715],[107.79102,10.71942],[107.79323,10.71889],[107.79257,10.72856],[107.79659,10.73426],[107.7956,10.73528],[107.79261,10.73557]]]}},{"type":"Feature","properties":{"id":"24848","name":"Lạc Dương","type":"Xã","area":828.01,"population":14912},"geometry":{"type":"Polygon","coordinates":[[[108.69021,12.31103],[108.68894,12.31364],[108.68924,12.31591],[108.6835,12.31715],[108.68133,12.31689],[108.67995,12.31624],[108.67425,12.30957],[108.67344,12.30601],[108.67083,12.30464],[108.66875,12.30515],[108.66811,12.30088],[108.6662,12.29901],[108.66415,12.29967],[108.66281,12.29794],[108.65902,12.29642],[108.65674,12.2968],[108.65199,12.29515],[108.6492,12.293],[108.64583,12.29428],[108.64444,12.29367],[108.63861,12.29379],[108.63696,12.29131],[108.63116,12.29104],[108.62782,12.28855],[108.62607,12.29003],[108.62228,12.29056],[108.6174,12.2832],[108.61622,12.28297],[108.61585,12.28392],[108.61308,12.28293],[108.60776,12.28327],[108.60698,12.28207],[108.60887,12.2822],[108.60887,12.28149],[108.60625,12.28125],[108.60413,12.27973],[108.60147,12.27941],[108.59999,12.27808],[108.59807,12.27799],[108.59572,12.27665],[108.5926,12.27903],[108.59056,12.27888],[108.58843,12.28262],[108.58618,12.28172],[108.58535,12.28224],[108.58593,12.2833],[108.58858,12.28465],[108.58968,12.28766],[108.58919,12.28808],[108.5862,12.28791],[108.58319,12.28537],[108.58059,12.28604],[108.5792,12.28546],[108.57875,12.28631],[108.5796,12.28871],[108.57497,12.28813],[108.57438,12.29148],[108.5725,12.28977],[108.57109,12.28955],[108.5715,12.29133],[108.5693,12.29548],[108.56496,12.29212],[108.56096,12.29312],[108.55795,12.29221],[108.55688,12.29273],[108.55604,12.29539],[108.55226,12.29578],[108.54991,12.29201],[108.54898,12.29243],[108.54803,12.295],[108.54571,12.29519],[108.54527,12.29718],[108.54245,12.29757],[108.53976,12.29638],[108.53895,12.29402],[108.53592,12.29039],[108.53625,12.28933],[108.53868,12.28805],[108.53964,12.28656],[108.53943,12.28448],[108.538,12.28316],[108.53547,12.28171],[108.53388,12.2817],[108.53112,12.27901],[108.52878,12.28039],[108.52436,12.2792],[108.52079,12.28081],[108.51906,12.27941],[108.51631,12.28],[108.51436,12.2776],[108.51519,12.27533],[108.51464,12.27385],[108.51641,12.27262],[108.51542,12.27051],[108.51576,12.26862],[108.5187,12.26712],[108.51724,12.26372],[108.5183,12.26226],[108.51188,12.2595],[108.51181,12.25838],[108.51477,12.25687],[108.51215,12.25509],[108.51262,12.25327],[108.5119,12.24997],[108.51124,12.25014],[108.51028,12.24749],[108.50855,12.24653],[108.50691,12.24409],[108.50434,12.24406],[108.49997,12.23916],[108.49938,12.23405],[108.49956,12.23257],[108.50077,12.23246],[108.50557,12.22798],[108.50855,12.22772],[108.51004,12.22679],[108.50925,12.22522],[108.50407,12.22158],[108.50039,12.22111],[108.49805,12.22188],[108.49686,12.221],[108.49392,12.21715],[108.49346,12.21277],[108.49398,12.21075],[108.49319,12.20814],[108.48757,12.20813],[108.48691,12.20653],[108.48752,12.20382],[108.48558,12.19829],[108.48583,12.19516],[108.48683,12.19349],[108.48561,12.19257],[108.48546,12.18917],[108.48276,12.18811],[108.47327,12.18161],[108.46651,12.17962],[108.46469,12.18014],[108.46201,12.17767],[108.4636,12.17687],[108.4649,12.17465],[108.47037,12.17331],[108.47527,12.17571],[108.47683,12.17727],[108.47664,12.17579],[108.47751,12.17503],[108.47802,12.17194],[108.47749,12.16907],[108.47911,12.16827],[108.47992,12.16575],[108.48917,12.15995],[108.49129,12.15997],[108.49285,12.16191],[108.4928,12.15894],[108.49089,12.15561],[108.49307,12.15433],[108.49613,12.15559],[108.49884,12.15271],[108.50109,12.14815],[108.50946,12.14266],[108.51017,12.14272],[108.51053,12.14417],[108.51252,12.14331],[108.51392,12.1441],[108.51828,12.14397],[108.53156,12.13991],[108.5286,12.13582],[108.52839,12.13436],[108.52456,12.13305],[108.52372,12.13038],[108.51859,12.12429],[108.51712,12.12363],[108.51481,12.11858],[108.511,12.11517],[108.50657,12.1128],[108.5063,12.10993],[108.50441,12.11018],[108.50069,12.10862],[108.49808,12.1059],[108.49305,12.10668],[108.49112,12.10616],[108.49157,12.10414],[108.48888,12.10177],[108.48754,12.09864],[108.48425,12.09675],[108.48223,12.09293],[108.47956,12.09168],[108.47854,12.08919],[108.4795,12.08744],[108.47918,12.08622],[108.47609,12.08312],[108.47664,12.08178],[108.47304,12.0808],[108.47199,12.07967],[108.47055,12.07732],[108.46998,12.07277],[108.46688,12.07075],[108.46339,12.07117],[108.45875,12.06819],[108.45392,12.068],[108.45215,12.06618],[108.45219,12.06406],[108.45563,12.06252],[108.45212,12.06018],[108.44762,12.05364],[108.44699,12.04975],[108.44487,12.0448],[108.45274,12.0334],[108.45694,12.03088],[108.45908,12.02475],[108.45791,12.02389],[108.45832,12.01848],[108.45727,12.01743],[108.45698,12.01563],[108.45553,12.0151],[108.45529,12.01342],[108.45349,12.01178],[108.45393,12.00778],[108.45569,12.00861],[108.45869,12.00722],[108.46084,12.00774],[108.46315,12.0064],[108.46395,12.00362],[108.46347,11.99873],[108.46586,11.99755],[108.46611,11.99623],[108.468,11.99519],[108.46847,11.99386],[108.4733,11.99356],[108.47443,11.98887],[108.47651,11.98877],[108.47905,11.9911],[108.48096,11.98987],[108.48145,11.99182],[108.48431,11.99278],[108.48683,11.99211],[108.4918,11.99303],[108.49349,11.99248],[108.49593,11.98981],[108.49839,11.99028],[108.49903,11.98894],[108.50498,11.98677],[108.50733,11.98752],[108.50728,11.98608],[108.50962,11.98541],[108.51434,11.98665],[108.51683,11.98378],[108.52304,11.98456],[108.52487,11.98389],[108.52804,11.98543],[108.52981,11.9839],[108.53509,11.98387],[108.53809,11.98034],[108.54014,11.97991],[108.54179,11.97782],[108.54433,11.97767],[108.54606,11.97592],[108.54846,11.97556],[108.54914,11.97476],[108.54994,11.97617],[108.55094,11.97624],[108.55727,11.97445],[108.5592,11.97252],[108.56097,11.97261],[108.56154,11.9704],[108.5641,11.96824],[108.56524,11.96606],[108.5707,11.9629],[108.57252,11.96583],[108.57853,11.96433],[108.58227,11.9601],[108.58449,11.95948],[108.58679,11.95639],[108.59298,11.95925],[108.59423,11.96162],[108.5967,11.96022],[108.59794,11.96223],[108.60174,11.96368],[108.60907,11.9632],[108.61063,11.9636],[108.61233,11.96541],[108.6209,11.96225],[108.64104,11.95938],[108.64363,11.96164],[108.64525,11.96151],[108.6501,11.96463],[108.65709,11.97138],[108.65797,11.96902],[108.66004,11.96766],[108.66551,11.96729],[108.68074,11.98463],[108.68253,11.99028],[108.68532,11.99151],[108.6845,11.99492],[108.68326,11.99639],[108.68405,11.99763],[108.68294,12.00223],[108.68377,12.00397],[108.68143,12.00609],[108.68132,12.00912],[108.6798,12.01076],[108.6802,12.01257],[108.68446,12.02075],[108.6859,12.02213],[108.68551,12.02535],[108.69123,12.02943],[108.69352,12.04057],[108.6969,12.04085],[108.69889,12.04212],[108.70304,12.04116],[108.70961,12.04971],[108.71215,12.05757],[108.7115,12.05979],[108.71258,12.06262],[108.71032,12.06482],[108.71087,12.06797],[108.70863,12.06935],[108.70854,12.07134],[108.70745,12.07179],[108.70741,12.07563],[108.70918,12.07896],[108.70815,12.0802],[108.70603,12.08076],[108.7031,12.08585],[108.70523,12.08993],[108.70447,12.09087],[108.70449,12.09299],[108.70022,12.09399],[108.69894,12.09633],[108.69942,12.09866],[108.69535,12.09989],[108.69376,12.1053],[108.69158,12.10589],[108.68683,12.11043],[108.68537,12.11051],[108.68127,12.1165],[108.67826,12.11838],[108.67526,12.11857],[108.67362,12.11954],[108.67365,12.12286],[108.67541,12.12299],[108.67746,12.12196],[108.68026,12.12329],[108.68458,12.12711],[108.68493,12.12914],[108.68602,12.13026],[108.68967,12.12858],[108.69178,12.12846],[108.69324,12.12937],[108.69362,12.13242],[108.6949,12.13427],[108.69455,12.13667],[108.69588,12.13773],[108.69677,12.14028],[108.69353,12.14637],[108.70394,12.15021],[108.70513,12.15401],[108.70655,12.15525],[108.71311,12.15428],[108.71708,12.15529],[108.72054,12.15326],[108.7222,12.15743],[108.72563,12.15622],[108.72781,12.15759],[108.7289,12.16151],[108.72886,12.16256],[108.72543,12.16673],[108.72511,12.16978],[108.72049,12.17265],[108.71935,12.17561],[108.72065,12.17929],[108.71965,12.18179],[108.71718,12.18248],[108.71706,12.18502],[108.7102,12.19005],[108.71238,12.19427],[108.7123,12.19903],[108.7187,12.20856],[108.71824,12.21226],[108.71885,12.21453],[108.72222,12.21795],[108.71975,12.22106],[108.71934,12.22402],[108.71814,12.22554],[108.71603,12.22549],[108.71354,12.2294],[108.70952,12.23007],[108.70788,12.23185],[108.70676,12.23195],[108.70488,12.23482],[108.70317,12.23558],[108.70179,12.23746],[108.70115,12.24283],[108.69961,12.24541],[108.70187,12.24719],[108.7024,12.24911],[108.70552,12.2521],[108.70593,12.25428],[108.70233,12.264],[108.70364,12.26734],[108.70536,12.26878],[108.70179,12.27377],[108.70214,12.27607],[108.70328,12.27738],[108.70204,12.28167],[108.70261,12.28366],[108.70108,12.28775],[108.7013,12.29057],[108.70404,12.29296],[108.70313,12.29694],[108.70624,12.29753],[108.70747,12.29874],[108.70359,12.30415],[108.70199,12.30443],[108.70198,12.30672],[108.69933,12.30933],[108.69504,12.30913],[108.69437,12.31133],[108.69293,12.3125],[108.69143,12.31263],[108.69021,12.31103]]]}},{"type":"Feature","properties":{"id":"24778","name":"Lâm Viên - Đà Lạt","type":"Phường","area":35.03,"population":71369},"geometry":{"type":"Polygon","coordinates":[[[108.4564,12.00776],[108.45537,12.00864],[108.45291,12.00786],[108.44931,12.00278],[108.44952,12.00163],[108.44561,12.00165],[108.44088,11.99834],[108.43848,11.9929],[108.43915,11.99109],[108.43763,11.98745],[108.44032,11.98542],[108.44024,11.9839],[108.43646,11.97952],[108.43581,11.97775],[108.43755,11.97557],[108.44063,11.97504],[108.43633,11.97394],[108.43527,11.97296],[108.43617,11.96843],[108.43417,11.96669],[108.4339,11.96348],[108.4349,11.95857],[108.43347,11.95636],[108.43406,11.95582],[108.43633,11.95712],[108.4403,11.95577],[108.43833,11.95257],[108.4393,11.95172],[108.4405,11.9536],[108.44337,11.95439],[108.44658,11.95097],[108.44944,11.94921],[108.45175,11.95109],[108.45339,11.95072],[108.45439,11.94883],[108.45537,11.94871],[108.45399,11.94557],[108.45162,11.94506],[108.45292,11.94435],[108.45305,11.94194],[108.45704,11.94414],[108.45748,11.94347],[108.46118,11.94481],[108.46411,11.94752],[108.46467,11.94616],[108.46611,11.9455],[108.46828,11.94725],[108.47097,11.94686],[108.47357,11.94978],[108.47553,11.94693],[108.47392,11.95133],[108.47468,11.95226],[108.4788,11.95517],[108.48397,11.95384],[108.486,11.95466],[108.48728,11.95737],[108.48911,11.95827],[108.4893,11.95968],[108.49086,11.96122],[108.49695,11.95996],[108.49742,11.96392],[108.49965,11.96553],[108.49921,11.9679],[108.49976,11.96741],[108.50133,11.96915],[108.502,11.96863],[108.50266,11.96995],[108.50383,11.97017],[108.50342,11.97137],[108.50552,11.97159],[108.50741,11.97256],[108.50756,11.97334],[108.50716,11.97529],[108.50649,11.97503],[108.50589,11.97615],[108.50615,11.97732],[108.50506,11.97868],[108.50312,11.97903],[108.50195,11.9809],[108.50282,11.98312],[108.50491,11.98433],[108.50498,11.98677],[108.49903,11.98894],[108.49839,11.99028],[108.49593,11.98981],[108.49349,11.99248],[108.4918,11.99303],[108.48683,11.99211],[108.48431,11.99278],[108.48145,11.99182],[108.48096,11.98987],[108.47905,11.9911],[108.47651,11.98877],[108.47443,11.98887],[108.4733,11.99356],[108.46847,11.99386],[108.468,11.99519],[108.46611,11.99623],[108.46586,11.99755],[108.46347,11.99873],[108.46395,12.00362],[108.46315,12.0064],[108.46084,12.00774],[108.45869,12.00722],[108.4564,12.00776]]]}},{"type":"Feature","properties":{"id":"24846","name":"Lang Biang - Đà Lạt","type":"Phường","area":322.66,"population":40041},"geometry":{"type":"Polygon","coordinates":[[[108.46591,12.17428],[108.46201,12.17767],[108.45941,12.17514],[108.45557,12.17409],[108.45188,12.17148],[108.44994,12.1721],[108.44776,12.17119],[108.44293,12.17125],[108.44081,12.17357],[108.43776,12.17325],[108.43414,12.17178],[108.43243,12.16917],[108.4312,12.16941],[108.42975,12.16729],[108.42712,12.16719],[108.42653,12.16499],[108.42518,12.16362],[108.42265,12.16313],[108.41986,12.16375],[108.41933,12.1616],[108.41741,12.16031],[108.41681,12.1621],[108.41459,12.16263],[108.41026,12.16194],[108.40891,12.1585],[108.4092,12.15738],[108.40788,12.15639],[108.402,12.1571],[108.40167,12.16019],[108.39917,12.16175],[108.39408,12.15974],[108.39106,12.15962],[108.3927,12.15505],[108.39188,12.15249],[108.38923,12.15087],[108.39096,12.14828],[108.39037,12.14601],[108.39319,12.14448],[108.39238,12.1422],[108.39047,12.14298],[108.39086,12.13955],[108.39017,12.13983],[108.39015,12.13914],[108.39145,12.13898],[108.39097,12.13609],[108.39234,12.13537],[108.39166,12.13179],[108.39019,12.13144],[108.38911,12.12761],[108.38508,12.12784],[108.38349,12.12645],[108.38214,12.12657],[108.38014,12.12452],[108.37704,12.1256],[108.37736,12.12505],[108.37501,12.12223],[108.37363,12.12333],[108.37139,12.12265],[108.3697,12.12338],[108.36811,12.12289],[108.36733,12.12092],[108.36517,12.11997],[108.36659,12.11897],[108.3657,12.11695],[108.36696,12.11684],[108.36741,12.11548],[108.36537,12.11493],[108.36385,12.11332],[108.36276,12.11083],[108.36308,12.10982],[108.36198,12.10851],[108.36212,12.10488],[108.36104,12.1035],[108.36178,12.10271],[108.36439,12.10295],[108.36585,12.10436],[108.3673,12.1035],[108.36765,12.10182],[108.3689,12.10251],[108.37181,12.10091],[108.37529,12.10343],[108.37663,12.10275],[108.37772,12.10312],[108.37813,12.10132],[108.37643,12.09885],[108.3761,12.09489],[108.37717,12.094],[108.37737,12.09142],[108.37854,12.09092],[108.37903,12.08956],[108.37857,12.08512],[108.37536,12.07809],[108.37415,12.07769],[108.37437,12.0763],[108.37307,12.07396],[108.36957,12.07311],[108.36701,12.07107],[108.3669,12.07008],[108.3655,12.06998],[108.36517,12.06855],[108.36158,12.06659],[108.35661,12.0658],[108.35666,12.06341],[108.35518,12.06226],[108.34365,12.06591],[108.3427,12.06584],[108.33988,12.06248],[108.33866,12.06046],[108.33902,12.05883],[108.33701,12.05697],[108.33576,12.0531],[108.33707,12.0507],[108.3368,12.04833],[108.33513,12.04762],[108.33372,12.04569],[108.33703,12.03718],[108.33423,12.03391],[108.33512,12.03249],[108.33439,12.02813],[108.33501,12.02551],[108.33555,12.02448],[108.33722,12.0241],[108.33543,12.0194],[108.33411,12.02164],[108.32931,12.02424],[108.32885,12.0271],[108.32209,12.03],[108.32334,12.03082],[108.32292,12.03279],[108.32004,12.03439],[108.32066,12.03271],[108.31665,12.02992],[108.3169,12.02894],[108.3156,12.02719],[108.31547,12.02383],[108.31361,12.02091],[108.31276,12.02056],[108.31032,12.02212],[108.30919,12.02192],[108.30825,12.02286],[108.30934,12.02487],[108.30847,12.025],[108.30637,12.02367],[108.30492,12.02387],[108.30402,12.0219],[108.30222,12.02257],[108.29952,12.01817],[108.29529,12.01845],[108.29371,12.01408],[108.29479,12.00885],[108.29706,12.00728],[108.2934,12.00183],[108.29566,11.99964],[108.29449,11.99639],[108.29264,11.99436],[108.29142,11.98567],[108.28973,11.98479],[108.28762,11.97984],[108.28629,11.9795],[108.28513,11.97779],[108.28538,11.97479],[108.28331,11.96999],[108.2793,11.97004],[108.27772,11.96809],[108.27648,11.96801],[108.27933,11.96451],[108.28016,11.96047],[108.28261,11.95923],[108.28461,11.95983],[108.28729,11.95684],[108.287,11.95571],[108.28989,11.95441],[108.2897,11.95274],[108.29263,11.94906],[108.29106,11.94147],[108.29795,11.93491],[108.29873,11.93508],[108.29853,11.9336],[108.30019,11.93307],[108.30178,11.93048],[108.30307,11.9309],[108.30727,11.92998],[108.31073,11.92652],[108.31398,11.92527],[108.31601,11.92583],[108.31522,11.92777],[108.31781,11.93264],[108.31832,11.93581],[108.31774,11.93764],[108.32151,11.93925],[108.3223,11.94049],[108.32215,11.94317],[108.32054,11.94495],[108.32308,11.94755],[108.32344,11.95199],[108.3223,11.95417],[108.32679,11.9591],[108.32422,11.96031],[108.32543,11.9618],[108.32846,11.96284],[108.32919,11.96456],[108.33216,11.96562],[108.33314,11.96455],[108.3378,11.96347],[108.33838,11.96408],[108.33801,11.96673],[108.33549,11.96979],[108.33922,11.97596],[108.34195,11.9763],[108.34341,11.97831],[108.34577,11.97872],[108.34666,11.98038],[108.34941,11.98009],[108.3545,11.97707],[108.35475,11.97597],[108.35667,11.97497],[108.35679,11.97345],[108.35832,11.97143],[108.36056,11.97179],[108.36467,11.96882],[108.36621,11.96839],[108.36992,11.97102],[108.3712,11.96722],[108.37388,11.96478],[108.37376,11.96218],[108.37669,11.96176],[108.37856,11.96029],[108.38086,11.96063],[108.38314,11.95913],[108.38546,11.95996],[108.38655,11.95803],[108.38682,11.95937],[108.38873,11.96005],[108.39005,11.96165],[108.39205,11.96174],[108.39381,11.96327],[108.39672,11.96325],[108.40078,11.96638],[108.40187,11.96583],[108.40237,11.96751],[108.40784,11.96605],[108.40864,11.96655],[108.40905,11.96422],[108.4083,11.9638],[108.40914,11.9624],[108.41031,11.96222],[108.41268,11.95973],[108.41439,11.96098],[108.4148,11.96028],[108.41379,11.95663],[108.41441,11.95545],[108.41655,11.95571],[108.41676,11.9545],[108.41977,11.95504],[108.42024,11.95598],[108.42238,11.95605],[108.42367,11.95868],[108.42756,11.96005],[108.43098,11.95469],[108.43436,11.95732],[108.43492,11.95917],[108.4339,11.96348],[108.43417,11.96669],[108.43617,11.96843],[108.43527,11.97296],[108.43633,11.97394],[108.44063,11.97504],[108.43755,11.97557],[108.43581,11.97775],[108.43646,11.97952],[108.44024,11.9839],[108.44032,11.98542],[108.43763,11.98745],[108.43915,11.99109],[108.43848,11.9929],[108.44202,11.9997],[108.4462,12.00184],[108.44952,12.00163],[108.44931,12.00278],[108.4516,12.00531],[108.45172,12.00677],[108.45403,12.00801],[108.45349,12.01178],[108.45529,12.01342],[108.45553,12.0151],[108.45698,12.01563],[108.45727,12.01743],[108.45832,12.01848],[108.45791,12.02389],[108.45908,12.02475],[108.45755,12.02763],[108.45738,12.03016],[108.45608,12.03177],[108.45274,12.0334],[108.44487,12.0448],[108.44699,12.04975],[108.44762,12.05364],[108.45212,12.06018],[108.45563,12.06252],[108.45219,12.06406],[108.45217,12.06625],[108.45392,12.068],[108.45875,12.06819],[108.46339,12.07117],[108.46688,12.07075],[108.46998,12.07277],[108.47055,12.07732],[108.47199,12.07967],[108.47304,12.0808],[108.47664,12.08178],[108.47609,12.08312],[108.47918,12.08622],[108.4795,12.08744],[108.47854,12.08919],[108.47956,12.09168],[108.48223,12.09293],[108.48425,12.09675],[108.48754,12.09864],[108.48888,12.10177],[108.49157,12.10414],[108.49112,12.10616],[108.49305,12.10668],[108.49808,12.1059],[108.50069,12.10862],[108.50441,12.11018],[108.5063,12.10993],[108.50657,12.1128],[108.511,12.11517],[108.51481,12.11858],[108.51712,12.12363],[108.51859,12.12429],[108.52372,12.13038],[108.52456,12.13305],[108.52839,12.13436],[108.5286,12.13582],[108.53156,12.13991],[108.51828,12.14397],[108.51392,12.1441],[108.51252,12.14331],[108.51053,12.14417],[108.51017,12.14272],[108.50946,12.14266],[108.50109,12.14815],[108.49884,12.15271],[108.49613,12.15559],[108.49307,12.15433],[108.49089,12.15561],[108.4928,12.15894],[108.49285,12.16191],[108.49129,12.15997],[108.48917,12.15995],[108.47992,12.16575],[108.47911,12.16827],[108.47749,12.16907],[108.47802,12.17194],[108.47751,12.17503],[108.47664,12.17579],[108.47683,12.17727],[108.4714,12.17342],[108.46591,12.17428]]]}},{"type":"Feature","properties":{"id":"22969","name":"Liên Hương","type":"Xã","area":128.23,"population":70737},"geometry":{"type":"Polygon","coordinates":[[[108.71228,11.35996],[108.64643,11.36291],[108.65392,11.35958],[108.65273,11.35117],[108.66093,11.337],[108.6721,11.34031],[108.67594,11.33978],[108.67791,11.33822],[108.67768,11.33707],[108.67575,11.33636],[108.6735,11.33229],[108.67368,11.32892],[108.67233,11.32534],[108.66245,11.31325],[108.66233,11.31123],[108.66376,11.30686],[108.66232,11.3034],[108.66294,11.30232],[108.66779,11.30107],[108.66915,11.2991],[108.67118,11.29338],[108.67256,11.2846],[108.67514,11.28103],[108.67528,11.2756],[108.67993,11.27308],[108.67934,11.26998],[108.68084,11.26544],[108.67983,11.26509],[108.68313,11.25801],[108.67982,11.25521],[108.68318,11.25167],[108.66357,11.2265],[108.65513,11.20834],[108.64463,11.19038],[108.64701,11.19246],[108.6491,11.19316],[108.66341,11.19286],[108.67828,11.18949],[108.69606,11.18328],[108.70075,11.1805],[108.70277,11.17799],[108.70246,11.17354],[108.70334,11.17095],[108.70551,11.16837],[108.70541,11.167],[108.70375,11.16534],[108.70441,11.1646],[108.70929,11.16665],[108.71005,11.17158],[108.71215,11.17581],[108.71373,11.17675],[108.71511,11.17636],[108.71859,11.1773],[108.72724,11.18241],[108.72991,11.18564],[108.72991,11.18859],[108.73129,11.19169],[108.73198,11.20414],[108.73412,11.21263],[108.73622,11.2169],[108.74032,11.21947],[108.74002,11.22238],[108.74073,11.22145],[108.74035,11.22249],[108.74152,11.2256],[108.74561,11.2315],[108.74532,11.24214],[108.74786,11.24935],[108.75089,11.25477],[108.75081,11.25536],[108.74979,11.25462],[108.75167,11.25752],[108.75114,11.26592],[108.75252,11.27429],[108.73659,11.27681],[108.73433,11.2734],[108.72097,11.28096],[108.70577,11.29394],[108.7065,11.32986],[108.71228,11.35996]]]}},{"type":"Feature","properties":{"id":"23032","name":"Lương Sơn","type":"Xã","area":159.21,"population":23912},"geometry":{"type":"Polygon","coordinates":[[[108.3765,11.32247],[108.37449,11.32616],[108.3712,11.32917],[108.36181,11.32096],[108.34385,11.31091],[108.28644,11.31269],[108.27523,11.31595],[108.2716,11.3081],[108.27013,11.30209],[108.26311,11.29877],[108.26553,11.2939],[108.26813,11.29126],[108.26831,11.28915],[108.27178,11.28615],[108.27267,11.28231],[108.2734,11.2821],[108.27262,11.27959],[108.27126,11.27897],[108.27231,11.27791],[108.27232,11.27649],[108.27402,11.27473],[108.27786,11.27519],[108.27819,11.27268],[108.27912,11.27339],[108.28013,11.27013],[108.28362,11.2705],[108.28371,11.26892],[108.2851,11.2697],[108.28742,11.26892],[108.28724,11.26769],[108.2888,11.26763],[108.28947,11.26672],[108.28861,11.26627],[108.2897,11.26248],[108.2933,11.26216],[108.29343,11.26148],[108.29205,11.26068],[108.29272,11.25871],[108.29837,11.25475],[108.29927,11.24916],[108.3024,11.24907],[108.30159,11.24072],[108.30569,11.23885],[108.30563,11.23561],[108.30952,11.23529],[108.3149,11.23018],[108.31489,11.22878],[108.31331,11.22646],[108.31331,11.22454],[108.31729,11.21826],[108.31937,11.21728],[108.32294,11.21704],[108.32439,11.22549],[108.32721,11.22799],[108.34689,11.22574],[108.34865,11.20509],[108.34768,11.19658],[108.34979,11.19658],[108.34978,11.19263],[108.35133,11.19168],[108.33297,11.17059],[108.37111,11.17538],[108.40649,11.20063],[108.40298,11.21699],[108.40538,11.21995],[108.40851,11.22076],[108.41368,11.21816],[108.41479,11.21863],[108.41396,11.22049],[108.4147,11.22297],[108.41236,11.22346],[108.41249,11.2245],[108.41179,11.22483],[108.41232,11.22713],[108.40966,11.22933],[108.40993,11.23327],[108.40922,11.23439],[108.41025,11.23618],[108.41019,11.23811],[108.40761,11.2419],[108.40455,11.24282],[108.40352,11.24571],[108.40508,11.24898],[108.41147,11.2803],[108.39418,11.29125],[108.39433,11.29217],[108.39239,11.29318],[108.39155,11.2964],[108.39256,11.29838],[108.39319,11.29793],[108.39418,11.30309],[108.39336,11.3046],[108.39086,11.30566],[108.39015,11.30767],[108.39075,11.30857],[108.38923,11.30929],[108.38989,11.31009],[108.38917,11.31085],[108.38969,11.31198],[108.38918,11.31372],[108.38716,11.31513],[108.38472,11.31455],[108.3798,11.31727],[108.37806,11.3223],[108.3765,11.32247]]]}},{"type":"Feature","properties":{"id":"22918","name":"Mũi Né","type":"Phường","area":118.59,"population":50166},"geometry":{"type":"MultiPolygon","coordinates":[[[[108.30119,10.91025],[108.3005,10.91111],[108.29952,10.91004],[108.30108,10.90946],[108.30176,10.90961],[108.30119,10.91025]]],[[[108.25354,11.02377],[108.24707,11.02821],[108.21502,11.01706],[108.1961,11.00096],[108.19004,10.99712],[108.19611,10.99333],[108.18841,10.96013],[108.18847,10.95523],[108.18509,10.93588],[108.18987,10.93638],[108.19543,10.94126],[108.20674,10.94844],[108.21563,10.9525],[108.22482,10.95451],[108.23596,10.95401],[108.25213,10.95054],[108.26513,10.94653],[108.27453,10.94303],[108.27991,10.93986],[108.28166,10.93614],[108.28093,10.92991],[108.28311,10.92136],[108.28259,10.9201],[108.28036,10.91854],[108.28174,10.91586],[108.28444,10.91634],[108.28561,10.91513],[108.28842,10.91494],[108.2893,10.91363],[108.29186,10.91351],[108.29389,10.91474],[108.29533,10.91463],[108.29567,10.91561],[108.29461,10.9169],[108.29582,10.92895],[108.29893,10.93978],[108.30361,10.94961],[108.30925,10.95646],[108.31408,10.95949],[108.32178,10.9603],[108.32367,10.9601],[108.32809,10.95754],[108.32838,10.95437],[108.33127,10.95131],[108.33672,10.95138],[108.33957,10.95508],[108.33918,10.95637],[108.34023,10.95785],[108.33956,10.95892],[108.33988,10.96327],[108.34371,10.98434],[108.34993,11.00407],[108.34699,11.00591],[108.33433,11.00172],[108.32311,11.00089],[108.31407,10.99622],[108.30727,10.99685],[108.30307,10.99593],[108.29734,10.9959],[108.29309,11.00831],[108.28111,11.01576],[108.27558,11.02279],[108.25641,11.0218],[108.25354,11.02377]]]]}},{"type":"Feature","properties":{"id":"24868","name":"Nam Ban Lâm Hà","type":"Xã","area":117.55,"population":32722},"geometry":{"type":"Polygon","coordinates":[[[108.31867,11.92071],[108.31907,11.92455],[108.31707,11.92578],[108.31468,11.92508],[108.31156,11.92231],[108.30896,11.91889],[108.30836,11.91607],[108.30671,11.91522],[108.30209,11.90615],[108.29998,11.90462],[108.29592,11.90381],[108.29432,11.90221],[108.29307,11.90022],[108.29371,11.89655],[108.29076,11.89357],[108.2933,11.89068],[108.29561,11.89113],[108.29515,11.88818],[108.29683,11.88473],[108.29703,11.87779],[108.29531,11.87512],[108.29582,11.87109],[108.29474,11.86853],[108.29852,11.86736],[108.30271,11.86784],[108.30469,11.86649],[108.30719,11.86744],[108.31021,11.86479],[108.31595,11.86236],[108.31444,11.8594],[108.31299,11.85911],[108.31677,11.8525],[108.3167,11.84921],[108.31103,11.83858],[108.31385,11.83555],[108.31299,11.83339],[108.31434,11.83122],[108.31405,11.8266],[108.31569,11.82316],[108.31479,11.82041],[108.31759,11.818],[108.31456,11.81726],[108.31257,11.81818],[108.31142,11.81717],[108.31141,11.81561],[108.30746,11.81426],[108.30325,11.81436],[108.30085,11.81285],[108.30194,11.81144],[108.30565,11.81105],[108.31034,11.80926],[108.31745,11.80286],[108.31679,11.80172],[108.31815,11.80164],[108.31823,11.80043],[108.32066,11.80035],[108.32304,11.79831],[108.32109,11.79851],[108.31985,11.79743],[108.31989,11.79431],[108.32222,11.79183],[108.32059,11.78923],[108.32006,11.78511],[108.31777,11.78249],[108.31747,11.78103],[108.32105,11.77722],[108.32046,11.77665],[108.31752,11.77708],[108.31762,11.77287],[108.32011,11.77048],[108.3222,11.77036],[108.32568,11.77453],[108.32761,11.77962],[108.32938,11.78152],[108.32964,11.78554],[108.33076,11.78706],[108.33875,11.78918],[108.34206,11.78731],[108.3447,11.78421],[108.34684,11.7835],[108.34766,11.7815],[108.34784,11.78455],[108.35064,11.78698],[108.3514,11.78912],[108.35275,11.78954],[108.35279,11.79227],[108.35358,11.79361],[108.35553,11.79379],[108.35812,11.79713],[108.35958,11.80018],[108.35968,11.803],[108.36315,11.80373],[108.36509,11.80563],[108.36918,11.80727],[108.36927,11.80918],[108.37048,11.81089],[108.36983,11.81473],[108.37649,11.81407],[108.3786,11.81691],[108.38142,11.81855],[108.38408,11.8228],[108.38996,11.82876],[108.39791,11.82831],[108.40265,11.8266],[108.40472,11.82749],[108.40759,11.82702],[108.41047,11.82863],[108.41233,11.83126],[108.41468,11.83883],[108.41605,11.8412],[108.41803,11.84213],[108.41873,11.84529],[108.4213,11.85005],[108.42246,11.85163],[108.42647,11.85354],[108.41952,11.85661],[108.41737,11.85986],[108.41742,11.8619],[108.41246,11.86585],[108.40967,11.86569],[108.40485,11.86789],[108.40391,11.86971],[108.39886,11.87342],[108.39769,11.8755],[108.39641,11.87557],[108.39269,11.87872],[108.38851,11.87881],[108.38674,11.8824],[108.38531,11.88858],[108.3833,11.89068],[108.38051,11.89175],[108.37874,11.89095],[108.37596,11.89288],[108.37403,11.89061],[108.37271,11.89036],[108.36929,11.89474],[108.36907,11.89623],[108.36651,11.89801],[108.36596,11.89936],[108.36271,11.89892],[108.35945,11.89567],[108.35654,11.89405],[108.35521,11.89458],[108.35082,11.89025],[108.34945,11.89079],[108.34936,11.8931],[108.34631,11.89337],[108.34373,11.89819],[108.33772,11.89932],[108.3379,11.90344],[108.33993,11.90264],[108.34075,11.90322],[108.33564,11.90873],[108.33232,11.90747],[108.32911,11.90767],[108.32724,11.90704],[108.32807,11.90668],[108.32781,11.90607],[108.32603,11.90593],[108.32545,11.90831],[108.32404,11.90878],[108.32099,11.91213],[108.31956,11.91483],[108.3186,11.91679],[108.31942,11.9181],[108.31867,11.92071]]]}},{"type":"Feature","properties":{"id":"24697","name":"Nam Đà","type":"Xã","area":132.69,"population":21520},"geometry":{"type":"Polygon","coordinates":[[[107.88741,12.55077],[107.8859,12.55242],[107.88387,12.55081],[107.88159,12.55189],[107.88106,12.55098],[107.87911,12.55117],[107.87354,12.5492],[107.87134,12.55098],[107.86884,12.54968],[107.86971,12.54861],[107.86789,12.54376],[107.86712,12.54294],[107.86615,12.54366],[107.86661,12.54207],[107.86259,12.53507],[107.86135,12.53461],[107.86099,12.53239],[107.85728,12.53162],[107.85647,12.52926],[107.85461,12.52871],[107.85311,12.52664],[107.85107,12.52749],[107.84946,12.52594],[107.84752,12.526],[107.84713,12.52481],[107.84811,12.52064],[107.8493,12.51947],[107.85033,12.52003],[107.8528,12.51855],[107.85347,12.51515],[107.85226,12.51458],[107.85065,12.51662],[107.85104,12.51316],[107.84979,12.51419],[107.84896,12.51389],[107.84833,12.51218],[107.84343,12.50806],[107.8432,12.50646],[107.8445,12.50631],[107.8446,12.50555],[107.84361,12.50508],[107.84363,12.50354],[107.84147,12.50379],[107.84062,12.50064],[107.83697,12.50044],[107.83608,12.49912],[107.83438,12.49926],[107.83376,12.50017],[107.83091,12.49986],[107.82963,12.50155],[107.83077,12.50242],[107.82931,12.50243],[107.82895,12.50518],[107.82817,12.50484],[107.82827,12.50322],[107.82625,12.50399],[107.82655,12.50244],[107.82554,12.5019],[107.82192,12.50152],[107.81924,12.50327],[107.81906,12.50137],[107.81762,12.5023],[107.81641,12.50142],[107.81552,12.5018],[107.81943,12.49996],[107.81882,12.49939],[107.81946,12.49879],[107.82142,12.49886],[107.82066,12.49733],[107.81919,12.49794],[107.81868,12.49708],[107.81947,12.49631],[107.81911,12.49532],[107.82003,12.4949],[107.81944,12.49414],[107.82063,12.49443],[107.82124,12.49325],[107.82244,12.49342],[107.82167,12.49289],[107.82193,12.4919],[107.82926,12.49219],[107.83083,12.48979],[107.83276,12.48918],[107.83196,12.48606],[107.83264,12.48458],[107.83392,12.48398],[107.83536,12.47458],[107.83766,12.47294],[107.83853,12.47369],[107.83977,12.47187],[107.84183,12.47085],[107.84254,12.46872],[107.84198,12.46831],[107.84364,12.46783],[107.84448,12.46591],[107.84533,12.46618],[107.84563,12.46435],[107.84685,12.46446],[107.84657,12.46274],[107.84785,12.46334],[107.84744,12.46613],[107.84849,12.46664],[107.8479,12.46839],[107.84872,12.4695],[107.84929,12.4688],[107.85119,12.47038],[107.85355,12.47004],[107.85449,12.47173],[107.85561,12.47169],[107.85604,12.47088],[107.85478,12.46958],[107.85621,12.46985],[107.85716,12.46847],[107.85839,12.47039],[107.85946,12.46923],[107.86149,12.47107],[107.86293,12.46957],[107.86375,12.47104],[107.86448,12.47104],[107.86535,12.46935],[107.86519,12.47061],[107.86615,12.47106],[107.866,12.46998],[107.87268,12.46449],[107.87857,12.46363],[107.888,12.4579],[107.89454,12.45802],[107.89965,12.46609],[107.90943,12.46791],[107.91445,12.46357],[107.91385,12.46145],[107.91629,12.46075],[107.91775,12.45829],[107.91767,12.45607],[107.91975,12.45595],[107.9208,12.45467],[107.91869,12.45118],[107.91732,12.44552],[107.93078,12.44422],[107.93297,12.44513],[107.93495,12.4443],[107.93898,12.44562],[107.94382,12.44868],[107.94908,12.44901],[107.95193,12.44816],[107.9527,12.44878],[107.95403,12.44572],[107.95425,12.44164],[107.96107,12.43748],[107.96447,12.43641],[107.96641,12.43641],[107.96905,12.43783],[107.97761,12.44402],[107.98535,12.44656],[107.98705,12.45173],[107.99173,12.45889],[107.99189,12.46385],[107.99299,12.46514],[107.99582,12.46606],[107.99524,12.47013],[107.99672,12.47202],[107.99978,12.47323],[108.00169,12.47599],[107.99758,12.48191],[107.9975,12.48614],[107.99597,12.4864],[107.99288,12.48485],[107.99065,12.48631],[107.99029,12.48898],[107.99164,12.49171],[107.99138,12.49284],[107.98769,12.4934],[107.98638,12.4952],[107.98265,12.49497],[107.98022,12.49586],[107.97841,12.50236],[107.97424,12.50808],[107.96768,12.51129],[107.95467,12.5204],[107.94841,12.52083],[107.94084,12.52663],[107.9294,12.5261],[107.92706,12.52847],[107.92481,12.52882],[107.9228,12.52797],[107.91968,12.52912],[107.91523,12.52906],[107.91318,12.5275],[107.91389,12.52587],[107.91047,12.52526],[107.90796,12.52754],[107.90459,12.52834],[107.90136,12.53264],[107.89469,12.53845],[107.88818,12.5397],[107.88766,12.54668],[107.88996,12.54973],[107.89247,12.55142],[107.88741,12.55077]]]}},{"type":"Feature","properties":{"id":"24649","name":"Nam Dong","type":"Xã","area":104.04,"population":35701},"geometry":{"type":"Polygon","coordinates":[[[107.84946,12.68137],[107.84806,12.68198],[107.82029,12.67046],[107.80153,12.67565],[107.79543,12.67429],[107.79274,12.67229],[107.79295,12.67154],[107.79104,12.66875],[107.79009,12.66859],[107.78026,12.6714],[107.77662,12.67279],[107.77559,12.67406],[107.76408,12.67192],[107.76348,12.67105],[107.76142,12.67091],[107.7609,12.67002],[107.76021,12.67102],[107.75978,12.66844],[107.75801,12.66877],[107.75732,12.66417],[107.75895,12.65938],[107.75887,12.65437],[107.76138,12.65356],[107.75988,12.6472],[107.7612,12.64398],[107.76068,12.63858],[107.75905,12.63247],[107.75775,12.63067],[107.7563,12.63087],[107.75496,12.62938],[107.75572,12.6276],[107.75351,12.62551],[107.75427,12.62207],[107.75302,12.62154],[107.75323,12.62042],[107.75175,12.62004],[107.75257,12.61435],[107.7501,12.60933],[107.74965,12.60531],[107.74803,12.60377],[107.75,12.60075],[107.75998,12.59753],[107.76154,12.59838],[107.76221,12.59736],[107.76368,12.59814],[107.76404,12.59759],[107.7644,12.59849],[107.76524,12.59826],[107.76791,12.60008],[107.76702,12.60138],[107.76514,12.6019],[107.76594,12.60261],[107.76532,12.60269],[107.76591,12.60462],[107.76416,12.60626],[107.76509,12.60871],[107.76574,12.60832],[107.76746,12.60929],[107.76918,12.60836],[107.77052,12.61047],[107.77163,12.60923],[107.77269,12.6099],[107.77356,12.60885],[107.77407,12.60921],[107.77355,12.61128],[107.77544,12.61156],[107.7772,12.61053],[107.77637,12.61007],[107.77698,12.60953],[107.779,12.61129],[107.77948,12.6101],[107.78034,12.61015],[107.78175,12.6129],[107.78303,12.61272],[107.78336,12.61398],[107.78498,12.61469],[107.78535,12.61579],[107.78596,12.61548],[107.78639,12.61687],[107.78791,12.61491],[107.78955,12.61438],[107.79006,12.61665],[107.78951,12.61708],[107.79052,12.61753],[107.79201,12.61572],[107.79219,12.61697],[107.79374,12.61768],[107.79631,12.61607],[107.79711,12.6139],[107.80053,12.61254],[107.80181,12.61351],[107.80546,12.61193],[107.80743,12.61374],[107.80885,12.61352],[107.80919,12.61406],[107.80818,12.61511],[107.80985,12.61448],[107.81038,12.61532],[107.81143,12.61521],[107.81116,12.6161],[107.81226,12.61582],[107.81212,12.61665],[107.81348,12.61635],[107.81419,12.61713],[107.81509,12.61661],[107.81493,12.61553],[107.81588,12.6164],[107.81793,12.61417],[107.82063,12.61415],[107.82176,12.61244],[107.8237,12.6139],[107.82576,12.61362],[107.8261,12.61503],[107.82717,12.6144],[107.82814,12.61758],[107.8303,12.61726],[107.83132,12.61841],[107.83251,12.61759],[107.8367,12.61762],[107.83769,12.61551],[107.83902,12.61611],[107.8387,12.61477],[107.84038,12.61686],[107.84295,12.61752],[107.84345,12.61612],[107.84473,12.61661],[107.84624,12.61595],[107.84832,12.61765],[107.84753,12.61957],[107.84849,12.61971],[107.84908,12.62125],[107.85034,12.62146],[107.85138,12.61985],[107.85439,12.62229],[107.85307,12.62284],[107.85278,12.6246],[107.85456,12.62539],[107.85664,12.62444],[107.85864,12.62664],[107.86094,12.62512],[107.86246,12.62617],[107.86343,12.62412],[107.86418,12.6244],[107.86492,12.6235],[107.8659,12.62441],[107.86728,12.6239],[107.86823,12.62091],[107.8665,12.61791],[107.86745,12.61723],[107.86638,12.616],[107.86879,12.61638],[107.86956,12.61452],[107.87156,12.61279],[107.8714,12.61208],[107.87299,12.61192],[107.8742,12.60981],[107.87491,12.6117],[107.87445,12.61224],[107.87372,12.61174],[107.87366,12.61285],[107.87505,12.61262],[107.87547,12.61411],[107.87744,12.61487],[107.87717,12.61203],[107.87804,12.61393],[107.87917,12.61423],[107.87926,12.6157],[107.88013,12.61582],[107.87882,12.61672],[107.88036,12.61694],[107.88135,12.61608],[107.88243,12.61735],[107.88347,12.61621],[107.8838,12.61717],[107.88285,12.6175],[107.88423,12.61852],[107.8834,12.62007],[107.88413,12.62163],[107.88555,12.62231],[107.88385,12.62366],[107.88463,12.62545],[107.88883,12.62194],[107.88938,12.62247],[107.88876,12.62452],[107.89004,12.62591],[107.88979,12.62798],[107.89415,12.62455],[107.89491,12.62674],[107.89676,12.6286],[107.89646,12.63173],[107.9003,12.63285],[107.90259,12.63598],[107.9036,12.634],[107.90426,12.63406],[107.9056,12.63695],[107.90782,12.63917],[107.90952,12.63796],[107.91388,12.64298],[107.91337,12.64503],[107.90688,12.64675],[107.90433,12.65057],[107.90445,12.65166],[107.90678,12.65397],[107.91257,12.65603],[107.91439,12.6576],[107.91429,12.66244],[107.91345,12.66493],[107.90721,12.67019],[107.90597,12.66834],[107.90196,12.66904],[107.89009,12.66793],[107.88382,12.66959],[107.86944,12.6758],[107.86429,12.67626],[107.85738,12.67992],[107.84946,12.68137]]]}},{"type":"Feature","properties":{"id":"24615","name":"Nam Gia Nghĩa","type":"Phường","area":80.58,"population":23650},"geometry":{"type":"Polygon","coordinates":[[[107.65951,12.04882],[107.66041,12.04979],[107.65762,12.05129],[107.65018,12.05338],[107.64621,12.05226],[107.63623,12.04632],[107.63478,12.04657],[107.63074,12.04534],[107.59282,12.04815],[107.58941,12.04568],[107.58723,12.04207],[107.58218,12.0458],[107.58224,12.04346],[107.58106,12.04283],[107.58004,12.04025],[107.57879,12.0396],[107.57668,12.03991],[107.57539,12.03896],[107.57881,12.03568],[107.57773,12.03239],[107.57586,12.03076],[107.57705,12.02734],[107.57894,12.02635],[107.57849,12.02466],[107.57678,12.02352],[107.5775,12.02238],[107.57941,12.02208],[107.57856,12.02002],[107.58038,12.01653],[107.57983,12.01486],[107.58209,12.01391],[107.581,12.01241],[107.58177,12.0113],[107.58343,12.01113],[107.58446,12.01396],[107.58528,12.0115],[107.58669,12.01106],[107.58934,12.00789],[107.59279,12.00608],[107.59647,12.01021],[107.59753,12.01031],[107.59721,12.00878],[107.59814,12.00766],[107.59607,12.00626],[107.5965,12.0055],[107.59795,12.00572],[107.59846,12.0046],[107.59674,12.00198],[107.59907,12.00175],[107.5991,11.99767],[107.60085,11.99766],[107.60042,11.99478],[107.60147,11.99332],[107.60287,11.99326],[107.60572,11.99087],[107.60729,11.99213],[107.60696,11.99597],[107.60782,11.99649],[107.60905,11.99486],[107.61074,11.99447],[107.61338,11.99228],[107.61693,11.99167],[107.61899,11.9896],[107.62252,11.9931],[107.62687,11.99491],[107.63202,11.99388],[107.63681,11.99692],[107.63868,11.99703],[107.63941,11.99236],[107.63889,11.99102],[107.64001,11.99034],[107.64018,11.98858],[107.63835,11.98588],[107.63928,11.98478],[107.63988,11.97806],[107.64085,11.97766],[107.64302,11.97859],[107.64651,11.97538],[107.64876,11.97517],[107.64902,11.97201],[107.65033,11.96972],[107.64926,11.96796],[107.64987,11.96607],[107.6495,11.96178],[107.65107,11.95785],[107.65052,11.95601],[107.65208,11.9548],[107.65119,11.95379],[107.65215,11.95272],[107.65011,11.94876],[107.65033,11.94698],[107.6515,11.94484],[107.65509,11.9467],[107.6569,11.94529],[107.65942,11.94588],[107.65914,11.94272],[107.65803,11.94093],[107.65935,11.93896],[107.65907,11.93821],[107.66072,11.93745],[107.66192,11.93903],[107.66507,11.93897],[107.66659,11.94136],[107.66901,11.9409],[107.66914,11.94178],[107.67323,11.94442],[107.67589,11.94234],[107.67864,11.94522],[107.67872,11.94715],[107.68129,11.94655],[107.68056,11.94544],[107.68203,11.94309],[107.68297,11.94368],[107.68314,11.94554],[107.68545,11.94684],[107.68498,11.94812],[107.68403,11.94827],[107.68459,11.94926],[107.68311,11.94915],[107.68193,11.95111],[107.68227,11.95242],[107.68342,11.95231],[107.68387,11.95394],[107.68378,11.95473],[107.68255,11.95506],[107.68333,11.95833],[107.68572,11.96069],[107.68711,11.96373],[107.68145,11.96524],[107.67901,11.9695],[107.67945,11.9743],[107.68135,11.97782],[107.67901,11.98082],[107.68114,11.98182],[107.68137,11.9834],[107.67947,11.98379],[107.67844,11.98161],[107.67708,11.98334],[107.67438,11.98433],[107.67751,11.98451],[107.67796,11.98709],[107.67959,11.98473],[107.68052,11.98528],[107.68125,11.98788],[107.68319,11.98933],[107.68503,11.99303],[107.68438,11.99605],[107.68594,11.99686],[107.68536,11.99797],[107.68618,12.00051],[107.68786,12.00209],[107.68896,12.00206],[107.68829,12.00356],[107.67709,12.00104],[107.67554,12.00373],[107.67374,12.00347],[107.67736,12.00919],[107.68221,12.01257],[107.68468,12.01624],[107.68802,12.02856],[107.6866,12.03607],[107.68527,12.03515],[107.68313,12.03657],[107.68164,12.03527],[107.68311,12.02996],[107.68139,12.03006],[107.68018,12.02901],[107.67999,12.02487],[107.66612,12.02367],[107.66693,12.02524],[107.66509,12.03354],[107.66601,12.03456],[107.66379,12.03537],[107.6636,12.03681],[107.66074,12.03833],[107.65884,12.04213],[107.65761,12.04292],[107.65728,12.04487],[107.65951,12.04882]]]}},{"type":"Feature","properties":{"id":"24883","name":"Nam Hà Lâm Hà","type":"Xã","area":100.34,"population":10978},"geometry":{"type":"Polygon","coordinates":[[[108.28061,11.96017],[108.27929,11.96459],[108.27648,11.96801],[108.27467,11.96815],[108.26896,11.96052],[108.26459,11.95232],[108.26196,11.95391],[108.25874,11.95441],[108.25434,11.95195],[108.25248,11.94735],[108.25221,11.94305],[108.24681,11.93764],[108.24713,11.93071],[108.24141,11.92346],[108.24023,11.92305],[108.23783,11.92375],[108.22947,11.91996],[108.23013,11.91896],[108.22806,11.91629],[108.23268,11.91381],[108.23099,11.91176],[108.23174,11.91063],[108.23115,11.90956],[108.23229,11.90856],[108.2322,11.90649],[108.23359,11.90442],[108.23427,11.90608],[108.23325,11.90758],[108.23308,11.90985],[108.23428,11.91111],[108.23609,11.91175],[108.23795,11.9108],[108.24385,11.91213],[108.24417,11.91092],[108.24309,11.90733],[108.23983,11.90715],[108.23954,11.90653],[108.24093,11.89771],[108.24244,11.89531],[108.24166,11.89439],[108.24482,11.89145],[108.24466,11.88925],[108.24275,11.88676],[108.24063,11.87975],[108.24306,11.87849],[108.24407,11.87397],[108.24348,11.87291],[108.23863,11.87191],[108.23823,11.87071],[108.23926,11.86722],[108.242,11.86618],[108.24277,11.86423],[108.24019,11.86178],[108.23859,11.86127],[108.23981,11.85921],[108.23921,11.85555],[108.23605,11.85498],[108.23499,11.85161],[108.23345,11.85066],[108.23391,11.84893],[108.23296,11.84684],[108.23291,11.84422],[108.23388,11.8428],[108.24197,11.84429],[108.24683,11.83925],[108.24975,11.8392],[108.25362,11.83327],[108.25547,11.83368],[108.25928,11.83182],[108.26514,11.82531],[108.26849,11.82459],[108.27044,11.82145],[108.27192,11.8222],[108.27499,11.82091],[108.27838,11.8217],[108.28039,11.81895],[108.28028,11.81645],[108.28422,11.81444],[108.28878,11.81494],[108.28914,11.81588],[108.29253,11.81749],[108.29624,11.8145],[108.29906,11.81411],[108.30085,11.81285],[108.30325,11.81436],[108.30746,11.81426],[108.31141,11.81561],[108.31142,11.81717],[108.31257,11.81818],[108.31456,11.81726],[108.31759,11.818],[108.31479,11.82041],[108.31569,11.82316],[108.31405,11.8266],[108.31434,11.83122],[108.31299,11.83339],[108.31385,11.83555],[108.31103,11.83858],[108.3167,11.84921],[108.31677,11.8525],[108.31299,11.85911],[108.31444,11.8594],[108.31595,11.86236],[108.31021,11.86479],[108.30719,11.86744],[108.30469,11.86649],[108.30271,11.86784],[108.29852,11.86736],[108.29474,11.86853],[108.29582,11.87109],[108.29531,11.87512],[108.29703,11.87779],[108.29689,11.88435],[108.29515,11.88818],[108.29561,11.89113],[108.2933,11.89068],[108.29184,11.89173],[108.29075,11.89415],[108.29371,11.89655],[108.29307,11.90022],[108.29432,11.90221],[108.29592,11.90381],[108.29998,11.90462],[108.30209,11.90615],[108.30671,11.91522],[108.30851,11.91631],[108.30896,11.91889],[108.31033,11.92102],[108.31532,11.92541],[108.31073,11.92652],[108.30727,11.92998],[108.30307,11.9309],[108.30186,11.93044],[108.30019,11.93307],[108.29853,11.9336],[108.29873,11.93508],[108.29795,11.93491],[108.29106,11.94147],[108.29263,11.94906],[108.2897,11.95274],[108.28989,11.95441],[108.287,11.95571],[108.28729,11.95684],[108.28461,11.95983],[108.28261,11.95923],[108.28061,11.96017]]]}},{"type":"Feature","properties":{"id":"24703","name":"Nâm Nung","type":"Xã","area":219.66,"population":19655},"geometry":{"type":"Polygon","coordinates":[[[107.9138,12.43514],[107.91332,12.43586],[107.91257,12.43508],[107.91297,12.4332],[107.91171,12.43433],[107.90742,12.43324],[107.9066,12.43386],[107.90623,12.4329],[107.90143,12.43332],[107.90045,12.43468],[107.89831,12.43516],[107.89699,12.43269],[107.89678,12.4334],[107.89352,12.43265],[107.89128,12.42969],[107.89106,12.42802],[107.88935,12.42792],[107.88919,12.42465],[107.88746,12.42251],[107.88658,12.41819],[107.88374,12.41681],[107.88336,12.41739],[107.88104,12.41445],[107.88251,12.41106],[107.87932,12.40794],[107.88012,12.40625],[107.87862,12.40233],[107.87402,12.39879],[107.87128,12.39939],[107.86625,12.39513],[107.86341,12.39552],[107.86173,12.39461],[107.85896,12.39515],[107.85684,12.39339],[107.84792,12.40248],[107.84351,12.40938],[107.8425,12.40884],[107.83826,12.41014],[107.83768,12.40856],[107.83648,12.40758],[107.83588,12.40809],[107.8353,12.40679],[107.83427,12.40697],[107.83433,12.40834],[107.83349,12.40847],[107.83182,12.40616],[107.83097,12.40662],[107.8296,12.40588],[107.82976,12.40459],[107.82846,12.40447],[107.82827,12.40379],[107.82524,12.40421],[107.8262,12.40595],[107.82404,12.4063],[107.82408,12.40542],[107.82276,12.40597],[107.82174,12.40494],[107.82137,12.40307],[107.81902,12.40471],[107.81874,12.40293],[107.81657,12.40307],[107.81648,12.40117],[107.81433,12.40311],[107.81419,12.40216],[107.81353,12.40245],[107.81279,12.40146],[107.81137,12.40232],[107.80975,12.40023],[107.81039,12.39923],[107.80899,12.39904],[107.80956,12.39783],[107.80831,12.39673],[107.80875,12.3947],[107.80692,12.39601],[107.80562,12.39526],[107.80538,12.39664],[107.80495,12.39598],[107.8025,12.39612],[107.80172,12.39509],[107.80121,12.39564],[107.80173,12.39626],[107.80029,12.39737],[107.80073,12.39556],[107.79939,12.39555],[107.79837,12.39448],[107.79564,12.39656],[107.79529,12.39586],[107.79374,12.39581],[107.79337,12.39436],[107.7918,12.39435],[107.79113,12.39265],[107.79202,12.39225],[107.79069,12.39143],[107.79056,12.39024],[107.78856,12.3897],[107.78734,12.39],[107.7881,12.39056],[107.7875,12.39058],[107.78594,12.38907],[107.78577,12.38764],[107.7835,12.38746],[107.78228,12.38625],[107.782,12.3833],[107.78,12.38296],[107.77818,12.37991],[107.77559,12.37879],[107.77416,12.37917],[107.77352,12.37841],[107.77163,12.37845],[107.7706,12.37724],[107.76967,12.37776],[107.76673,12.37557],[107.76618,12.37077],[107.76315,12.36115],[107.75996,12.35574],[107.75531,12.35072],[107.74808,12.34929],[107.74684,12.34833],[107.73782,12.34759],[107.73713,12.34875],[107.73628,12.34874],[107.73088,12.34682],[107.73084,12.34625],[107.72871,12.34654],[107.7265,12.34516],[107.72543,12.34573],[107.72836,12.33964],[107.72762,12.33783],[107.72818,12.33564],[107.72657,12.33178],[107.72685,12.32896],[107.73083,12.32517],[107.7338,12.32494],[107.73535,12.32197],[107.73825,12.32005],[107.74058,12.31997],[107.74403,12.31826],[107.75061,12.31091],[107.75308,12.30981],[107.75387,12.30824],[107.7556,12.3078],[107.75501,12.30694],[107.75584,12.30347],[107.75517,12.30153],[107.75605,12.30071],[107.75347,12.29376],[107.75422,12.28988],[107.75225,12.28617],[107.75459,12.28492],[107.76376,12.28293],[107.77696,12.27878],[107.77756,12.27756],[107.78536,12.27244],[107.786,12.27072],[107.78527,12.26473],[107.78718,12.26252],[107.78317,12.2589],[107.78327,12.25689],[107.78035,12.2516],[107.78484,12.24716],[107.78632,12.24431],[107.78353,12.23975],[107.78562,12.2371],[107.78536,12.23563],[107.7869,12.23554],[107.78645,12.23299],[107.78853,12.23233],[107.7891,12.23103],[107.79053,12.23085],[107.79112,12.2294],[107.79468,12.22804],[107.79877,12.22312],[107.80562,12.22253],[107.80689,12.22482],[107.80773,12.22358],[107.80842,12.22384],[107.80846,12.22252],[107.81103,12.22165],[107.81405,12.22275],[107.81472,12.22656],[107.81576,12.22634],[107.8161,12.22715],[107.81548,12.2296],[107.81367,12.22993],[107.81061,12.23339],[107.80921,12.23356],[107.80885,12.23517],[107.80729,12.23627],[107.80855,12.23912],[107.80655,12.24004],[107.80657,12.24325],[107.80342,12.24434],[107.80443,12.2464],[107.80175,12.25104],[107.80077,12.25131],[107.80106,12.25279],[107.80458,12.25585],[107.80519,12.25816],[107.80821,12.26214],[107.81115,12.26386],[107.81129,12.26488],[107.81333,12.26612],[107.81564,12.2691],[107.81958,12.27171],[107.82112,12.28022],[107.82499,12.28169],[107.82717,12.28536],[107.82964,12.28757],[107.83153,12.29134],[107.83407,12.29025],[107.83841,12.291],[107.84089,12.29363],[107.84085,12.29516],[107.84381,12.29599],[107.84191,12.30081],[107.84435,12.30286],[107.84532,12.30602],[107.84632,12.30628],[107.8479,12.30482],[107.84971,12.30611],[107.85167,12.30602],[107.85191,12.30488],[107.85595,12.30721],[107.85781,12.31026],[107.85738,12.31336],[107.85911,12.31231],[107.86114,12.31534],[107.85987,12.31705],[107.85745,12.31698],[107.85851,12.31957],[107.85575,12.32027],[107.85705,12.32136],[107.85549,12.32584],[107.85749,12.32575],[107.85857,12.32863],[107.85828,12.33078],[107.86577,12.3296],[107.86807,12.333],[107.86814,12.33428],[107.86934,12.33456],[107.8701,12.3376],[107.87153,12.3368],[107.87219,12.33738],[107.87405,12.3361],[107.87473,12.33651],[107.87486,12.33547],[107.87679,12.33449],[107.87795,12.33675],[107.88004,12.33692],[107.88058,12.33803],[107.88125,12.3377],[107.8811,12.33853],[107.88202,12.33896],[107.88108,12.33979],[107.88298,12.33973],[107.88317,12.34113],[107.88521,12.34082],[107.88598,12.33956],[107.88806,12.3407],[107.88809,12.33933],[107.88962,12.34126],[107.89213,12.34204],[107.89351,12.34055],[107.8977,12.33935],[107.90021,12.33948],[107.90083,12.33889],[107.90068,12.33498],[107.9031,12.33552],[107.90302,12.33711],[107.90406,12.33709],[107.90368,12.33844],[107.90446,12.33838],[107.90326,12.34074],[107.90429,12.34123],[107.904,12.34201],[107.90585,12.34242],[107.90552,12.34375],[107.90693,12.34457],[107.90764,12.34356],[107.90869,12.34373],[107.9089,12.34283],[107.91038,12.34457],[107.90904,12.34485],[107.90951,12.34637],[107.90728,12.34909],[107.90723,12.34983],[107.90838,12.35044],[107.90737,12.35116],[107.90766,12.35213],[107.90842,12.35159],[107.90914,12.35287],[107.90977,12.35188],[107.90978,12.353],[107.91077,12.35331],[107.91017,12.35383],[107.91166,12.35474],[107.91299,12.35251],[107.91373,12.35305],[107.91423,12.35122],[107.91493,12.35278],[107.91579,12.35129],[107.91829,12.3536],[107.92318,12.35514],[107.92211,12.35619],[107.9223,12.35746],[107.92135,12.35731],[107.92161,12.35885],[107.92396,12.35863],[107.92378,12.35765],[107.92563,12.35797],[107.92584,12.35739],[107.9264,12.35809],[107.92578,12.35943],[107.92815,12.35977],[107.92906,12.36077],[107.92816,12.36486],[107.92991,12.36593],[107.92774,12.36568],[107.92698,12.3665],[107.92987,12.37425],[107.92747,12.37793],[107.92785,12.3811],[107.92671,12.38255],[107.92486,12.38274],[107.92291,12.37978],[107.9208,12.38081],[107.92006,12.38257],[107.92129,12.38646],[107.92607,12.38907],[107.91687,12.39145],[107.91409,12.39573],[107.91239,12.40114],[107.91322,12.40367],[107.91627,12.40674],[107.9254,12.4096],[107.92749,12.41178],[107.92758,12.41361],[107.92664,12.41439],[107.92153,12.41315],[107.91756,12.41477],[107.91646,12.41598],[107.91656,12.41769],[107.91808,12.41877],[107.91948,12.4185],[107.92176,12.41615],[107.92387,12.41704],[107.92431,12.42122],[107.9216,12.42548],[107.92173,12.42717],[107.92321,12.42813],[107.92525,12.42784],[107.92752,12.42634],[107.92908,12.42397],[107.93051,12.4238],[107.93233,12.42564],[107.93276,12.42802],[107.93198,12.42944],[107.92981,12.43016],[107.92975,12.43171],[107.92841,12.43158],[107.92826,12.43308],[107.9271,12.43312],[107.9268,12.432],[107.92392,12.43109],[107.92328,12.43241],[107.92072,12.43223],[107.91938,12.43379],[107.91893,12.433],[107.91716,12.43364],[107.91743,12.43439],[107.9164,12.43535],[107.9138,12.43514]]]}},{"type":"Feature","properties":{"id":"23200","name":"Nam Thành","type":"Xã","area":201.78,"population":37497},"geometry":{"type":"Polygon","coordinates":[[[107.6012,11.35238],[107.59958,11.35295],[107.59844,11.35511],[107.59347,11.35888],[107.592,11.36376],[107.58831,11.36647],[107.58717,11.36829],[107.58596,11.36837],[107.5832,11.37332],[107.57628,11.3819],[107.57211,11.38294],[107.56652,11.38188],[107.55824,11.37212],[107.5444,11.36659],[107.54499,11.36195],[107.54368,11.35993],[107.54273,11.35366],[107.54367,11.35009],[107.5421,11.34869],[107.54206,11.34429],[107.54108,11.3406],[107.53885,11.33785],[107.53939,11.33721],[107.53564,11.33362],[107.53551,11.32736],[107.53471,11.32634],[107.53525,11.32491],[107.53079,11.32135],[107.53016,11.31944],[107.52507,11.31877],[107.52389,11.31603],[107.52088,11.3152],[107.51913,11.31379],[107.51761,11.30947],[107.51915,11.30767],[107.51885,11.30514],[107.52181,11.30362],[107.52401,11.29934],[107.52283,11.2982],[107.52374,11.29431],[107.52233,11.29179],[107.5229,11.29013],[107.52246,11.28958],[107.52081,11.29001],[107.52096,11.28942],[107.51987,11.28916],[107.52067,11.28685],[107.52027,11.28743],[107.51944,11.28672],[107.51848,11.28458],[107.51939,11.28195],[107.52187,11.28023],[107.52059,11.27968],[107.52142,11.27716],[107.52065,11.27525],[107.5237,11.27223],[107.52306,11.27069],[107.52386,11.26888],[107.52265,11.26771],[107.52345,11.26729],[107.52299,11.26563],[107.52404,11.26376],[107.52407,11.26138],[107.52515,11.26091],[107.52395,11.25848],[107.52443,11.25743],[107.52342,11.25652],[107.52367,11.25432],[107.52454,11.25168],[107.5276,11.24991],[107.5278,11.24696],[107.53103,11.24678],[107.53203,11.24435],[107.53452,11.24355],[107.53675,11.2417],[107.53518,11.23611],[107.53605,11.23602],[107.53817,11.23885],[107.54064,11.24038],[107.54193,11.23937],[107.54405,11.23384],[107.54495,11.23336],[107.54593,11.23544],[107.54806,11.23704],[107.55042,11.24249],[107.55287,11.24382],[107.55459,11.24344],[107.56147,11.23745],[107.56601,11.23914],[107.56956,11.23354],[107.56928,11.22982],[107.56862,11.22877],[107.56472,11.2303],[107.56314,11.22952],[107.56215,11.22594],[107.56278,11.22239],[107.56502,11.22106],[107.57188,11.2272],[107.5744,11.22705],[107.57561,11.22587],[107.57245,11.22351],[107.5723,11.21929],[107.5758,11.21537],[107.57789,11.21826],[107.58115,11.21615],[107.58586,11.2154],[107.58706,11.21444],[107.58856,11.21027],[107.59084,11.20923],[107.59336,11.21203],[107.59688,11.21416],[107.59681,11.21326],[107.59327,11.21018],[107.5943,11.20416],[107.59753,11.20105],[107.60081,11.20232],[107.60186,11.19816],[107.6005,11.19655],[107.60171,11.19678],[107.60357,11.19513],[107.60385,11.19605],[107.60597,11.19661],[107.60627,11.1981],[107.60792,11.19784],[107.60791,11.19841],[107.60912,11.19708],[107.60917,11.19795],[107.6109,11.19683],[107.61192,11.19775],[107.61268,11.19675],[107.61343,11.19765],[107.61463,11.19604],[107.61553,11.19631],[107.61536,11.19733],[107.61619,11.19783],[107.61683,11.19645],[107.62414,11.2045],[107.64137,11.22756],[107.63847,11.23117],[107.64285,11.23705],[107.64186,11.23817],[107.64462,11.24205],[107.64013,11.24528],[107.64477,11.25338],[107.64498,11.25628],[107.64403,11.25666],[107.64678,11.26068],[107.64536,11.26347],[107.64417,11.27312],[107.64467,11.28317],[107.64565,11.28578],[107.64756,11.28792],[107.65418,11.29212],[107.65755,11.29697],[107.65968,11.30216],[107.65753,11.30808],[107.65777,11.31072],[107.66277,11.32031],[107.66262,11.3249],[107.66101,11.32756],[107.65766,11.33056],[107.65739,11.33197],[107.64595,11.33777],[107.62959,11.33799],[107.62639,11.33931],[107.62135,11.33973],[107.6158,11.34131],[107.6103,11.3449],[107.60556,11.34975],[107.6012,11.35238]]]}},{"type":"Feature","properties":{"id":"23158","name":"Nghị Đức","type":"Xã","area":114.97,"population":20737},"geometry":{"type":"Polygon","coordinates":[[[107.72628,11.35997],[107.72489,11.36283],[107.72565,11.36834],[107.72172,11.3586],[107.72336,11.35324],[107.72137,11.34901],[107.72121,11.34613],[107.71744,11.34032],[107.71103,11.33487],[107.69315,11.32588],[107.68314,11.32255],[107.68116,11.32279],[107.67781,11.32418],[107.67537,11.32379],[107.67005,11.32487],[107.65745,11.33194],[107.65766,11.33056],[107.66101,11.32756],[107.66262,11.3249],[107.66276,11.32018],[107.65777,11.31072],[107.65753,11.30808],[107.65968,11.30216],[107.65755,11.29697],[107.65418,11.29212],[107.64756,11.28792],[107.64565,11.28578],[107.64467,11.28317],[107.64417,11.27312],[107.64536,11.26347],[107.64678,11.26068],[107.64403,11.25666],[107.64498,11.25628],[107.64477,11.25338],[107.64013,11.24528],[107.64462,11.24205],[107.64186,11.23817],[107.64285,11.23705],[107.63847,11.23117],[107.64137,11.22756],[107.62414,11.2045],[107.61648,11.19599],[107.61711,11.1822],[107.62759,11.18223],[107.6275,11.17993],[107.62848,11.17866],[107.63247,11.17645],[107.63276,11.17724],[107.63844,11.17454],[107.64083,11.17856],[107.63945,11.18099],[107.64324,11.18323],[107.64223,11.18682],[107.64275,11.19],[107.64574,11.19066],[107.64646,11.19214],[107.64753,11.19132],[107.6473,11.19061],[107.64871,11.19031],[107.64881,11.18907],[107.65204,11.18849],[107.65411,11.18865],[107.65489,11.18944],[107.65707,11.1891],[107.65764,11.19111],[107.66052,11.19279],[107.66182,11.19715],[107.6712,11.20667],[107.67033,11.21027],[107.67379,11.21048],[107.67474,11.21313],[107.67553,11.21337],[107.67523,11.21397],[107.67599,11.21413],[107.67571,11.21557],[107.67682,11.21602],[107.6767,11.2183],[107.67878,11.21852],[107.67892,11.21983],[107.67963,11.21949],[107.68072,11.22049],[107.68027,11.22173],[107.68143,11.2239],[107.68072,11.22469],[107.68207,11.22538],[107.68194,11.22632],[107.68357,11.22709],[107.6834,11.22767],[107.6856,11.2285],[107.68758,11.23223],[107.69028,11.23427],[107.68965,11.23583],[107.69215,11.23778],[107.69097,11.23922],[107.69213,11.24153],[107.69271,11.24628],[107.69161,11.25239],[107.70174,11.25663],[107.71415,11.25915],[107.71543,11.2608],[107.71569,11.26365],[107.71803,11.26677],[107.71743,11.2679],[107.71825,11.26901],[107.71884,11.27323],[107.71784,11.27678],[107.71901,11.28172],[107.7217,11.28415],[107.72284,11.28942],[107.72997,11.29482],[107.73769,11.31104],[107.74109,11.33771],[107.74401,11.35137],[107.75075,11.36395],[107.74933,11.36589],[107.7494,11.36713],[107.74696,11.36787],[107.74543,11.36798],[107.74385,11.36677],[107.73849,11.36705],[107.73723,11.36637],[107.73733,11.36322],[107.7365,11.36119],[107.73441,11.36004],[107.73196,11.36033],[107.73041,11.35804],[107.72934,11.35859],[107.72799,11.36129],[107.72628,11.35997]]]}},{"type":"Feature","properties":{"id":"24751","name":"Nhân Cơ","type":"Xã","area":158.05,"population":27898},"geometry":{"type":"Polygon","coordinates":[[[107.54594,12.04634],[107.54165,12.05183],[107.54022,12.05072],[107.53924,12.04543],[107.53546,12.04194],[107.53482,12.03858],[107.53241,12.03515],[107.53247,12.02948],[107.53474,12.03004],[107.53685,12.02872],[107.5365,12.02783],[107.53779,12.02561],[107.53582,12.0251],[107.53722,12.02145],[107.54155,12.02219],[107.54173,12.01763],[107.54096,12.01655],[107.54236,12.01641],[107.54195,12.01552],[107.54354,12.01517],[107.54405,12.01374],[107.54278,12.01117],[107.54157,12.01128],[107.54239,12.00766],[107.54149,12.00658],[107.54326,12.00284],[107.54819,12.00318],[107.55005,11.99877],[107.55114,11.99337],[107.55087,11.99037],[107.55033,11.98922],[107.54784,11.98809],[107.54701,11.98643],[107.54507,11.98631],[107.54231,11.98238],[107.53852,11.9847],[107.53692,11.98321],[107.53569,11.98398],[107.5337,11.98203],[107.53461,11.9804],[107.53108,11.98159],[107.52904,11.97962],[107.52924,11.97569],[107.53133,11.97206],[107.53651,11.96998],[107.53674,11.96365],[107.54003,11.96187],[107.54489,11.96239],[107.54486,11.96075],[107.5475,11.95865],[107.5471,11.95761],[107.54875,11.95428],[107.54799,11.95269],[107.55055,11.9524],[107.55071,11.95347],[107.552,11.95332],[107.5572,11.95567],[107.55796,11.95254],[107.55563,11.94997],[107.55467,11.94695],[107.55177,11.9428],[107.55192,11.94075],[107.55417,11.9404],[107.55635,11.94118],[107.55865,11.93945],[107.55822,11.93621],[107.55601,11.93131],[107.55674,11.92477],[107.56198,11.92188],[107.56511,11.91845],[107.56858,11.91282],[107.57316,11.91217],[107.57383,11.91108],[107.57795,11.90933],[107.57939,11.91003],[107.57959,11.90742],[107.58094,11.90642],[107.58117,11.90462],[107.5824,11.90472],[107.58439,11.90326],[107.59642,11.89204],[107.59972,11.88995],[107.6019,11.88953],[107.60373,11.88769],[107.60403,11.88619],[107.60326,11.885],[107.60365,11.88376],[107.60057,11.87885],[107.60079,11.87793],[107.60216,11.87848],[107.60451,11.87711],[107.60524,11.87743],[107.60498,11.8762],[107.60705,11.875],[107.60834,11.87278],[107.61004,11.87211],[107.61379,11.86786],[107.61579,11.86746],[107.6165,11.86806],[107.61662,11.87357],[107.6231,11.87008],[107.62571,11.86639],[107.62704,11.86602],[107.62845,11.86434],[107.63036,11.866],[107.63367,11.86708],[107.63921,11.8657],[107.64843,11.87478],[107.65372,11.87656],[107.65784,11.87559],[107.65935,11.87598],[107.66005,11.87756],[107.65912,11.8817],[107.66187,11.88694],[107.66196,11.89041],[107.65889,11.89289],[107.65294,11.89412],[107.65202,11.89711],[107.65401,11.89997],[107.65801,11.90164],[107.65682,11.90624],[107.65471,11.90834],[107.65715,11.90892],[107.65749,11.90992],[107.65575,11.91128],[107.65367,11.91133],[107.65227,11.91333],[107.64645,11.91442],[107.64551,11.91592],[107.64667,11.91892],[107.64909,11.92098],[107.64941,11.92611],[107.64751,11.92726],[107.64951,11.92891],[107.64935,11.93151],[107.65137,11.93334],[107.65284,11.93344],[107.6536,11.93513],[107.65646,11.93594],[107.65926,11.93833],[107.65803,11.941],[107.65914,11.94272],[107.65951,11.94575],[107.6569,11.94529],[107.65509,11.9467],[107.6515,11.94484],[107.65033,11.94698],[107.65011,11.94876],[107.65215,11.95272],[107.65119,11.95379],[107.65208,11.9548],[107.65052,11.95601],[107.65107,11.95785],[107.6495,11.96178],[107.64987,11.96607],[107.64926,11.96796],[107.65033,11.96972],[107.64902,11.97201],[107.64876,11.97517],[107.64651,11.97538],[107.64302,11.97859],[107.64085,11.97766],[107.63988,11.97806],[107.63928,11.98478],[107.63835,11.98588],[107.64018,11.98858],[107.64001,11.99034],[107.63889,11.99102],[107.63941,11.99236],[107.63868,11.99703],[107.63681,11.99692],[107.63202,11.99388],[107.62687,11.99491],[107.62252,11.9931],[107.61899,11.9896],[107.61693,11.99167],[107.61338,11.99228],[107.60761,11.99651],[107.60696,11.99597],[107.60727,11.99207],[107.60572,11.99087],[107.60494,11.99108],[107.60287,11.99326],[107.60181,11.99314],[107.60057,11.99438],[107.60087,11.99758],[107.5991,11.99767],[107.59907,12.00175],[107.59677,12.00189],[107.59846,12.0046],[107.59795,12.00572],[107.5965,12.0055],[107.59607,12.00626],[107.59814,12.00766],[107.59721,12.00878],[107.59753,12.01031],[107.59647,12.01021],[107.59279,12.00608],[107.58934,12.00789],[107.58669,12.01106],[107.58528,12.0115],[107.58449,12.01394],[107.58357,12.01121],[107.58207,12.01122],[107.58088,12.01276],[107.58205,12.01401],[107.57987,12.01475],[107.58038,12.01653],[107.57856,12.02002],[107.57941,12.02208],[107.5775,12.02238],[107.57677,12.02356],[107.57849,12.02466],[107.57894,12.02635],[107.57705,12.02734],[107.57585,12.03077],[107.57773,12.03239],[107.57881,12.03565],[107.57539,12.039],[107.57668,12.03991],[107.57879,12.0396],[107.58004,12.04025],[107.581,12.04273],[107.5825,12.04416],[107.5821,12.0462],[107.57173,12.0483],[107.56571,12.04831],[107.56272,12.04805],[107.55695,12.04582],[107.55583,12.04745],[107.54926,12.05002],[107.54594,12.04634]]]}},{"type":"Feature","properties":{"id":"24985","name":"Ninh Gia","type":"Xã","area":143.83,"population":16311},"geometry":{"type":"Polygon","coordinates":[[[108.25394,11.70101],[108.2532,11.70341],[108.25077,11.70358],[108.25057,11.70204],[108.24794,11.6999],[108.24678,11.69613],[108.24556,11.69466],[108.24305,11.69349],[108.23887,11.68807],[108.23537,11.68679],[108.23343,11.6849],[108.23194,11.6783],[108.2344,11.67103],[108.23354,11.66659],[108.23231,11.66532],[108.2333,11.66267],[108.23205,11.65979],[108.23116,11.65936],[108.22686,11.66099],[108.22235,11.65763],[108.2186,11.65859],[108.21789,11.6565],[108.21876,11.65481],[108.21818,11.65294],[108.22009,11.65295],[108.22044,11.65118],[108.21855,11.64874],[108.21581,11.64883],[108.21446,11.64791],[108.21498,11.64599],[108.21433,11.64381],[108.21693,11.64312],[108.21758,11.63986],[108.2213,11.63975],[108.22287,11.63791],[108.22556,11.63717],[108.22586,11.63338],[108.22739,11.63318],[108.22823,11.63424],[108.23144,11.63132],[108.23134,11.62952],[108.22923,11.62907],[108.22949,11.62607],[108.22778,11.62247],[108.22942,11.62124],[108.23171,11.62174],[108.23431,11.61965],[108.23208,11.61883],[108.23388,11.61754],[108.23278,11.61518],[108.22908,11.61492],[108.22845,11.61295],[108.22623,11.61114],[108.22614,11.60841],[108.2244,11.60651],[108.22553,11.60348],[108.22391,11.60445],[108.22257,11.60268],[108.22311,11.60181],[108.22467,11.60198],[108.22549,11.59854],[108.22867,11.59784],[108.2279,11.59579],[108.22926,11.59564],[108.22903,11.59448],[108.23064,11.595],[108.22959,11.59163],[108.22841,11.59271],[108.22815,11.59145],[108.22931,11.58888],[108.22845,11.58853],[108.23016,11.58741],[108.23115,11.58339],[108.2308,11.58252],[108.23072,11.58347],[108.22991,11.58366],[108.23127,11.57982],[108.23077,11.57939],[108.23163,11.57857],[108.23217,11.57905],[108.23375,11.57665],[108.23464,11.5766],[108.23508,11.57332],[108.2363,11.5731],[108.2359,11.57178],[108.23396,11.57282],[108.23492,11.57167],[108.23394,11.5693],[108.23133,11.57088],[108.23119,11.57286],[108.22992,11.57127],[108.22965,11.5728],[108.22819,11.57202],[108.22911,11.57075],[108.2283,11.56979],[108.22954,11.57026],[108.23081,11.56955],[108.22974,11.56606],[108.23107,11.56552],[108.23163,11.56411],[108.22955,11.56286],[108.23149,11.56179],[108.22972,11.56028],[108.23157,11.5599],[108.23082,11.5592],[108.23206,11.55696],[108.23155,11.55537],[108.23238,11.55359],[108.23434,11.55378],[108.23507,11.55167],[108.23444,11.55166],[108.23537,11.55051],[108.2364,11.55102],[108.23853,11.55046],[108.23881,11.54959],[108.24002,11.55063],[108.24214,11.55037],[108.24283,11.54907],[108.24579,11.54812],[108.24857,11.5459],[108.25136,11.54545],[108.2552,11.54004],[108.25748,11.54068],[108.26188,11.5392],[108.26462,11.54026],[108.26688,11.54007],[108.26718,11.53831],[108.26853,11.53752],[108.26904,11.53574],[108.2707,11.53548],[108.27651,11.52735],[108.27821,11.527],[108.2812,11.5291],[108.28534,11.52951],[108.29012,11.52713],[108.29077,11.52869],[108.29444,11.52852],[108.29913,11.52532],[108.29864,11.52191],[108.29772,11.52075],[108.29816,11.51953],[108.30361,11.5193],[108.30358,11.52192],[108.3015,11.52572],[108.30098,11.52888],[108.30489,11.52973],[108.30584,11.53282],[108.30654,11.5325],[108.30629,11.53368],[108.30796,11.53462],[108.30638,11.54047],[108.30484,11.54103],[108.30467,11.5421],[108.30535,11.54226],[108.3051,11.54356],[108.30643,11.54409],[108.3053,11.54707],[108.30687,11.54858],[108.30493,11.55172],[108.30476,11.55379],[108.30568,11.55337],[108.30605,11.55413],[108.30454,11.55645],[108.30582,11.5574],[108.30539,11.55898],[108.30646,11.55906],[108.30449,11.56196],[108.30553,11.56245],[108.30456,11.56305],[108.30489,11.56374],[108.30382,11.56569],[108.30218,11.56574],[108.30286,11.56691],[108.30419,11.56693],[108.30468,11.56836],[108.30545,11.56826],[108.30526,11.56935],[108.30617,11.56956],[108.30569,11.57031],[108.30655,11.57126],[108.30449,11.57155],[108.30486,11.57272],[108.30618,11.57326],[108.30594,11.57539],[108.3069,11.57628],[108.30538,11.57642],[108.30485,11.57722],[108.3052,11.57916],[108.30633,11.57919],[108.30581,11.58048],[108.30717,11.58155],[108.30662,11.58235],[108.30775,11.58242],[108.30686,11.58377],[108.30758,11.58404],[108.30855,11.58745],[108.308,11.58811],[108.30595,11.58763],[108.30754,11.58917],[108.30775,11.59091],[108.30636,11.59149],[108.30514,11.59373],[108.30604,11.59772],[108.30486,11.60158],[108.30623,11.60585],[108.30774,11.60729],[108.31373,11.6055],[108.31805,11.60322],[108.32016,11.60337],[108.32063,11.60405],[108.32226,11.60778],[108.32739,11.61444],[108.32392,11.61895],[108.32741,11.62535],[108.33453,11.63003],[108.33261,11.64098],[108.33306,11.64443],[108.32997,11.64747],[108.32431,11.64425],[108.32116,11.64619],[108.31806,11.64589],[108.31717,11.64903],[108.31758,11.64988],[108.31447,11.65214],[108.31081,11.65088],[108.30714,11.64756],[108.30537,11.64739],[108.30412,11.64831],[108.30095,11.65431],[108.29825,11.654],[108.29319,11.65112],[108.29059,11.65073],[108.29009,11.6523],[108.29164,11.65411],[108.29184,11.65869],[108.28863,11.66209],[108.28772,11.66611],[108.28553,11.66706],[108.27909,11.66296],[108.27636,11.66428],[108.27603,11.66548],[108.27921,11.66843],[108.27951,11.6704],[108.27523,11.67506],[108.27345,11.6802],[108.26974,11.68247],[108.26968,11.68548],[108.26887,11.68706],[108.26525,11.68671],[108.2628,11.68956],[108.26229,11.69389],[108.25735,11.69822],[108.255,11.69877],[108.25394,11.70101]]]}},{"type":"Feature","properties":{"id":"22972","name":"Phan Rí Cửa","type":"Xã","area":67.67,"population":86813},"geometry":{"type":"Polygon","coordinates":[[[108.63179,11.24064],[108.63468,11.24405],[108.63628,11.24868],[108.62029,11.24068],[108.60108,11.24352],[108.58988,11.2284],[108.58672,11.22567],[108.58303,11.22057],[108.57989,11.21895],[108.57679,11.21501],[108.57276,11.21306],[108.57175,11.20964],[108.57272,11.20898],[108.57268,11.20701],[108.57124,11.2054],[108.57042,11.20169],[108.56914,11.20077],[108.5675,11.19572],[108.56563,11.1946],[108.5658,11.19038],[108.56434,11.18729],[108.55982,11.18518],[108.56127,11.1832],[108.5594,11.17959],[108.55621,11.18075],[108.52545,11.1653],[108.50578,11.16433],[108.50041,11.15312],[108.50229,11.13027],[108.50344,11.12826],[108.51262,11.14279],[108.52107,11.1514],[108.52432,11.15224],[108.52695,11.15472],[108.53159,11.15644],[108.53357,11.15628],[108.5348,11.15456],[108.53997,11.1581],[108.5472,11.16074],[108.55919,11.16329],[108.56208,11.16277],[108.56379,11.16431],[108.56362,11.16284],[108.57369,11.1749],[108.58408,11.18153],[108.58867,11.1832],[108.59591,11.18448],[108.60952,11.18355],[108.61543,11.18102],[108.61516,11.17691],[108.61615,11.1759],[108.61805,11.17577],[108.61991,11.17948],[108.62173,11.18068],[108.62158,11.18256],[108.62876,11.18748],[108.63756,11.19033],[108.64463,11.19038],[108.65513,11.20834],[108.66357,11.2265],[108.62678,11.22466],[108.62634,11.22806],[108.62743,11.23537],[108.63179,11.24064]]]}},{"type":"Feature","properties":{"id":"23008","name":"Phan Sơn","type":"Xã","area":584.52,"population":7428},"geometry":{"type":"Polygon","coordinates":[[[108.49428,11.52997],[108.49258,11.53019],[108.49178,11.52908],[108.48715,11.52802],[108.48367,11.52408],[108.48174,11.52547],[108.47552,11.52434],[108.47412,11.52492],[108.47129,11.52309],[108.46928,11.51872],[108.46748,11.51715],[108.46546,11.51664],[108.46325,11.51708],[108.46308,11.51792],[108.46015,11.51796],[108.45838,11.51626],[108.45658,11.51841],[108.4546,11.5185],[108.45381,11.51726],[108.45285,11.5182],[108.45074,11.51679],[108.44566,11.51798],[108.43656,11.51594],[108.43323,11.51376],[108.43046,11.51384],[108.42483,11.51672],[108.42315,11.52339],[108.41472,11.52718],[108.41144,11.52622],[108.40776,11.5213],[108.40352,11.52152],[108.39603,11.51794],[108.39195,11.52069],[108.39236,11.52106],[108.38873,11.52518],[108.38246,11.52544],[108.37583,11.51693],[108.37392,11.50899],[108.36988,11.50865],[108.36402,11.50525],[108.3575,11.5085],[108.35674,11.50671],[108.35391,11.5051],[108.35116,11.50549],[108.34928,11.50854],[108.35026,11.52019],[108.34956,11.52103],[108.34659,11.52087],[108.34528,11.5224],[108.34254,11.52952],[108.34167,11.52754],[108.34025,11.5272],[108.34045,11.52526],[108.33822,11.52596],[108.33732,11.52447],[108.33507,11.52476],[108.33326,11.52225],[108.33214,11.52316],[108.3293,11.52252],[108.32761,11.52375],[108.32555,11.52779],[108.32566,11.53066],[108.32388,11.53131],[108.31995,11.53043],[108.31243,11.525],[108.30748,11.52405],[108.30486,11.52207],[108.30332,11.51873],[108.29871,11.51584],[108.29506,11.51432],[108.29332,11.51502],[108.2918,11.51428],[108.28576,11.51522],[108.28174,11.51455],[108.27945,11.51564],[108.27482,11.50879],[108.27221,11.50985],[108.27103,11.50912],[108.27233,11.50857],[108.27223,11.50564],[108.26705,11.50137],[108.26543,11.49708],[108.27156,11.49023],[108.271,11.48768],[108.26141,11.47949],[108.25767,11.47506],[108.26367,11.46182],[108.26481,11.45671],[108.26704,11.45351],[108.26764,11.44864],[108.27027,11.44633],[108.27277,11.43999],[108.27481,11.43915],[108.27798,11.43989],[108.28185,11.44731],[108.28374,11.44761],[108.28505,11.44744],[108.29006,11.44288],[108.2941,11.44102],[108.29438,11.4373],[108.29682,11.4344],[108.29634,11.43293],[108.29793,11.42832],[108.30099,11.42754],[108.30275,11.42791],[108.30253,11.42508],[108.30346,11.42308],[108.30438,11.42335],[108.30638,11.42145],[108.30672,11.41735],[108.30553,11.41541],[108.30707,11.41311],[108.30138,11.40763],[108.29072,11.40038],[108.27858,11.39485],[108.2772,11.388],[108.27758,11.38688],[108.27341,11.38143],[108.26628,11.3742],[108.26417,11.37006],[108.25507,11.36001],[108.25397,11.35958],[108.25026,11.36074],[108.24603,11.35738],[108.23255,11.35018],[108.22625,11.34443],[108.22106,11.33827],[108.22205,11.32707],[108.22542,11.32599],[108.22705,11.32191],[108.22921,11.32058],[108.23055,11.31764],[108.23256,11.31807],[108.23427,11.31688],[108.23508,11.31427],[108.2381,11.31035],[108.23829,11.30826],[108.24188,11.30842],[108.24404,11.30769],[108.24451,11.3049],[108.25074,11.2982],[108.25098,11.29403],[108.25023,11.2922],[108.25178,11.29213],[108.25461,11.29474],[108.27013,11.30209],[108.2716,11.3081],[108.27523,11.31595],[108.28644,11.31269],[108.34385,11.31091],[108.36181,11.32096],[108.3712,11.32917],[108.36972,11.32857],[108.36761,11.33001],[108.36783,11.33527],[108.37704,11.3449],[108.36863,11.35852],[108.36959,11.37271],[108.41897,11.37706],[108.44691,11.39086],[108.45755,11.39399],[108.47744,11.37541],[108.49776,11.36266],[108.50466,11.33472],[108.51684,11.35424],[108.51025,11.37658],[108.52827,11.39354],[108.56044,11.38927],[108.56234,11.41606],[108.55941,11.49897],[108.56055,11.5242],[108.55923,11.5188],[108.55783,11.51837],[108.55694,11.5156],[108.55395,11.51352],[108.55113,11.51322],[108.54882,11.51064],[108.54697,11.51215],[108.54514,11.51208],[108.54381,11.51072],[108.54401,11.50801],[108.54332,11.50704],[108.54202,11.50617],[108.53966,11.5062],[108.52929,11.50728],[108.52545,11.50895],[108.52444,11.51042],[108.52538,11.51375],[108.52269,11.51432],[108.52029,11.51312],[108.5192,11.5135],[108.51711,11.51495],[108.5167,11.51871],[108.5151,11.51862],[108.51157,11.52082],[108.5061,11.52533],[108.50379,11.52611],[108.499,11.52567],[108.49724,11.52834],[108.4951,11.53017],[108.49428,11.52997]]]}},{"type":"Feature","properties":{"id":"22945","name":"Phan Thiết","type":"Phường","area":4.46,"population":85493},"geometry":{"type":"Polygon","coordinates":[[[108.10353,10.9425],[108.10028,10.94306],[108.09864,10.94251],[108.09757,10.93703],[108.09443,10.93844],[108.09351,10.93675],[108.0922,10.93739],[108.09233,10.93557],[108.09139,10.93582],[108.09003,10.92789],[108.09155,10.92762],[108.09146,10.92288],[108.09357,10.91921],[108.0927,10.91873],[108.09342,10.91752],[108.10122,10.91914],[108.1012,10.92045],[108.10648,10.92014],[108.10502,10.91695],[108.10289,10.91543],[108.1038,10.91375],[108.10688,10.91675],[108.10945,10.91741],[108.11214,10.92113],[108.11781,10.92558],[108.11025,10.92787],[108.11063,10.92932],[108.10907,10.92964],[108.10956,10.9327],[108.10525,10.93231],[108.10226,10.93112],[108.10146,10.93171],[108.10364,10.93659],[108.10406,10.94211],[108.10353,10.9425]]]}},{"type":"Feature","properties":{"id":"23272","name":"Phú Quý","type":"Đặc khu","area":18.02,"population":32268},"geometry":{"type":"MultiPolygon","coordinates":[[[[109.08368,9.97551],[109.08377,9.97139],[109.08497,9.97009],[109.08444,9.97172],[109.08502,9.9744],[109.08368,9.97551]]],[[[109.051,9.99478],[109.05107,9.99495],[109.05066,9.99502],[109.0505,9.99495],[109.0498,9.99493],[109.04963,9.99478],[109.04949,9.99486],[109.04947,9.9944],[109.04956,9.9944],[109.04959,9.99433]]],[[[108.89746,10.05602],[108.89693,10.05645],[108.89674,10.05456],[108.89803,10.05372],[108.89918,10.05465],[108.89746,10.05602]]],[[[108.96889,10.48316],[108.96918,10.48429],[108.96842,10.48462],[108.96751,10.4837],[108.96889,10.48316]]],[[[108.96611,10.48601],[108.96526,10.48771],[108.96845,10.4915],[108.96926,10.49509],[108.96543,10.4971],[108.96396,10.49704],[108.96276,10.49293],[108.96398,10.49037],[108.96052,10.48902],[108.96198,10.48619],[108.96611,10.48601]]],[[[108.94576,10.55294],[108.94373,10.55394],[108.94225,10.55263],[108.93049,10.55348],[108.92764,10.55228],[108.924,10.54917],[108.92238,10.54625],[108.92372,10.5419],[108.92548,10.5415],[108.92649,10.53987],[108.92828,10.52498],[108.9316,10.5122],[108.93344,10.5142],[108.9359,10.51121],[108.9389,10.50936],[108.93795,10.50852],[108.93579,10.5084],[108.9325,10.5117],[108.93244,10.51069],[108.93557,10.50817],[108.93915,10.50821],[108.93873,10.50885],[108.93955,10.50948],[108.94397,10.50642],[108.95004,10.5038],[108.95007,10.50269],[108.95449,10.50436],[108.95802,10.50422],[108.95959,10.50331],[108.96188,10.50568],[108.96433,10.50597],[108.96467,10.50762],[108.96704,10.50764],[108.96773,10.5097],[108.96617,10.51376],[108.96753,10.51662],[108.96639,10.51626],[108.96597,10.51782],[108.96371,10.51861],[108.96201,10.51836],[108.95937,10.52141],[108.95898,10.52396],[108.9573,10.52677],[108.95749,10.52865],[108.95634,10.53166],[108.95734,10.53226],[108.9578,10.53428],[108.9545,10.53902],[108.95504,10.54258],[108.95445,10.54356],[108.95499,10.5448],[108.95728,10.54617],[108.95797,10.54846],[108.95541,10.54605],[108.95348,10.54795],[108.95165,10.55243],[108.94576,10.55294]]],[[[108.95942,10.55454],[108.95891,10.55499],[108.95874,10.5531],[108.95721,10.55207],[108.95948,10.55313],[108.95942,10.55454]]],[[[108.95791,10.55689],[108.9579,10.55689],[108.95789,10.55689],[108.95788,10.5569],[108.95787,10.5569],[108.95786,10.5569],[108.95785,10.5569],[108.95784,10.5569],[108.95783,10.55691],[108.95783,10.55692]]],[[[108.95428,10.55836],[108.95182,10.55732],[108.95373,10.5573],[108.95492,10.55813],[108.95428,10.55836]]]]}},{"type":"Feature","properties":{"id":"24895","name":"Phú Sơn Lâm Hà","type":"Xã","area":240.08,"population":25212},"geometry":{"type":"Polygon","coordinates":[[[108.2921,12.06469],[108.29262,12.06684],[108.29122,12.0683],[108.28512,12.07146],[108.28258,12.07112],[108.27906,12.06756],[108.27809,12.06495],[108.27545,12.06331],[108.27503,12.06092],[108.27154,12.06081],[108.26864,12.05681],[108.2666,12.0561],[108.26337,12.0531],[108.2611,12.05324],[108.25796,12.05223],[108.25495,12.0499],[108.25319,12.04579],[108.25345,12.04324],[108.25056,12.0414],[108.25013,12.03906],[108.24908,12.03837],[108.25055,12.03628],[108.25045,12.03468],[108.25175,12.03344],[108.25114,12.03052],[108.24656,12.02958],[108.2467,12.02822],[108.24414,12.02598],[108.24296,12.02305],[108.23939,12.02041],[108.23564,12.01933],[108.23456,12.01762],[108.23091,12.01636],[108.22708,12.01632],[108.22616,12.01716],[108.22406,12.01383],[108.22161,12.01322],[108.22024,12.01182],[108.21757,12.01225],[108.21684,12.00072],[108.21492,11.99968],[108.21341,12.00063],[108.21144,12.00004],[108.20895,11.99834],[108.20682,11.99803],[108.20257,11.99469],[108.20128,11.99479],[108.20058,11.98723],[108.20113,11.98136],[108.19903,11.97981],[108.19663,11.97988],[108.19212,11.97767],[108.19025,11.97338],[108.18591,11.97298],[108.18664,11.97039],[108.18306,11.96748],[108.1842,11.96431],[108.1834,11.95902],[108.18243,11.95834],[108.18174,11.95497],[108.18158,11.95011],[108.1775,11.94642],[108.1786,11.938],[108.17618,11.93652],[108.17655,11.93384],[108.17958,11.92648],[108.17549,11.9246],[108.17454,11.92188],[108.17224,11.92008],[108.16771,11.91852],[108.16888,11.91417],[108.16777,11.91184],[108.17112,11.90744],[108.1665,11.90048],[108.16821,11.89717],[108.16827,11.89491],[108.16466,11.894],[108.16317,11.89156],[108.1608,11.89355],[108.15578,11.89243],[108.1551,11.88927],[108.15651,11.88336],[108.15442,11.88061],[108.15721,11.87574],[108.15569,11.87417],[108.15625,11.8733],[108.15481,11.87172],[108.15696,11.86849],[108.15576,11.86497],[108.15349,11.86327],[108.15237,11.8612],[108.15328,11.85814],[108.15794,11.8518],[108.1575,11.84993],[108.15812,11.84792],[108.15948,11.84749],[108.1607,11.84556],[108.16018,11.84367],[108.16082,11.83603],[108.15856,11.83511],[108.15748,11.83328],[108.15894,11.83245],[108.16093,11.83335],[108.16288,11.8307],[108.16767,11.82981],[108.16758,11.82714],[108.16642,11.8256],[108.16686,11.82281],[108.16864,11.82128],[108.17046,11.82296],[108.171,11.8206],[108.17019,11.82012],[108.17153,11.81923],[108.1735,11.8193],[108.1749,11.82035],[108.1756,11.81805],[108.17675,11.81714],[108.17572,11.81318],[108.17919,11.81307],[108.17993,11.81144],[108.1784,11.81045],[108.179,11.80948],[108.18141,11.80884],[108.18113,11.80565],[108.18484,11.80154],[108.19053,11.80067],[108.19882,11.80526],[108.2027,11.80339],[108.20416,11.80353],[108.20615,11.80828],[108.20935,11.80821],[108.21146,11.80969],[108.21361,11.80866],[108.21349,11.8066],[108.21677,11.80553],[108.21728,11.80419],[108.21979,11.80591],[108.22178,11.80617],[108.22316,11.80761],[108.22503,11.80132],[108.229,11.80007],[108.22904,11.79602],[108.23204,11.79483],[108.232,11.7959],[108.2333,11.79739],[108.23942,11.79767],[108.2414,11.79932],[108.24228,11.80019],[108.24174,11.80279],[108.24314,11.80497],[108.24347,11.80873],[108.24443,11.81011],[108.24684,11.80908],[108.24779,11.81],[108.24771,11.8119],[108.249,11.81303],[108.25126,11.81327],[108.25212,11.81517],[108.25384,11.81588],[108.25485,11.81761],[108.25582,11.81694],[108.2572,11.81762],[108.25968,11.81982],[108.26162,11.82328],[108.26513,11.82532],[108.25951,11.83165],[108.25547,11.83368],[108.25362,11.83327],[108.24975,11.8392],[108.24683,11.83925],[108.24197,11.84429],[108.23335,11.84295],[108.23345,11.85066],[108.23499,11.85161],[108.23605,11.85498],[108.23917,11.85542],[108.23981,11.85921],[108.23859,11.86127],[108.24019,11.86178],[108.24277,11.86423],[108.242,11.86618],[108.23926,11.86722],[108.23823,11.87071],[108.23863,11.87191],[108.24348,11.87291],[108.24407,11.87397],[108.24306,11.87849],[108.24063,11.87975],[108.24275,11.88676],[108.24466,11.88925],[108.24482,11.89145],[108.24166,11.89439],[108.24244,11.89531],[108.24093,11.89771],[108.23954,11.90653],[108.23983,11.90715],[108.24309,11.90733],[108.24417,11.91092],[108.24385,11.91213],[108.23795,11.9108],[108.23609,11.91175],[108.23428,11.91111],[108.23308,11.90985],[108.23325,11.90758],[108.23427,11.90608],[108.23359,11.90442],[108.2322,11.90649],[108.23229,11.90856],[108.23115,11.90956],[108.23174,11.91063],[108.23099,11.91176],[108.23268,11.91381],[108.22804,11.91644],[108.23,11.91863],[108.22947,11.91996],[108.23783,11.92375],[108.2413,11.92338],[108.24635,11.92903],[108.24749,11.93193],[108.24662,11.93395],[108.24681,11.93764],[108.25221,11.94305],[108.25248,11.94735],[108.25434,11.95195],[108.25874,11.95441],[108.26196,11.95391],[108.26459,11.95232],[108.26896,11.96052],[108.27467,11.96815],[108.27772,11.96809],[108.2793,11.97004],[108.28266,11.9696],[108.28352,11.97029],[108.28538,11.97479],[108.28513,11.97779],[108.28629,11.9795],[108.28762,11.97984],[108.28973,11.98479],[108.29142,11.98567],[108.29264,11.99436],[108.29449,11.99639],[108.29566,11.99964],[108.2934,12.00168],[108.29706,12.00728],[108.29479,12.00885],[108.29371,12.01408],[108.29529,12.01845],[108.29952,12.01817],[108.30222,12.02257],[108.30402,12.0219],[108.30492,12.02387],[108.30637,12.02367],[108.30847,12.025],[108.30934,12.02487],[108.30825,12.02286],[108.30919,12.02192],[108.31032,12.02212],[108.31276,12.02056],[108.31361,12.02091],[108.31547,12.02383],[108.3156,12.02719],[108.3169,12.02894],[108.31665,12.02992],[108.32066,12.03271],[108.32004,12.03439],[108.31838,12.03504],[108.31732,12.03867],[108.31588,12.03869],[108.31565,12.04051],[108.31205,12.043],[108.3082,12.04741],[108.30918,12.05204],[108.30798,12.05344],[108.30593,12.05301],[108.30376,12.05537],[108.30276,12.05888],[108.30383,12.06248],[108.30123,12.06468],[108.29858,12.06494],[108.29656,12.06422],[108.29556,12.06538],[108.2921,12.06469]]]}},{"type":"Feature","properties":{"id":"22924","name":"Phú Thủy","type":"Phường","area":17.31,"population":54049},"geometry":{"type":"Polygon","coordinates":[[[108.18847,10.95523],[108.18256,10.95989],[108.14591,10.94388],[108.14072,10.9458],[108.14019,10.94489],[108.13848,10.94539],[108.12945,10.94462],[108.12648,10.94548],[108.12475,10.94463],[108.12101,10.94673],[108.11598,10.94791],[108.11377,10.94359],[108.10838,10.94442],[108.10586,10.94198],[108.10406,10.94211],[108.10364,10.93659],[108.10146,10.93171],[108.10226,10.93112],[108.10525,10.93231],[108.10956,10.9327],[108.10907,10.92964],[108.11063,10.92932],[108.11025,10.92787],[108.11781,10.92558],[108.12724,10.93102],[108.13745,10.93325],[108.13728,10.93017],[108.14218,10.93254],[108.15153,10.93137],[108.15626,10.92997],[108.16208,10.93055],[108.16356,10.92962],[108.16416,10.93065],[108.16775,10.93112],[108.17107,10.93425],[108.17262,10.93418],[108.17619,10.93611],[108.17812,10.93589],[108.17878,10.93495],[108.18137,10.93653],[108.18269,10.93653],[108.184,10.93537],[108.18509,10.93588],[108.18847,10.95523]]]}},{"type":"Feature","properties":{"id":"24907","name":"Phúc Thọ Lâm Hà","type":"Xã","area":230.47,"population":23308},"geometry":{"type":"Polygon","coordinates":[[[108.11005,11.86694],[108.10921,11.86718],[108.10647,11.85862],[108.10733,11.85323],[108.10279,11.84736],[108.09925,11.84642],[108.09751,11.83804],[108.09502,11.83853],[108.0907,11.83698],[108.08903,11.83482],[108.08598,11.83359],[108.08477,11.8356],[108.0832,11.83527],[108.08211,11.83398],[108.07623,11.83947],[108.0736,11.83709],[108.07121,11.83925],[108.06907,11.83557],[108.06693,11.83382],[108.06441,11.83636],[108.06228,11.83709],[108.04498,11.82992],[108.02206,11.81641],[108.02183,11.8133],[108.02269,11.81083],[108.02043,11.81256],[108.02011,11.80975],[108.01709,11.80596],[108.01461,11.80578],[108.00955,11.80719],[108.00431,11.80689],[108.00069,11.8053],[107.99685,11.8014],[107.98544,11.80012],[107.98222,11.7965],[107.98058,11.79284],[107.97861,11.79058],[107.97581,11.7899],[107.97393,11.79061],[107.97153,11.78734],[107.97069,11.78227],[107.97338,11.77754],[107.97784,11.77395],[107.98133,11.76597],[107.98553,11.76447],[107.98896,11.76521],[107.99059,11.76475],[107.99059,11.76005],[107.99125,11.75883],[107.99532,11.75564],[107.99792,11.75517],[108.00971,11.74897],[108.01044,11.74662],[108.00937,11.74475],[108.00013,11.73608],[107.99964,11.73475],[108.00277,11.73424],[108.00355,11.73186],[108.00468,11.73166],[108.00546,11.73018],[108.00596,11.72657],[108.01446,11.72618],[108.01857,11.7244],[108.01965,11.72232],[108.02437,11.71854],[108.02508,11.71659],[108.02756,11.71474],[108.028,11.7097],[108.02911,11.70836],[108.0332,11.70754],[108.03578,11.70839],[108.03876,11.7108],[108.04403,11.71076],[108.04898,11.71299],[108.05594,11.71232],[108.05729,11.71279],[108.068,11.71097],[108.07358,11.70796],[108.07769,11.70392],[108.0839,11.70862],[108.09262,11.71195],[108.09631,11.71212],[108.09793,11.71334],[108.09775,11.71732],[108.0984,11.71872],[108.09965,11.71919],[108.09838,11.71942],[108.09848,11.72056],[108.09742,11.72069],[108.09762,11.72329],[108.10042,11.72768],[108.10174,11.7274],[108.10219,11.72905],[108.10416,11.72937],[108.1043,11.73073],[108.10708,11.73114],[108.1092,11.73245],[108.11049,11.73551],[108.11409,11.73946],[108.11574,11.73966],[108.11823,11.7419],[108.12297,11.74348],[108.12456,11.74599],[108.12721,11.74758],[108.12837,11.74744],[108.12913,11.74873],[108.12853,11.75064],[108.13423,11.75099],[108.13623,11.75278],[108.13853,11.75252],[108.14048,11.75415],[108.14001,11.75731],[108.13836,11.75851],[108.13863,11.76154],[108.13492,11.76204],[108.13351,11.76493],[108.1349,11.76723],[108.13707,11.76885],[108.13831,11.77178],[108.13105,11.7762],[108.1255,11.77537],[108.1218,11.77625],[108.11858,11.77814],[108.11727,11.77985],[108.11397,11.78112],[108.11332,11.78234],[108.11501,11.78171],[108.11437,11.78367],[108.1161,11.78253],[108.11834,11.7829],[108.1191,11.7838],[108.12068,11.78331],[108.12213,11.79049],[108.12854,11.79426],[108.1376,11.79452],[108.14361,11.79176],[108.14352,11.79049],[108.14746,11.78338],[108.1523,11.7799],[108.15365,11.77631],[108.15446,11.77736],[108.15581,11.77405],[108.15897,11.77378],[108.15971,11.77067],[108.16197,11.77138],[108.16306,11.7708],[108.16618,11.773],[108.16956,11.77343],[108.1718,11.77172],[108.17242,11.77211],[108.1746,11.768],[108.18505,11.76366],[108.1894,11.75746],[108.19036,11.75901],[108.18998,11.75971],[108.18948,11.7593],[108.18992,11.76038],[108.19089,11.76092],[108.192,11.76395],[108.19306,11.76382],[108.19276,11.76563],[108.1956,11.7657],[108.19543,11.76811],[108.19231,11.76782],[108.18991,11.77021],[108.19204,11.77087],[108.1931,11.77468],[108.19089,11.7757],[108.19091,11.77691],[108.18737,11.7775],[108.18784,11.77903],[108.18721,11.78172],[108.18788,11.78211],[108.18725,11.78606],[108.18412,11.78669],[108.18409,11.78916],[108.18622,11.7929],[108.19042,11.79533],[108.19111,11.7973],[108.19053,11.80067],[108.18484,11.80154],[108.18165,11.80476],[108.18141,11.80884],[108.179,11.80948],[108.1784,11.81045],[108.17993,11.81144],[108.17919,11.81307],[108.17572,11.81318],[108.17675,11.81714],[108.1756,11.81805],[108.1749,11.82035],[108.1735,11.8193],[108.17153,11.81923],[108.17019,11.82012],[108.171,11.8206],[108.17046,11.82296],[108.16864,11.82128],[108.1669,11.82275],[108.16642,11.8256],[108.16758,11.82714],[108.16765,11.82983],[108.16288,11.8307],[108.16093,11.83335],[108.15894,11.83245],[108.15748,11.83328],[108.15856,11.83511],[108.16082,11.83603],[108.16018,11.84367],[108.1607,11.84556],[108.15948,11.84749],[108.15812,11.84792],[108.1575,11.84993],[108.15794,11.8518],[108.15328,11.85814],[108.15237,11.8612],[108.1444,11.85664],[108.14044,11.85819],[108.13943,11.85729],[108.13757,11.85732],[108.13436,11.85571],[108.13358,11.85362],[108.12593,11.85744],[108.12524,11.85868],[108.12287,11.85966],[108.12247,11.86122],[108.12073,11.86115],[108.11877,11.85992],[108.11513,11.86277],[108.11519,11.8648],[108.11392,11.86661],[108.11005,11.86694]]]}},{"type":"Feature","properties":{"id":"23231","name":"Phước Hội","type":"Phường","area":38.09,"population":49480},"geometry":{"type":"Polygon","coordinates":[[[107.74193,10.70115],[107.74154,10.70385],[107.74265,10.70498],[107.74177,10.70603],[107.73608,10.70119],[107.73099,10.70308],[107.7297,10.70195],[107.72186,10.70518],[107.72076,10.70506],[107.71691,10.69992],[107.71263,10.698],[107.70752,10.69888],[107.70481,10.69717],[107.70311,10.697],[107.69929,10.69932],[107.6968,10.69933],[107.69205,10.69789],[107.68173,10.69906],[107.67923,10.69741],[107.67901,10.69688],[107.71476,10.67337],[107.71655,10.65585],[107.71595,10.65125],[107.71129,10.64725],[107.71141,10.63251],[107.72799,10.63192],[107.7392,10.63685],[107.7526,10.64006],[107.75973,10.64393],[107.76294,10.64738],[107.76565,10.64768],[107.76879,10.6498],[107.77114,10.64978],[107.77156,10.64803],[107.77548,10.65046],[107.77421,10.65174],[107.7766,10.65341],[107.77668,10.65952],[107.77788,10.6645],[107.77641,10.66582],[107.77073,10.66559],[107.76958,10.6667],[107.7701,10.66941],[107.76749,10.66976],[107.76711,10.66755],[107.76954,10.66186],[107.76378,10.66244],[107.7621,10.66215],[107.76211,10.66068],[107.75935,10.66124],[107.75114,10.65929],[107.74828,10.66095],[107.75211,10.66412],[107.75006,10.66516],[107.74935,10.66723],[107.75136,10.67136],[107.74983,10.67235],[107.75156,10.67357],[107.75089,10.67439],[107.74841,10.67313],[107.74429,10.67589],[107.74622,10.67698],[107.74541,10.68095],[107.74652,10.68179],[107.74493,10.68326],[107.74213,10.68347],[107.74062,10.68482],[107.7357,10.68635],[107.74029,10.68786],[107.73947,10.6879],[107.7362,10.69467],[107.73818,10.69525],[107.74016,10.69731],[107.74193,10.70115]]]}},{"type":"Feature","properties":{"id":"24620","name":"Quảng Hòa","type":"Xã","area":85.44,"population":8594},"geometry":{"type":"Polygon","coordinates":[[[108.09808,12.20999],[108.09354,12.20976],[108.09208,12.208],[108.09017,12.20752],[108.09076,12.20549],[108.08983,12.20372],[108.09048,12.20301],[108.08802,12.2006],[108.08793,12.19793],[108.08585,12.19694],[108.08262,12.19815],[108.08152,12.19735],[108.0808,12.1951],[108.07597,12.19123],[108.0736,12.18724],[108.06931,12.18797],[108.06295,12.18682],[108.06307,12.18768],[108.06164,12.18891],[108.05482,12.18965],[108.05456,12.19298],[108.05311,12.19433],[108.05125,12.1945],[108.04756,12.19255],[108.04768,12.19595],[108.04141,12.19848],[108.03942,12.1952],[108.03692,12.19731],[108.03592,12.19708],[108.03599,12.19348],[108.03316,12.19427],[108.03049,12.19345],[108.02844,12.2025],[108.02726,12.20279],[108.02709,12.20087],[108.02383,12.20128],[108.02016,12.20684],[108.01559,12.20704],[108.0153,12.20845],[108.01335,12.20806],[108.01389,12.2052],[108.01343,12.20216],[108.01418,12.2001],[108.01275,12.19634],[108.00968,12.1957],[108.007,12.19633],[108.00414,12.19522],[108.00358,12.19412],[108.00153,12.19388],[108.00308,12.19012],[108.00468,12.18988],[108.00766,12.18713],[108.00814,12.18455],[108.00661,12.17984],[108.00494,12.17858],[108.00434,12.17689],[108.00406,12.17403],[108.00505,12.17227],[108.00218,12.17019],[108.00279,12.16878],[108.00229,12.16378],[108.00042,12.1636],[107.99727,12.15895],[107.99271,12.1574],[107.9922,12.15356],[107.99331,12.15056],[107.99335,12.14706],[107.99425,12.1464],[107.99495,12.14392],[107.99449,12.14257],[107.99264,12.14251],[107.99183,12.14374],[107.99108,12.14335],[107.99178,12.14224],[107.9912,12.14042],[107.99205,12.13998],[107.99162,12.13917],[107.99045,12.13975],[107.99002,12.1389],[107.99089,12.13733],[107.99027,12.13606],[107.98907,12.13588],[107.98981,12.13239],[107.98907,12.13037],[107.98937,12.12729],[107.98691,12.12673],[107.98755,12.12232],[107.98846,12.1224],[107.98892,12.12154],[107.998,12.1222],[107.99909,12.12338],[107.99691,12.1272],[107.9973,12.12811],[108.00179,12.12287],[108.0049,12.12297],[108.00478,12.11788],[108.00719,12.11582],[108.00757,12.11881],[108.01122,12.12385],[108.0137,12.12357],[108.01448,12.12601],[108.01868,12.12695],[108.02009,12.12948],[108.01794,12.13419],[108.0191,12.13634],[108.01843,12.14109],[108.02071,12.13993],[108.0218,12.1369],[108.02418,12.13608],[108.03093,12.13872],[108.03146,12.14089],[108.03384,12.14228],[108.0339,12.14439],[108.03455,12.14466],[108.03674,12.14409],[108.03953,12.14156],[108.0388,12.13947],[108.04318,12.13852],[108.04592,12.13965],[108.05089,12.13857],[108.05446,12.14098],[108.05345,12.14318],[108.05436,12.14395],[108.05644,12.14283],[108.0574,12.1406],[108.05721,12.13801],[108.05539,12.13805],[108.0559,12.1369],[108.05739,12.13641],[108.06062,12.13808],[108.06319,12.136],[108.06603,12.13798],[108.06644,12.13362],[108.07061,12.13224],[108.07426,12.13315],[108.07854,12.13297],[108.07696,12.13453],[108.0771,12.13844],[108.08264,12.13749],[108.09027,12.13362],[108.09141,12.13865],[108.09524,12.14386],[108.09713,12.14221],[108.09585,12.13981],[108.10029,12.1363],[108.10146,12.13633],[108.10152,12.13766],[108.09913,12.13931],[108.10292,12.14216],[108.10277,12.1487],[108.10371,12.1486],[108.10425,12.14581],[108.10617,12.14472],[108.10922,12.1463],[108.10702,12.14807],[108.1091,12.15012],[108.11105,12.14916],[108.1117,12.14639],[108.11413,12.14678],[108.1144,12.14844],[108.11203,12.15226],[108.11336,12.15723],[108.11632,12.16094],[108.11064,12.16125],[108.10834,12.16525],[108.10909,12.16625],[108.11269,12.16627],[108.11266,12.16869],[108.11379,12.17052],[108.11409,12.17486],[108.1105,12.17973],[108.11277,12.18494],[108.11354,12.19413],[108.11058,12.19989],[108.10649,12.20461],[108.10246,12.20788],[108.09808,12.20999]]]}},{"type":"Feature","properties":{"id":"24631","name":"Quảng Khê","type":"Xã","area":224.29,"population":17825},"geometry":{"type":"Polygon","coordinates":[[[107.81241,11.99963],[107.81214,12.00025],[107.81155,11.99919],[107.81052,11.9991],[107.81013,11.99684],[107.80889,11.99655],[107.80645,11.99308],[107.80446,11.99206],[107.80158,11.98785],[107.8003,11.97529],[107.79546,11.97196],[107.78551,11.96696],[107.78499,11.96455],[107.78773,11.95925],[107.78803,11.95528],[107.78732,11.95424],[107.77969,11.95026],[107.77803,11.94649],[107.77516,11.94541],[107.77393,11.94296],[107.76972,11.94106],[107.76849,11.939],[107.76256,11.93679],[107.76178,11.93417],[107.75539,11.93046],[107.75372,11.92758],[107.74351,11.91869],[107.73715,11.91927],[107.73539,11.9175],[107.73062,11.91714],[107.72702,11.91542],[107.72869,11.91465],[107.73212,11.9092],[107.73363,11.90241],[107.73311,11.90124],[107.73016,11.90002],[107.72522,11.90038],[107.723,11.89871],[107.72346,11.89697],[107.72645,11.89374],[107.72641,11.88712],[107.73256,11.8811],[107.73206,11.87916],[107.72618,11.87629],[107.72669,11.87139],[107.72905,11.86963],[107.73021,11.86985],[107.73285,11.87212],[107.73354,11.87485],[107.73803,11.87341],[107.74536,11.86795],[107.75173,11.86708],[107.75533,11.86304],[107.76028,11.85998],[107.76177,11.85684],[107.76803,11.85424],[107.77263,11.84909],[107.77363,11.84914],[107.77674,11.85176],[107.78228,11.85362],[107.78507,11.85808],[107.78828,11.8601],[107.79259,11.86097],[107.80127,11.85943],[107.80832,11.86116],[107.81159,11.86651],[107.8135,11.86777],[107.81658,11.86663],[107.82115,11.8632],[107.82344,11.86277],[107.82432,11.86415],[107.82466,11.86929],[107.82607,11.87322],[107.82761,11.87546],[107.83005,11.87675],[107.83717,11.87671],[107.83856,11.87438],[107.83874,11.87031],[107.83992,11.86908],[107.84208,11.86859],[107.84866,11.87029],[107.85349,11.87417],[107.85846,11.87296],[107.86216,11.87366],[107.86667,11.8723],[107.87021,11.87436],[107.87954,11.87214],[107.88395,11.8738],[107.88525,11.87291],[107.88812,11.87299],[107.89008,11.87085],[107.89261,11.871],[107.89365,11.87178],[107.89409,11.88082],[107.89163,11.88496],[107.8916,11.88628],[107.89435,11.88913],[107.89381,11.89408],[107.89213,11.89566],[107.89284,11.89773],[107.89332,11.89642],[107.89461,11.89663],[107.89464,11.89561],[107.89694,11.89489],[107.90258,11.89714],[107.90452,11.90132],[107.90771,11.90527],[107.90852,11.90416],[107.90959,11.90535],[107.90933,11.90731],[107.90633,11.90882],[107.90521,11.91045],[107.90662,11.91476],[107.90591,11.91854],[107.90774,11.9197],[107.90241,11.92493],[107.90233,11.92637],[107.90405,11.92701],[107.90462,11.92864],[107.90579,11.92771],[107.90612,11.92976],[107.90769,11.93144],[107.90714,11.93271],[107.90854,11.93355],[107.9086,11.93453],[107.90978,11.93451],[107.90964,11.93668],[107.91285,11.93729],[107.91254,11.9381],[107.91368,11.93862],[107.91363,11.94011],[107.91554,11.9397],[107.91644,11.94211],[107.9179,11.94174],[107.91899,11.94324],[107.91871,11.94468],[107.91938,11.94495],[107.91975,11.94409],[107.9202,11.94598],[107.92112,11.94593],[107.92053,11.94715],[107.9222,11.94847],[107.92164,11.9493],[107.9235,11.94923],[107.92343,11.95204],[107.92401,11.95183],[107.92486,11.95323],[107.92469,11.95423],[107.92695,11.95427],[107.92791,11.95554],[107.92718,11.95688],[107.92841,11.95787],[107.92892,11.95728],[107.9306,11.95752],[107.93057,11.95894],[107.93169,11.95978],[107.93281,11.95952],[107.93285,11.96045],[107.93164,11.96033],[107.93166,11.96141],[107.92906,11.9652],[107.92797,11.96538],[107.92725,11.96361],[107.92622,11.96568],[107.92488,11.96585],[107.9252,11.9677],[107.92079,11.97142],[107.9237,11.97153],[107.92332,11.97284],[107.92252,11.97425],[107.92103,11.974],[107.92137,11.97547],[107.92032,11.97597],[107.91801,11.9764],[107.91514,11.97437],[107.91115,11.97393],[107.90855,11.97237],[107.90725,11.97273],[107.90619,11.9709],[107.90424,11.97223],[107.90172,11.9693],[107.89884,11.97025],[107.89658,11.97001],[107.89537,11.97177],[107.89713,11.97558],[107.89602,11.97738],[107.89678,11.97818],[107.89582,11.97978],[107.89212,11.98236],[107.89169,11.9836],[107.8897,11.98397],[107.88774,11.9866],[107.88718,11.98534],[107.88436,11.98769],[107.88222,11.98762],[107.88018,11.99032],[107.88025,11.99141],[107.87621,11.99417],[107.87248,11.99462],[107.86899,11.99836],[107.86816,11.99756],[107.86835,11.99639],[107.86627,11.99579],[107.86778,11.99274],[107.86735,11.99156],[107.86601,11.9917],[107.86654,11.9912],[107.86603,11.99045],[107.86432,11.99201],[107.86309,11.99119],[107.8631,11.99054],[107.86439,11.99046],[107.86353,11.99013],[107.8639,11.98947],[107.86213,11.99056],[107.86033,11.99033],[107.86024,11.99157],[107.85937,11.99034],[107.85559,11.99044],[107.85534,11.98989],[107.8561,11.98965],[107.85535,11.9885],[107.85301,11.989],[107.85281,11.98993],[107.85187,11.98891],[107.85088,11.98968],[107.85261,11.9913],[107.85244,11.99218],[107.85108,11.99181],[107.85106,11.99337],[107.84685,11.99243],[107.84448,11.99441],[107.84379,11.9937],[107.84221,11.99472],[107.84164,11.99387],[107.83735,11.9968],[107.83775,11.99557],[107.83587,11.9958],[107.83447,11.99303],[107.83276,11.9944],[107.83234,11.99364],[107.83142,11.99409],[107.83212,11.99452],[107.83127,11.99562],[107.82995,11.99445],[107.82541,11.99672],[107.8244,11.99595],[107.82141,11.99629],[107.82042,11.99746],[107.81843,11.99665],[107.81805,11.99771],[107.81734,11.99732],[107.81443,11.99991],[107.81241,11.99963]]]}},{"type":"Feature","properties":{"id":"24955","name":"Quảng Lập","type":"Xã","area":135.08,"population":24898},"geometry":{"type":"Polygon","coordinates":[[[108.51454,11.75499],[108.51191,11.75706],[108.51227,11.75771],[108.51138,11.75817],[108.51205,11.75966],[108.50968,11.7619],[108.5099,11.76349],[108.5085,11.76534],[108.50954,11.76572],[108.50815,11.76684],[108.50703,11.76332],[108.50515,11.76227],[108.50511,11.75995],[108.50343,11.75687],[108.50119,11.7546],[108.50244,11.75143],[108.50175,11.74934],[108.49844,11.74761],[108.49937,11.74996],[108.49706,11.75088],[108.4967,11.74785],[108.49392,11.74542],[108.49517,11.74378],[108.49815,11.74417],[108.49804,11.74286],[108.49431,11.74325],[108.49173,11.74574],[108.48857,11.74237],[108.48657,11.74502],[108.48251,11.74148],[108.47886,11.74114],[108.47781,11.73809],[108.47646,11.73734],[108.47712,11.73246],[108.47405,11.73207],[108.47214,11.7306],[108.46975,11.73107],[108.46801,11.73048],[108.46924,11.72504],[108.4664,11.7251],[108.46578,11.723],[108.46716,11.72202],[108.46722,11.72108],[108.46876,11.7207],[108.46777,11.71837],[108.46761,11.71489],[108.46481,11.71],[108.46539,11.70751],[108.46715,11.70659],[108.4658,11.70557],[108.46647,11.70439],[108.46562,11.70315],[108.46574,11.69955],[108.46674,11.69938],[108.4667,11.69673],[108.4701,11.69214],[108.4687,11.68963],[108.46927,11.68868],[108.46871,11.68715],[108.47075,11.68649],[108.47242,11.68708],[108.47623,11.68356],[108.4785,11.68248],[108.48468,11.68363],[108.48881,11.68151],[108.49197,11.68175],[108.49483,11.67752],[108.49694,11.67586],[108.49789,11.67333],[108.50129,11.67082],[108.50437,11.67018],[108.50443,11.66644],[108.50718,11.66816],[108.50926,11.67317],[108.51753,11.67223],[108.51862,11.67282],[108.52078,11.67207],[108.52607,11.67507],[108.52797,11.67438],[108.53056,11.67479],[108.53283,11.67659],[108.53331,11.67906],[108.53787,11.68073],[108.54291,11.68037],[108.54342,11.68278],[108.54513,11.68129],[108.54583,11.67689],[108.54663,11.67605],[108.55073,11.67677],[108.55301,11.67617],[108.55449,11.67716],[108.55614,11.67629],[108.55997,11.67679],[108.55848,11.67136],[108.56015,11.66913],[108.56263,11.66772],[108.5624,11.66197],[108.56498,11.66017],[108.56469,11.65895],[108.56573,11.65834],[108.56745,11.65349],[108.56738,11.64974],[108.56513,11.6478],[108.56545,11.6452],[108.56233,11.64254],[108.56763,11.64249],[108.57442,11.63936],[108.58034,11.64176],[108.58492,11.64075],[108.58843,11.64478],[108.59464,11.64857],[108.59936,11.64921],[108.60363,11.64783],[108.60661,11.64967],[108.61073,11.64953],[108.61984,11.65137],[108.62326,11.6501],[108.62419,11.65075],[108.62456,11.65293],[108.62678,11.65485],[108.63112,11.6559],[108.63422,11.65795],[108.64545,11.66179],[108.64655,11.66306],[108.64957,11.66425],[108.65318,11.66388],[108.65895,11.66876],[108.66113,11.66796],[108.6638,11.66818],[108.66766,11.66423],[108.67071,11.66377],[108.67212,11.66415],[108.6735,11.66727],[108.67861,11.66974],[108.67738,11.6738],[108.67592,11.6746],[108.67684,11.67622],[108.67547,11.67939],[108.67673,11.68134],[108.676,11.68196],[108.67441,11.6816],[108.67448,11.68316],[108.67271,11.685],[108.67114,11.68885],[108.66909,11.68892],[108.66776,11.68782],[108.66588,11.68814],[108.6645,11.68586],[108.66169,11.68737],[108.65977,11.68629],[108.65813,11.68704],[108.65719,11.6855],[108.65599,11.68618],[108.6532,11.68584],[108.65221,11.68463],[108.65363,11.68451],[108.65399,11.68292],[108.65332,11.68261],[108.65146,11.68371],[108.64939,11.68245],[108.64817,11.68377],[108.64605,11.68268],[108.644,11.68452],[108.64405,11.68045],[108.64172,11.68555],[108.63959,11.68609],[108.63851,11.68751],[108.63576,11.68873],[108.63219,11.69383],[108.62637,11.69295],[108.62647,11.69446],[108.62254,11.69745],[108.62113,11.69761],[108.61989,11.69927],[108.61683,11.70019],[108.61318,11.69784],[108.61272,11.69177],[108.60943,11.69296],[108.60904,11.69213],[108.6057,11.69314],[108.60123,11.69751],[108.60099,11.70134],[108.58717,11.70601],[108.58639,11.70895],[108.58026,11.71541],[108.57792,11.71623],[108.57857,11.71768],[108.57544,11.71922],[108.57437,11.72066],[108.57527,11.72169],[108.57318,11.72361],[108.57486,11.72626],[108.57469,11.72784],[108.57163,11.72762],[108.5716,11.72849],[108.5692,11.73044],[108.56918,11.73203],[108.56064,11.72911],[108.55698,11.72565],[108.55389,11.72773],[108.54959,11.72928],[108.54646,11.729],[108.54528,11.73405],[108.54206,11.73426],[108.53966,11.73532],[108.5403,11.73679],[108.53954,11.73757],[108.53858,11.73658],[108.53385,11.73611],[108.52953,11.73777],[108.52691,11.7421],[108.52536,11.74291],[108.52561,11.74443],[108.52413,11.74567],[108.52465,11.7469],[108.5225,11.74718],[108.52105,11.74957],[108.5176,11.74965],[108.5155,11.75095],[108.5154,11.75434],[108.51454,11.75499]]]}},{"type":"Feature","properties":{"id":"24712","name":"Quảng Phú","type":"Xã","area":263.58,"population":17573},"geometry":{"type":"Polygon","coordinates":[[[107.93368,12.36935],[107.93142,12.37214],[107.93179,12.37477],[107.92933,12.37569],[107.92987,12.37433],[107.92944,12.37199],[107.92699,12.36767],[107.92766,12.36571],[107.92992,12.36589],[107.92816,12.36486],[107.92871,12.36423],[107.928,12.36371],[107.92896,12.36298],[107.92857,12.36013],[107.92578,12.35943],[107.9264,12.35809],[107.92584,12.35739],[107.92563,12.35797],[107.92378,12.35765],[107.92396,12.35863],[107.92161,12.35885],[107.92135,12.35731],[107.9223,12.35746],[107.92211,12.35619],[107.92318,12.35514],[107.91829,12.3536],[107.91579,12.35129],[107.91493,12.35278],[107.91423,12.35122],[107.91373,12.35305],[107.91299,12.35251],[107.91166,12.35474],[107.91017,12.35383],[107.91077,12.35331],[107.90978,12.353],[107.90977,12.35188],[107.90914,12.35287],[107.90842,12.35159],[107.90766,12.35213],[107.90737,12.35116],[107.90838,12.35044],[107.90723,12.34983],[107.90728,12.34909],[107.90951,12.34637],[107.90904,12.34485],[107.91038,12.34457],[107.9089,12.34283],[107.90869,12.34373],[107.90764,12.34356],[107.90693,12.34457],[107.90552,12.34375],[107.90585,12.34242],[107.904,12.34201],[107.90429,12.34123],[107.90326,12.34074],[107.90446,12.33838],[107.90368,12.33844],[107.90406,12.33709],[107.90298,12.33701],[107.90317,12.33555],[107.90068,12.33498],[107.90083,12.33889],[107.90021,12.33948],[107.8977,12.33935],[107.89351,12.34055],[107.89213,12.34204],[107.88962,12.34126],[107.88809,12.33933],[107.88806,12.3407],[107.88598,12.33956],[107.88521,12.34082],[107.88317,12.34113],[107.88298,12.33973],[107.88108,12.33979],[107.88202,12.33896],[107.8811,12.33853],[107.88125,12.3377],[107.88058,12.33803],[107.88004,12.33692],[107.87795,12.33675],[107.87679,12.33449],[107.87486,12.33547],[107.87473,12.33651],[107.87405,12.3361],[107.87219,12.33738],[107.87153,12.3368],[107.8701,12.3376],[107.86934,12.33456],[107.86814,12.33428],[107.86807,12.333],[107.86577,12.3296],[107.85828,12.33078],[107.85857,12.32863],[107.85749,12.32575],[107.85549,12.32584],[107.85705,12.32136],[107.85575,12.32027],[107.85851,12.31957],[107.85745,12.31698],[107.85987,12.31705],[107.86114,12.31534],[107.85911,12.31231],[107.85738,12.31336],[107.85781,12.31026],[107.85595,12.30721],[107.85191,12.30488],[107.85167,12.30602],[107.84971,12.30611],[107.8479,12.30482],[107.84632,12.30628],[107.84532,12.30602],[107.84435,12.30286],[107.84191,12.30081],[107.84381,12.29599],[107.84085,12.29516],[107.84089,12.29363],[107.83841,12.291],[107.83407,12.29025],[107.83153,12.29134],[107.82964,12.28757],[107.82717,12.28536],[107.82499,12.28169],[107.82112,12.28022],[107.81958,12.27171],[107.81564,12.2691],[107.81333,12.26612],[107.81129,12.26488],[107.81115,12.26386],[107.80821,12.26214],[107.80519,12.25816],[107.80458,12.25585],[107.80106,12.25279],[107.80077,12.25131],[107.80175,12.25104],[107.80443,12.2464],[107.80342,12.24434],[107.80657,12.24325],[107.80655,12.24004],[107.80855,12.23912],[107.80724,12.23648],[107.80885,12.23517],[107.80899,12.23373],[107.81061,12.23339],[107.81367,12.22993],[107.81534,12.2299],[107.8161,12.22775],[107.81576,12.22634],[107.8186,12.22788],[107.8199,12.23061],[107.82302,12.22868],[107.82352,12.2293],[107.82581,12.22879],[107.82597,12.23003],[107.82861,12.22941],[107.82964,12.22655],[107.83066,12.22577],[107.8331,12.22569],[107.83312,12.22957],[107.83498,12.2277],[107.835,12.2289],[107.8486,12.23282],[107.8493,12.23386],[107.855,12.2349],[107.85824,12.23805],[107.86581,12.24076],[107.87035,12.24889],[107.8716,12.24922],[107.87211,12.24782],[107.87388,12.24772],[107.87411,12.24537],[107.87505,12.24437],[107.87895,12.2439],[107.88066,12.24261],[107.88289,12.24238],[107.88859,12.24574],[107.8932,12.24688],[107.8971,12.24956],[107.89782,12.25274],[107.8996,12.25214],[107.90307,12.25529],[107.90448,12.25503],[107.90478,12.25616],[107.90738,12.25694],[107.90904,12.25996],[107.9129,12.26016],[107.91316,12.26164],[107.91538,12.26145],[107.91491,12.26358],[107.91784,12.26322],[107.91968,12.26494],[107.9206,12.26488],[107.92127,12.26765],[107.92264,12.26645],[107.92343,12.26792],[107.92819,12.26742],[107.93008,12.26798],[107.9306,12.267],[107.93117,12.26803],[107.93256,12.26806],[107.93306,12.26936],[107.93537,12.26939],[107.93588,12.26833],[107.93747,12.26875],[107.93644,12.26784],[107.93696,12.26667],[107.93601,12.26584],[107.93643,12.26516],[107.9354,12.26505],[107.93529,12.26325],[107.93371,12.2637],[107.93188,12.25994],[107.93175,12.25795],[107.92924,12.25687],[107.92962,12.25454],[107.92868,12.25343],[107.9273,12.25328],[107.92716,12.25227],[107.92616,12.25248],[107.92603,12.2512],[107.92386,12.25029],[107.92252,12.24545],[107.9263,12.2408],[107.92564,12.23711],[107.92386,12.23453],[107.92395,12.23195],[107.93211,12.2367],[107.93355,12.23929],[107.93286,12.24075],[107.93321,12.24374],[107.94338,12.24784],[107.94708,12.25392],[107.95211,12.25869],[107.95374,12.25944],[107.95654,12.25896],[107.96178,12.26001],[107.96439,12.26229],[107.96625,12.26279],[107.96989,12.2619],[107.97273,12.26278],[107.97267,12.26171],[107.97456,12.26133],[107.97581,12.25977],[107.973,12.24712],[107.97351,12.24241],[107.97169,12.2396],[107.97201,12.23743],[107.97053,12.23656],[107.97153,12.23012],[107.97343,12.22938],[107.9735,12.2278],[107.97267,12.22767],[107.97242,12.22608],[107.97013,12.22688],[107.97019,12.22608],[107.96818,12.22536],[107.9678,12.22443],[107.96915,12.22308],[107.96815,12.22222],[107.96886,12.21977],[107.97191,12.21926],[107.97162,12.21725],[107.97297,12.21311],[107.97238,12.2119],[107.9735,12.21177],[107.97504,12.20969],[107.97602,12.21082],[107.97567,12.21186],[107.97755,12.21139],[107.97804,12.21254],[107.97933,12.20947],[107.98017,12.20959],[107.97963,12.21453],[107.98237,12.20944],[107.98311,12.20991],[107.98285,12.21358],[107.98562,12.21113],[107.98637,12.21123],[107.98648,12.21349],[107.98916,12.21266],[107.98975,12.21363],[107.98906,12.21567],[107.99123,12.21736],[107.99045,12.21943],[107.99165,12.21931],[107.99286,12.21699],[107.99402,12.21674],[107.99472,12.22295],[107.9976,12.22202],[107.99684,12.22407],[107.99723,12.22543],[108.00144,12.21937],[108.00395,12.21764],[108.00561,12.21781],[108.00658,12.21891],[108.00883,12.21797],[108.00981,12.21862],[108.01224,12.21646],[108.01354,12.21284],[108.01333,12.21076],[108.01436,12.20855],[108.01565,12.20821],[108.01559,12.20704],[108.02016,12.20684],[108.02383,12.20128],[108.02709,12.20087],[108.02726,12.20279],[108.02844,12.2025],[108.03049,12.19345],[108.03316,12.19427],[108.03599,12.19348],[108.03592,12.19708],[108.03692,12.19731],[108.03942,12.1952],[108.04141,12.19848],[108.04768,12.19595],[108.04768,12.1925],[108.05125,12.1945],[108.05336,12.19422],[108.05456,12.19298],[108.05482,12.18965],[108.06164,12.18891],[108.06307,12.18768],[108.06295,12.18682],[108.06931,12.18797],[108.0736,12.18724],[108.07597,12.19123],[108.0808,12.1951],[108.08152,12.19735],[108.08262,12.19815],[108.08585,12.19694],[108.08793,12.19793],[108.08802,12.2006],[108.09048,12.20301],[108.08983,12.20372],[108.09076,12.20549],[108.09014,12.20748],[108.09208,12.208],[108.09354,12.20976],[108.09746,12.21027],[108.09588,12.21224],[108.09398,12.21707],[108.0916,12.21849],[108.08589,12.22524],[108.08411,12.23083],[108.08453,12.23693],[108.0839,12.23878],[108.07812,12.24571],[108.0762,12.24898],[108.07598,12.25242],[108.07423,12.2547],[108.06249,12.26444],[108.05497,12.26314],[108.04462,12.26562],[108.04215,12.26814],[108.03951,12.27578],[108.03851,12.28363],[108.04118,12.28666],[108.04053,12.28865],[108.02608,12.28822],[108.0232,12.29014],[108.01967,12.29029],[108.01857,12.29739],[108.01526,12.30308],[108.01074,12.29897],[108.00454,12.29605],[108.00353,12.29659],[108.00034,12.30345],[107.99841,12.30451],[107.98825,12.30178],[107.98362,12.29889],[107.98133,12.2985],[107.98074,12.29708],[107.97367,12.29673],[107.97396,12.29846],[107.97299,12.30043],[107.97403,12.30326],[107.97416,12.30667],[107.97179,12.30993],[107.96813,12.31323],[107.95283,12.31846],[107.94985,12.324],[107.94541,12.32559],[107.94387,12.32729],[107.94354,12.32887],[107.94539,12.33229],[107.94455,12.33481],[107.93929,12.33865],[107.93612,12.33987],[107.93412,12.34277],[107.93348,12.34494],[107.93437,12.3504],[107.93072,12.35456],[107.93387,12.35953],[107.93216,12.36412],[107.93279,12.36583],[107.93473,12.36752],[107.93368,12.36935]]]}},{"type":"Feature","properties":{"id":"24616","name":"Quảng Sơn","type":"Xã","area":454.22,"population":22018},"geometry":{"type":"Polygon","coordinates":[[[107.93555,12.26894],[107.93312,12.26939],[107.93256,12.26806],[107.93117,12.26803],[107.9306,12.267],[107.93008,12.26798],[107.92819,12.26742],[107.92343,12.26792],[107.92264,12.26645],[107.92127,12.26765],[107.9206,12.26488],[107.91968,12.26494],[107.91784,12.26322],[107.91491,12.26358],[107.91538,12.26145],[107.91316,12.26164],[107.9129,12.26016],[107.90904,12.25996],[107.90738,12.25694],[107.90478,12.25616],[107.90448,12.25503],[107.90307,12.25529],[107.8996,12.25214],[107.89782,12.25274],[107.8971,12.24956],[107.8932,12.24688],[107.88859,12.24574],[107.88289,12.24238],[107.88066,12.24261],[107.87895,12.2439],[107.87505,12.24437],[107.87391,12.24596],[107.87404,12.24755],[107.87211,12.24782],[107.87129,12.24923],[107.87035,12.24889],[107.86628,12.24113],[107.85824,12.23805],[107.855,12.2349],[107.8493,12.23386],[107.8486,12.23282],[107.835,12.2289],[107.83498,12.2277],[107.83312,12.22957],[107.83301,12.22567],[107.82964,12.22655],[107.82861,12.22941],[107.82597,12.23003],[107.82581,12.22879],[107.82352,12.2293],[107.82302,12.22868],[107.81978,12.23061],[107.8198,12.22953],[107.81769,12.22704],[107.816,12.22633],[107.81481,12.22671],[107.81405,12.22275],[107.81103,12.22165],[107.80846,12.22252],[107.80842,12.22384],[107.80773,12.22358],[107.80708,12.22481],[107.8054,12.22249],[107.79877,12.22312],[107.79468,12.22804],[107.79112,12.2294],[107.79053,12.23085],[107.7891,12.23103],[107.78853,12.23233],[107.78632,12.23315],[107.7869,12.23554],[107.78536,12.23563],[107.78562,12.2371],[107.78353,12.23975],[107.78632,12.24431],[107.78484,12.24716],[107.78035,12.2516],[107.78327,12.25689],[107.78317,12.2589],[107.78718,12.26252],[107.78527,12.26473],[107.78527,12.26783],[107.78216,12.26702],[107.77518,12.26891],[107.7722,12.26744],[107.76586,12.2676],[107.76452,12.26594],[107.76644,12.26203],[107.76607,12.26032],[107.76215,12.25441],[107.75828,12.25152],[107.75796,12.24763],[107.7538,12.2399],[107.7418,12.23501],[107.73147,12.23629],[107.72832,12.23448],[107.72558,12.23395],[107.71614,12.22724],[107.72366,12.22399],[107.72451,12.22184],[107.73564,12.21285],[107.73609,12.21223],[107.73274,12.20877],[107.74091,12.20151],[107.74179,12.19977],[107.74182,12.19591],[107.74374,12.19358],[107.7429,12.18715],[107.7357,12.18241],[107.73866,12.17426],[107.74195,12.17269],[107.74493,12.16816],[107.73747,12.15986],[107.73587,12.15638],[107.73562,12.15294],[107.73666,12.152],[107.73948,12.15181],[107.73918,12.148],[107.7407,12.14526],[107.73838,12.14278],[107.73355,12.1398],[107.73384,12.13839],[107.73708,12.13443],[107.74328,12.13399],[107.74396,12.13457],[107.74349,12.13589],[107.74512,12.13848],[107.74994,12.14025],[107.75699,12.13203],[107.75906,12.13183],[107.75966,12.1289],[107.76073,12.13017],[107.76337,12.13076],[107.76768,12.12844],[107.76937,12.13053],[107.77105,12.12981],[107.77299,12.13089],[107.77492,12.12943],[107.77621,12.12713],[107.78207,12.12448],[107.79679,12.12397],[107.80701,12.12234],[107.81469,12.10631],[107.82153,12.09595],[107.82178,12.09409],[107.82358,12.09181],[107.82663,12.08995],[107.82706,12.08872],[107.82576,12.08748],[107.82821,12.08623],[107.82994,12.08317],[107.83386,12.08199],[107.83377,12.08031],[107.8348,12.07903],[107.83565,12.07971],[107.83718,12.07762],[107.84051,12.07684],[107.84247,12.07362],[107.84597,12.07296],[107.84745,12.0699],[107.85014,12.06724],[107.85103,12.06899],[107.84999,12.06924],[107.84973,12.07033],[107.85383,12.07177],[107.85426,12.07081],[107.85505,12.07094],[107.85632,12.07229],[107.85792,12.07207],[107.85776,12.07037],[107.85849,12.06954],[107.86047,12.06991],[107.86231,12.06848],[107.86297,12.06921],[107.86506,12.06825],[107.86544,12.06659],[107.86605,12.06748],[107.86787,12.0673],[107.87052,12.0648],[107.87159,12.06574],[107.87115,12.06696],[107.87397,12.06553],[107.87629,12.06693],[107.87678,12.06541],[107.87829,12.06611],[107.87873,12.06747],[107.88038,12.06742],[107.88083,12.06912],[107.88248,12.06923],[107.88382,12.06806],[107.88432,12.06994],[107.88505,12.06871],[107.88613,12.07002],[107.88662,12.06759],[107.89061,12.06952],[107.89176,12.06927],[107.8915,12.07128],[107.89289,12.07093],[107.89303,12.07289],[107.89448,12.07266],[107.8927,12.07452],[107.89462,12.0753],[107.89561,12.07456],[107.89929,12.07831],[107.89737,12.08323],[107.89849,12.08527],[107.89766,12.08938],[107.89915,12.09314],[107.89837,12.09469],[107.8968,12.09559],[107.89671,12.09675],[107.89965,12.0986],[107.89999,12.0995],[107.89935,12.10005],[107.9002,12.10222],[107.90371,12.10126],[107.9047,12.09782],[107.90946,12.09796],[107.91083,12.10001],[107.91851,12.09728],[107.92536,12.09228],[107.92739,12.08975],[107.92744,12.08781],[107.93272,12.08399],[107.93523,12.08526],[107.93671,12.08738],[107.93943,12.08802],[107.94048,12.0923],[107.94209,12.09497],[107.945,12.09708],[107.94692,12.0966],[107.94775,12.0982],[107.94977,12.09946],[107.95136,12.09775],[107.95383,12.09729],[107.95351,12.09566],[107.95627,12.09605],[107.95725,12.09445],[107.95858,12.09479],[107.95988,12.09391],[107.96131,12.09401],[107.96175,12.09524],[107.96201,12.09408],[107.96314,12.09378],[107.96435,12.09194],[107.96414,12.08979],[107.96711,12.0872],[107.96925,12.08713],[107.9709,12.08458],[107.97635,12.08303],[107.97588,12.08125],[107.97707,12.08183],[107.97783,12.07998],[107.98014,12.08168],[107.98118,12.08096],[107.98117,12.0792],[107.98238,12.0794],[107.98222,12.08366],[107.98051,12.08447],[107.98,12.08566],[107.98212,12.09016],[107.98431,12.09231],[107.98183,12.09768],[107.98426,12.10093],[107.98208,12.10438],[107.98536,12.10749],[107.98304,12.10844],[107.98493,12.11055],[107.98806,12.1093],[107.98982,12.10957],[107.98994,12.11064],[107.98837,12.11239],[107.99092,12.1144],[107.99147,12.11808],[107.98846,12.1224],[107.98749,12.12243],[107.98691,12.12673],[107.98937,12.12729],[107.98907,12.13037],[107.98981,12.13239],[107.98907,12.13588],[107.99027,12.13606],[107.99089,12.13733],[107.99002,12.1389],[107.99045,12.13975],[107.99162,12.13917],[107.99205,12.13998],[107.9912,12.14042],[107.99178,12.14224],[107.99115,12.14352],[107.99207,12.14358],[107.99264,12.14251],[107.99449,12.14257],[107.99498,12.14415],[107.99328,12.14729],[107.99331,12.15056],[107.99198,12.15513],[107.99284,12.15756],[107.99727,12.15895],[108.00042,12.1636],[108.0024,12.16401],[108.00279,12.16878],[108.00218,12.17019],[108.00505,12.17227],[108.00406,12.17403],[108.00434,12.17689],[108.00706,12.18079],[108.00825,12.18527],[108.00642,12.18841],[108.00468,12.18988],[108.00308,12.19012],[108.00153,12.19388],[108.00358,12.19412],[108.00414,12.19522],[108.00688,12.19631],[108.00968,12.1957],[108.01285,12.19648],[108.01418,12.2001],[108.01315,12.2071],[108.01436,12.20855],[108.01333,12.21076],[108.01354,12.21284],[108.01256,12.21611],[108.00981,12.21862],[108.00883,12.21797],[108.00658,12.21891],[108.00561,12.21781],[108.00395,12.21764],[108.00144,12.21937],[107.99723,12.22543],[107.99684,12.22407],[107.9976,12.22202],[107.99472,12.22295],[107.99402,12.21674],[107.99286,12.21699],[107.99165,12.21931],[107.99045,12.21943],[107.99123,12.21736],[107.98906,12.21567],[107.98975,12.21363],[107.98916,12.21266],[107.98648,12.21349],[107.98637,12.21123],[107.98562,12.21113],[107.98285,12.21358],[107.98311,12.20991],[107.98237,12.20944],[107.97963,12.21453],[107.9794,12.21282],[107.98041,12.21023],[107.9796,12.20929],[107.97804,12.21254],[107.97755,12.21139],[107.97567,12.21186],[107.97602,12.21082],[107.97526,12.20968],[107.9735,12.21177],[107.97238,12.2119],[107.97297,12.21311],[107.97162,12.21725],[107.97191,12.21926],[107.96886,12.21977],[107.96815,12.22222],[107.96915,12.22308],[107.9678,12.22443],[107.96818,12.22536],[107.97019,12.22608],[107.97013,12.22688],[107.97242,12.22608],[107.97267,12.22767],[107.9735,12.2278],[107.97343,12.22938],[107.97153,12.23012],[107.97053,12.23656],[107.97201,12.23743],[107.97169,12.2396],[107.97351,12.24241],[107.973,12.24712],[107.97581,12.25977],[107.97456,12.26133],[107.97267,12.26171],[107.97273,12.26278],[107.96989,12.2619],[107.96625,12.26279],[107.96439,12.26229],[107.96178,12.26001],[107.95654,12.25896],[107.95374,12.25944],[107.95211,12.25869],[107.94708,12.25392],[107.94338,12.24784],[107.93321,12.24374],[107.93286,12.24075],[107.93355,12.23929],[107.93211,12.2367],[107.92395,12.23195],[107.92386,12.23453],[107.92564,12.23711],[107.9263,12.2408],[107.92252,12.24545],[107.92386,12.25029],[107.92603,12.2512],[107.92616,12.25248],[107.92716,12.25227],[107.9273,12.25328],[107.92868,12.25343],[107.92962,12.25454],[107.92924,12.25687],[107.93175,12.25795],[107.93188,12.25994],[107.93371,12.2637],[107.93529,12.26325],[107.9354,12.26505],[107.93643,12.26516],[107.93601,12.26584],[107.93696,12.26667],[107.93645,12.26786],[107.93747,12.26868],[107.93588,12.26833],[107.93555,12.26894]]]}},{"type":"Feature","properties":{"id":"24748","name":"Quảng Tân","type":"Xã","area":294.18,"population":31185},"geometry":{"type":"Polygon","coordinates":[[[107.40246,12.13236],[107.40201,12.1352],[107.40324,12.13751],[107.40379,12.14282],[107.40234,12.14421],[107.40005,12.14324],[107.39327,12.14287],[107.39144,12.13906],[107.39128,12.13623],[107.38972,12.13416],[107.38686,12.13249],[107.38267,12.13308],[107.38077,12.13016],[107.37742,12.12953],[107.37637,12.12758],[107.37438,12.12807],[107.37476,12.12656],[107.37305,12.12595],[107.37197,12.12119],[107.37038,12.12077],[107.37027,12.12194],[107.36957,12.12173],[107.36943,12.12047],[107.37011,12.12031],[107.36949,12.11819],[107.36637,12.11713],[107.36364,12.1146],[107.36085,12.11401],[107.35973,12.11229],[107.35643,12.11224],[107.35403,12.1107],[107.35224,12.10733],[107.35219,12.10567],[107.35125,12.10486],[107.35134,12.10338],[107.34836,12.1013],[107.34743,12.09883],[107.34631,12.09885],[107.3439,12.09528],[107.34381,12.09425],[107.34558,12.09391],[107.34605,12.09155],[107.34753,12.09202],[107.34679,12.08882],[107.34755,12.08723],[107.34522,12.08767],[107.34302,12.08631],[107.34557,12.08131],[107.34364,12.07812],[107.34591,12.07703],[107.34477,12.07376],[107.34699,12.07072],[107.34414,12.06856],[107.34491,12.06715],[107.34265,12.05823],[107.34446,12.0563],[107.34255,12.05457],[107.33846,12.05358],[107.33703,12.04913],[107.33343,12.04921],[107.33336,12.04687],[107.33482,12.04626],[107.3342,12.04489],[107.33126,12.04534],[107.32987,12.04409],[107.32978,12.04145],[107.33113,12.03747],[107.32994,12.03639],[107.33129,12.03529],[107.32887,12.03038],[107.33019,12.02739],[107.32917,12.02544],[107.32999,12.02367],[107.32906,12.02142],[107.32644,12.02111],[107.32567,12.01847],[107.32132,12.01963],[107.31953,12.01699],[107.32025,12.01541],[107.31978,12.01433],[107.31515,12.01085],[107.31629,12.00918],[107.31557,12.00759],[107.31742,12.00544],[107.32089,12.00471],[107.32251,12.00583],[107.32417,12.00495],[107.32469,12.00017],[107.32672,11.99832],[107.33026,11.99753],[107.34436,11.9797],[107.34442,11.97539],[107.34781,11.9698],[107.35125,11.96806],[107.34863,11.96655],[107.34764,11.96433],[107.34949,11.96605],[107.35174,11.96403],[107.35122,11.96186],[107.35302,11.9615],[107.35177,11.95988],[107.35334,11.95848],[107.35275,11.95768],[107.3534,11.95536],[107.3523,11.95388],[107.35493,11.95202],[107.35689,11.95185],[107.35581,11.94919],[107.35389,11.94912],[107.35508,11.94695],[107.35386,11.94676],[107.35254,11.94772],[107.35186,11.94669],[107.35464,11.94489],[107.35297,11.9437],[107.35459,11.94337],[107.35407,11.94196],[107.35687,11.93975],[107.35341,11.94005],[107.35274,11.93914],[107.35557,11.93871],[107.357,11.93591],[107.35935,11.93406],[107.36351,11.9337],[107.36422,11.93276],[107.36814,11.93398],[107.3725,11.93419],[107.37625,11.93316],[107.38152,11.9348],[107.38305,11.93567],[107.3842,11.94071],[107.38572,11.9409],[107.38531,11.94204],[107.38753,11.94435],[107.38913,11.94443],[107.38978,11.94783],[107.39084,11.94929],[107.39294,11.94967],[107.39297,11.95081],[107.39448,11.94891],[107.39741,11.95031],[107.39848,11.94995],[107.39921,11.94812],[107.40174,11.94822],[107.40204,11.952],[107.4053,11.95254],[107.40814,11.95528],[107.40709,11.95753],[107.40375,11.9587],[107.40365,11.96221],[107.40628,11.96301],[107.40541,11.96419],[107.40579,11.96471],[107.40856,11.96384],[107.40949,11.96498],[107.41172,11.96487],[107.41315,11.96735],[107.41403,11.96636],[107.41454,11.9674],[107.41548,11.96749],[107.41497,11.96897],[107.41263,11.96919],[107.41325,11.97104],[107.41604,11.97313],[107.41486,11.9736],[107.41593,11.97548],[107.41379,11.97705],[107.41539,11.97767],[107.41538,11.9792],[107.41717,11.97911],[107.41826,11.98168],[107.41908,11.98132],[107.41947,11.98196],[107.41864,11.98365],[107.41735,11.9819],[107.41557,11.98358],[107.41619,11.98416],[107.41522,11.9846],[107.4152,11.98556],[107.41655,11.98595],[107.41617,11.98669],[107.41694,11.9876],[107.41591,11.98823],[107.41671,11.98963],[107.41779,11.98949],[107.41846,11.99067],[107.4199,11.991],[107.42089,11.99013],[107.42247,11.99107],[107.42414,11.99001],[107.42624,11.99136],[107.4399,11.9952],[107.44268,11.99241],[107.44792,11.99134],[107.45473,11.99156],[107.45501,11.99245],[107.45409,11.99374],[107.45502,11.99603],[107.45419,11.99569],[107.45378,11.99645],[107.45484,11.99653],[107.45609,12.0001],[107.4553,12.0009],[107.45602,12.00247],[107.45512,12.00255],[107.45507,12.00335],[107.45655,12.00375],[107.45686,12.00548],[107.45833,12.00496],[107.45898,12.0061],[107.45841,12.00779],[107.46026,12.00847],[107.46152,12.01028],[107.45959,12.01142],[107.45966,12.01503],[107.4606,12.0144],[107.46135,12.01536],[107.46064,12.0172],[107.4639,12.01647],[107.46637,12.0187],[107.46785,12.01871],[107.47035,12.01781],[107.47348,12.01807],[107.47502,12.01713],[107.47712,12.01782],[107.48005,12.01601],[107.48386,12.01692],[107.48815,12.01594],[107.49056,12.01697],[107.49353,12.01672],[107.49557,12.01847],[107.49862,12.01791],[107.49908,12.01589],[107.50007,12.01549],[107.50532,12.02037],[107.50389,12.02224],[107.50425,12.02394],[107.50649,12.0247],[107.51483,12.02414],[107.51758,12.02781],[107.523,12.03123],[107.52477,12.03127],[107.52429,12.02988],[107.52578,12.02988],[107.52648,12.02864],[107.52834,12.0285],[107.53161,12.03015],[107.53234,12.02936],[107.53241,12.03515],[107.53482,12.03858],[107.53546,12.04194],[107.53924,12.04543],[107.53957,12.04914],[107.54165,12.05183],[107.54605,12.04626],[107.54926,12.05002],[107.55583,12.04745],[107.55695,12.04582],[107.56293,12.04809],[107.57125,12.04834],[107.58094,12.04683],[107.58221,12.04597],[107.5835,12.04762],[107.58698,12.04705],[107.58869,12.04891],[107.58853,12.05216],[107.5867,12.05399],[107.58734,12.05519],[107.5868,12.05595],[107.58825,12.05855],[107.58918,12.05874],[107.59255,12.0566],[107.59478,12.05846],[107.59413,12.0598],[107.59222,12.0608],[107.59274,12.06398],[107.59047,12.06638],[107.58862,12.06662],[107.58525,12.06557],[107.58478,12.06474],[107.58325,12.06541],[107.5809,12.06694],[107.58072,12.07104],[107.57757,12.07294],[107.57838,12.07904],[107.57992,12.08178],[107.57966,12.0841],[107.5789,12.08444],[107.58035,12.0873],[107.57928,12.08865],[107.58029,12.09166],[107.57981,12.0933],[107.5812,12.0945],[107.58167,12.09876],[107.5831,12.09918],[107.5823,12.10188],[107.57961,12.10411],[107.57894,12.10324],[107.57988,12.10208],[107.57739,12.10191],[107.57709,12.10086],[107.57574,12.10162],[107.57494,12.10051],[107.57321,12.10041],[107.57327,12.10212],[107.57197,12.10186],[107.57116,12.10268],[107.57124,12.10426],[107.56839,12.10589],[107.56952,12.10598],[107.56961,12.1074],[107.57043,12.10726],[107.57071,12.10832],[107.56893,12.10873],[107.57002,12.11021],[107.56941,12.11182],[107.5688,12.11117],[107.56903,12.11307],[107.56424,12.11512],[107.56375,12.11469],[107.56333,12.11589],[107.5645,12.11625],[107.56319,12.11706],[107.54973,12.11637],[107.54284,12.11714],[107.53818,12.11616],[107.53532,12.11159],[107.53325,12.11116],[107.53116,12.10909],[107.53021,12.10283],[107.52626,12.09745],[107.52699,12.09281],[107.5185,12.09013],[107.51672,12.09061],[107.51533,12.08986],[107.51281,12.08325],[107.50691,12.07937],[107.50761,12.0763],[107.50168,12.07061],[107.49898,12.07102],[107.49644,12.06885],[107.49384,12.06875],[107.4919,12.06778],[107.49222,12.06691],[107.49153,12.06742],[107.49135,12.06633],[107.48941,12.06769],[107.48468,12.06864],[107.48088,12.06762],[107.48027,12.06624],[107.47651,12.06585],[107.4748,12.06649],[107.47243,12.06945],[107.45611,12.06553],[107.45514,12.06433],[107.45266,12.06376],[107.44642,12.06473],[107.44293,12.06813],[107.4404,12.06882],[107.43401,12.0651],[107.42743,12.06332],[107.41894,12.07001],[107.4185,12.07151],[107.41969,12.07383],[107.41941,12.07945],[107.41684,12.08146],[107.41755,12.0861],[107.41344,12.08874],[107.41332,12.09028],[107.41498,12.09338],[107.41413,12.09459],[107.41519,12.09596],[107.41526,12.10026],[107.41446,12.10098],[107.41821,12.10238],[107.41955,12.1036],[107.42124,12.10763],[107.4271,12.11208],[107.42894,12.11253],[107.42833,12.11228],[107.42666,12.11373],[107.42374,12.11794],[107.42124,12.11793],[107.41779,12.12249],[107.41547,12.12272],[107.4134,12.124],[107.41095,12.12329],[107.40708,12.12659],[107.4051,12.12708],[107.40303,12.12973],[107.40246,12.13236]]]}},{"type":"Feature","properties":{"id":"24760","name":"Quảng Tín","type":"Xã","area":310.17,"population":34591},"geometry":{"type":"Polygon","coordinates":[[[107.44268,11.99241],[107.4399,11.9952],[107.42624,11.99136],[107.42414,11.99001],[107.42247,11.99107],[107.42089,11.99013],[107.4199,11.991],[107.41846,11.99067],[107.41779,11.98949],[107.41671,11.98963],[107.41591,11.98823],[107.41694,11.9876],[107.41617,11.98669],[107.41655,11.98595],[107.4152,11.98556],[107.41522,11.9846],[107.41619,11.98416],[107.41557,11.98358],[107.41735,11.9819],[107.41864,11.98365],[107.41947,11.98196],[107.41908,11.98132],[107.41826,11.98168],[107.41717,11.97911],[107.41538,11.9792],[107.41539,11.97767],[107.41379,11.97705],[107.41593,11.97548],[107.41486,11.9736],[107.41604,11.97313],[107.41325,11.97104],[107.41263,11.96919],[107.41497,11.96897],[107.41542,11.96734],[107.41454,11.9674],[107.41395,11.96636],[107.41315,11.96735],[107.41172,11.96487],[107.40949,11.96498],[107.40856,11.96384],[107.40579,11.96471],[107.40541,11.96419],[107.40628,11.96301],[107.40362,11.96217],[107.40402,11.95829],[107.40611,11.95808],[107.40795,11.95645],[107.40734,11.95419],[107.40486,11.95233],[107.40204,11.952],[107.40218,11.9489],[107.4012,11.94792],[107.39921,11.94812],[107.39859,11.9498],[107.39762,11.95029],[107.39448,11.94891],[107.39335,11.95089],[107.39276,11.94954],[107.39077,11.94924],[107.38884,11.9453],[107.38913,11.94443],[107.38753,11.94435],[107.38531,11.94204],[107.38572,11.9409],[107.3842,11.94071],[107.38264,11.9352],[107.37625,11.93316],[107.3725,11.93419],[107.36627,11.93332],[107.36859,11.93182],[107.37003,11.92737],[107.37442,11.92622],[107.37491,11.9236],[107.3771,11.92266],[107.37892,11.9234],[107.38068,11.92294],[107.38387,11.92016],[107.38385,11.91888],[107.38534,11.91863],[107.38514,11.9165],[107.38687,11.91559],[107.38603,11.91238],[107.39413,11.89556],[107.39499,11.89631],[107.40061,11.89073],[107.40072,11.88812],[107.40161,11.88711],[107.40047,11.88444],[107.40164,11.88193],[107.40309,11.88126],[107.40274,11.88],[107.40413,11.87872],[107.40448,11.87677],[107.40608,11.87558],[107.40641,11.87145],[107.40565,11.86959],[107.40824,11.8657],[107.4124,11.86399],[107.41544,11.86499],[107.41723,11.86441],[107.41855,11.86537],[107.42054,11.86413],[107.42055,11.8633],[107.42249,11.86332],[107.426,11.85893],[107.42699,11.84587],[107.42546,11.84488],[107.42202,11.84447],[107.42053,11.84215],[107.419,11.84156],[107.41812,11.83899],[107.41645,11.83805],[107.41637,11.83574],[107.41559,11.83515],[107.41751,11.83432],[107.41807,11.83154],[107.41719,11.83123],[107.41513,11.8342],[107.41426,11.83412],[107.41472,11.83083],[107.41335,11.82861],[107.41338,11.82637],[107.41026,11.82554],[107.40959,11.82398],[107.40835,11.8234],[107.4086,11.82062],[107.40662,11.82021],[107.40527,11.81857],[107.4047,11.81289],[107.40752,11.81069],[107.40815,11.80949],[107.40736,11.80823],[107.40944,11.80694],[107.40905,11.80565],[107.40445,11.80102],[107.40278,11.80035],[107.40133,11.79771],[107.40034,11.79792],[107.39779,11.80109],[107.3958,11.79982],[107.39571,11.7976],[107.39428,11.79674],[107.39608,11.79599],[107.39327,11.79507],[107.39351,11.79243],[107.3927,11.78982],[107.39311,11.78834],[107.3952,11.78807],[107.39718,11.7849],[107.39717,11.78182],[107.39533,11.78074],[107.39828,11.77876],[107.39929,11.77699],[107.39711,11.77635],[107.39679,11.77486],[107.39766,11.77316],[107.39614,11.77325],[107.39563,11.77066],[107.3943,11.77045],[107.39336,11.76811],[107.39089,11.7667],[107.39326,11.7654],[107.39742,11.76522],[107.39909,11.76301],[107.40021,11.7593],[107.40192,11.75806],[107.40241,11.75574],[107.41362,11.75252],[107.41327,11.75003],[107.41617,11.74876],[107.41882,11.74987],[107.42229,11.75548],[107.42457,11.75559],[107.42782,11.76025],[107.43227,11.76184],[107.4324,11.7652],[107.43318,11.76581],[107.43599,11.76477],[107.43914,11.76182],[107.44124,11.76191],[107.44857,11.75795],[107.45099,11.75749],[107.45457,11.75732],[107.4628,11.76038],[107.471,11.76803],[107.47507,11.77337],[107.47773,11.77844],[107.47714,11.78451],[107.47765,11.78661],[107.48066,11.79139],[107.48467,11.79434],[107.49447,11.79734],[107.50178,11.79819],[107.5068,11.80392],[107.50952,11.8027],[107.50808,11.79893],[107.50853,11.79822],[107.51082,11.79781],[107.51682,11.79956],[107.52139,11.79884],[107.52492,11.79732],[107.52809,11.7994],[107.53366,11.79672],[107.53656,11.79717],[107.54261,11.79231],[107.54297,11.78986],[107.54436,11.78932],[107.55169,11.79093],[107.55452,11.79337],[107.55628,11.79732],[107.56297,11.8072],[107.57091,11.81333],[107.56901,11.8156],[107.56891,11.82004],[107.56763,11.8224],[107.56885,11.82366],[107.56812,11.82491],[107.56364,11.82498],[107.56302,11.82326],[107.55841,11.82286],[107.55715,11.82086],[107.55691,11.81751],[107.55494,11.81544],[107.55361,11.81553],[107.55345,11.81782],[107.55211,11.81758],[107.55143,11.81853],[107.55039,11.81749],[107.54934,11.82121],[107.55209,11.82392],[107.55253,11.82479],[107.55162,11.82648],[107.55258,11.82691],[107.55203,11.82785],[107.55325,11.82825],[107.55274,11.82945],[107.55189,11.82958],[107.55104,11.83215],[107.55149,11.83526],[107.54948,11.83845],[107.54811,11.83885],[107.54716,11.84104],[107.54457,11.84136],[107.54382,11.84355],[107.5443,11.8443],[107.54042,11.84728],[107.53736,11.8471],[107.5364,11.84629],[107.53523,11.84673],[107.52953,11.85234],[107.52799,11.85288],[107.52737,11.85679],[107.52349,11.85787],[107.52214,11.85909],[107.51909,11.85855],[107.51624,11.86731],[107.51689,11.87211],[107.51267,11.87634],[107.51231,11.87868],[107.51429,11.88105],[107.51425,11.8821],[107.51989,11.88823],[107.52325,11.89528],[107.51993,11.90227],[107.52103,11.91266],[107.51902,11.9181],[107.52058,11.92127],[107.52305,11.9229],[107.52094,11.92423],[107.52095,11.92676],[107.51961,11.92994],[107.51839,11.92992],[107.516,11.93266],[107.51628,11.93523],[107.51769,11.93604],[107.51654,11.94049],[107.51747,11.94187],[107.51725,11.94526],[107.51035,11.94699],[107.50656,11.95177],[107.50175,11.9515],[107.50043,11.95023],[107.49502,11.94966],[107.4912,11.95102],[107.4872,11.95729],[107.48436,11.95848],[107.47848,11.96612],[107.47038,11.97102],[107.46829,11.97154],[107.46711,11.97452],[107.46565,11.97537],[107.46663,11.9757],[107.466,11.97652],[107.46748,11.97766],[107.46974,11.97762],[107.47019,11.98045],[107.46903,11.98231],[107.46952,11.98348],[107.46682,11.98564],[107.46673,11.98937],[107.46086,11.99331],[107.45744,11.99247],[107.45569,11.99284],[107.45334,11.99114],[107.44268,11.99241]]]}},{"type":"Feature","properties":{"id":"24736","name":"Quảng Trực","type":"Xã","area":558.78,"population":11168},"geometry":{"type":"Polygon","coordinates":[[[107.34552,12.3344],[107.34377,12.33392],[107.34178,12.32888],[107.33816,12.32645],[107.3358,12.32701],[107.33334,12.32575],[107.32735,12.32631],[107.32248,12.32462],[107.32128,12.3226],[107.31915,12.32161],[107.31592,12.32205],[107.31527,12.32141],[107.31288,12.32259],[107.31298,12.32885],[107.31136,12.33107],[107.31078,12.33416],[107.3099,12.33449],[107.3089,12.33358],[107.3091,12.33262],[107.30272,12.32823],[107.29916,12.32955],[107.29459,12.32908],[107.28727,12.3264],[107.28629,12.32285],[107.28526,12.32323],[107.28142,12.32206],[107.28004,12.32267],[107.27982,12.32386],[107.27725,12.32355],[107.27466,12.32542],[107.27423,12.32443],[107.27322,12.32427],[107.27116,12.3256],[107.26861,12.32509],[107.26838,12.32357],[107.26696,12.32246],[107.26718,12.32085],[107.26563,12.32104],[107.2647,12.31666],[107.26291,12.316],[107.26219,12.31452],[107.25974,12.31567],[107.2597,12.31348],[107.25864,12.3135],[107.25666,12.31525],[107.25573,12.31288],[107.25342,12.31288],[107.25315,12.31137],[107.25025,12.31159],[107.24987,12.30848],[107.24788,12.30831],[107.24693,12.30652],[107.24329,12.30727],[107.24238,12.30322],[107.2397,12.30408],[107.24028,12.30158],[107.23703,12.30138],[107.23476,12.298],[107.23219,12.29722],[107.23061,12.29573],[107.22944,12.29539],[107.22589,12.29721],[107.22502,12.29549],[107.22391,12.29515],[107.22182,12.29809],[107.22184,12.29534],[107.22107,12.29516],[107.21937,12.29627],[107.22045,12.2988],[107.21928,12.29965],[107.21524,12.29776],[107.21443,12.29892],[107.21177,12.2992],[107.20952,12.29722],[107.20832,12.30007],[107.20711,12.29929],[107.20617,12.29588],[107.22303,12.19351],[107.22917,12.1339],[107.22417,12.12838],[107.22214,12.12798],[107.22223,12.12585],[107.22531,12.12512],[107.22634,12.12397],[107.23014,12.1149],[107.23886,12.11504],[107.24053,12.11367],[107.23674,12.10426],[107.23422,12.10224],[107.23468,12.1011],[107.23379,12.09955],[107.23227,12.09881],[107.23185,12.09602],[107.2334,12.09389],[107.23243,12.09312],[107.23447,12.09152],[107.2347,12.09022],[107.23278,12.08883],[107.23151,12.08897],[107.23094,12.08646],[107.22917,12.08611],[107.2337,12.06108],[107.23197,12.06063],[107.23113,12.05913],[107.23183,12.0577],[107.23093,12.05579],[107.23076,12.05224],[107.23308,12.04956],[107.23259,12.04782],[107.23362,12.04573],[107.23312,12.04478],[107.23402,12.04417],[107.23199,12.04155],[107.23276,12.03955],[107.23088,12.03739],[107.23295,12.03562],[107.23193,12.03441],[107.23237,12.03316],[107.23148,12.03274],[107.23252,12.03225],[107.23128,12.03181],[107.23264,12.03032],[107.23084,12.02857],[107.23156,12.02758],[107.23347,12.02744],[107.23383,12.03009],[107.23676,12.03676],[107.2394,12.03628],[107.23899,12.03406],[107.24038,12.03356],[107.24095,12.03737],[107.24233,12.03903],[107.2456,12.03421],[107.24533,12.03148],[107.24368,12.02989],[107.24275,12.0256],[107.2461,12.02694],[107.24937,12.026],[107.24963,12.02412],[107.25224,12.02085],[107.25646,12.01893],[107.2594,12.01853],[107.26021,12.0186],[107.26109,12.0204],[107.26201,12.0175],[107.26717,12.01692],[107.26788,12.0161],[107.26715,12.01505],[107.2689,12.01335],[107.27074,12.0172],[107.27315,12.0146],[107.27582,12.01316],[107.27693,12.01417],[107.27674,12.01759],[107.27836,12.01771],[107.27993,12.01261],[107.2839,12.0181],[107.28543,12.01668],[107.28983,12.01553],[107.29091,12.01648],[107.28892,12.01879],[107.29188,12.02139],[107.29101,12.01863],[107.29605,12.01568],[107.29471,12.01283],[107.29531,12.0111],[107.29398,12.00943],[107.29692,12.01023],[107.30151,12.00822],[107.30387,12.01047],[107.30627,12.00873],[107.30555,12.00698],[107.30791,12.00566],[107.30992,12.0057],[107.31153,12.00741],[107.31276,12.00725],[107.31367,12.0082],[107.31553,12.00751],[107.31629,12.00918],[107.31518,12.01096],[107.31978,12.01433],[107.32025,12.01541],[107.31953,12.01699],[107.32132,12.01963],[107.32567,12.01847],[107.32644,12.02111],[107.32906,12.02142],[107.32999,12.02367],[107.32917,12.02544],[107.33019,12.02739],[107.32887,12.03038],[107.33129,12.03529],[107.32994,12.03639],[107.33113,12.03747],[107.32978,12.04145],[107.32987,12.04409],[107.33126,12.04534],[107.3342,12.04489],[107.33482,12.04626],[107.33336,12.04687],[107.33343,12.04921],[107.33703,12.04913],[107.33846,12.05358],[107.34255,12.05457],[107.34446,12.0563],[107.34265,12.05823],[107.34491,12.06715],[107.34414,12.06856],[107.34699,12.07072],[107.34477,12.07376],[107.34591,12.07703],[107.34364,12.07812],[107.34557,12.08131],[107.34302,12.08631],[107.34522,12.08767],[107.34757,12.0873],[107.34679,12.08882],[107.34753,12.09202],[107.34605,12.09155],[107.34558,12.09391],[107.34377,12.09429],[107.3443,12.09612],[107.34631,12.09885],[107.34743,12.09883],[107.34836,12.1013],[107.35134,12.10338],[107.35125,12.10486],[107.35425,12.11095],[107.35643,12.11224],[107.35973,12.11229],[107.36085,12.11401],[107.36364,12.1146],[107.36637,12.11713],[107.36949,12.11819],[107.37011,12.12031],[107.36943,12.12047],[107.36957,12.12173],[107.37027,12.12194],[107.37038,12.12077],[107.37197,12.12119],[107.37305,12.12595],[107.37476,12.12656],[107.37405,12.12783],[107.37516,12.1283],[107.37637,12.12758],[107.37742,12.12953],[107.38099,12.13032],[107.38263,12.13839],[107.38121,12.14015],[107.38253,12.14083],[107.38268,12.14226],[107.38429,12.14413],[107.38473,12.14709],[107.38689,12.1481],[107.38938,12.1475],[107.3927,12.14901],[107.39489,12.15231],[107.39806,12.15448],[107.39997,12.15736],[107.40188,12.15858],[107.40365,12.16116],[107.40562,12.16684],[107.40787,12.1695],[107.40944,12.17016],[107.40547,12.17305],[107.40545,12.17695],[107.40443,12.17907],[107.40551,12.18173],[107.40614,12.18147],[107.40694,12.18284],[107.40934,12.18373],[107.4074,12.18988],[107.40949,12.19448],[107.40688,12.20424],[107.4076,12.2081],[107.40883,12.21027],[107.41106,12.21246],[107.41221,12.21503],[107.41502,12.21567],[107.41741,12.22028],[107.41739,12.2217],[107.41511,12.2227],[107.41678,12.22501],[107.41696,12.22785],[107.41479,12.2273],[107.41141,12.22982],[107.41374,12.23685],[107.41646,12.23903],[107.41497,12.2453],[107.41044,12.25028],[107.40354,12.25234],[107.39865,12.25581],[107.39687,12.25604],[107.39889,12.26105],[107.3949,12.26542],[107.39051,12.26767],[107.38699,12.27092],[107.38804,12.27593],[107.38607,12.27892],[107.3886,12.28189],[107.38926,12.28408],[107.38879,12.28547],[107.38403,12.28725],[107.383,12.2887],[107.38296,12.29091],[107.38144,12.29295],[107.38276,12.29375],[107.38346,12.29551],[107.37778,12.29469],[107.37693,12.30238],[107.37511,12.30404],[107.3749,12.30589],[107.3731,12.30682],[107.37055,12.31023],[107.36577,12.31325],[107.36483,12.3172],[107.36217,12.31987],[107.3562,12.32151],[107.35242,12.32489],[107.3524,12.32569],[107.3513,12.32563],[107.35081,12.32682],[107.34949,12.32676],[107.34691,12.33395],[107.34552,12.3344]]]}},{"type":"Feature","properties":{"id":"25051","name":"Sơn Điền","type":"Xã","area":261.88,"population":7310},"geometry":{"type":"Polygon","coordinates":[[[108.00178,11.33328],[108.02966,11.3274],[108.03045,11.32589],[108.03028,11.32312],[108.02865,11.3214],[108.02784,11.31706],[108.02859,11.31182],[108.03217,11.30476],[108.03092,11.30329],[108.03047,11.29819],[108.03124,11.2967],[108.03274,11.29598],[108.03769,11.28252],[108.0389,11.28109],[108.04372,11.27883],[108.0447,11.27583],[108.0435,11.27309],[108.0435,11.26908],[108.04201,11.26548],[108.04247,11.26333],[108.04176,11.26036],[108.04222,11.25916],[108.04703,11.25566],[108.04753,11.25254],[108.04965,11.24947],[108.04992,11.24765],[108.05133,11.24774],[108.05165,11.24642],[108.05304,11.24545],[108.05214,11.24304],[108.05311,11.24039],[108.04653,11.2352],[108.04822,11.23229],[108.04639,11.22465],[108.0484,11.22347],[108.04751,11.22002],[108.04852,11.21964],[108.04732,11.21759],[108.04561,11.21702],[108.04621,11.21536],[108.04883,11.21603],[108.05165,11.21872],[108.05357,11.21809],[108.05775,11.21866],[108.05864,11.22211],[108.05805,11.22704],[108.0557,11.23009],[108.05651,11.23245],[108.05618,11.23815],[108.05799,11.24304],[108.06375,11.24604],[108.06484,11.24765],[108.07627,11.25446],[108.07832,11.25808],[108.08196,11.25998],[108.08184,11.26164],[108.08459,11.2653],[108.08724,11.26662],[108.08792,11.2684],[108.09654,11.26815],[108.09967,11.26624],[108.105,11.26771],[108.10537,11.27019],[108.10708,11.27211],[108.10762,11.27601],[108.11277,11.27774],[108.11137,11.28124],[108.11189,11.2843],[108.11117,11.28577],[108.1153,11.29395],[108.1181,11.29329],[108.11862,11.29135],[108.1201,11.29017],[108.11988,11.28489],[108.12289,11.281],[108.12995,11.29043],[108.13195,11.29149],[108.13376,11.29125],[108.14065,11.29542],[108.15615,11.30118],[108.17033,11.30165],[108.16645,11.30405],[108.16059,11.31123],[108.15896,11.31159],[108.15836,11.31573],[108.15713,11.31729],[108.15727,11.31969],[108.15515,11.32433],[108.15485,11.32706],[108.15688,11.33425],[108.15949,11.33736],[108.1593,11.33929],[108.15537,11.34156],[108.14855,11.34779],[108.14684,11.34656],[108.14361,11.34602],[108.14162,11.34723],[108.13847,11.35136],[108.14012,11.35673],[108.14145,11.35728],[108.14148,11.35891],[108.14284,11.35997],[108.14086,11.36373],[108.13825,11.36611],[108.13819,11.36793],[108.13463,11.37044],[108.12538,11.3713],[108.12345,11.37397],[108.1224,11.3768],[108.12267,11.37965],[108.12432,11.38206],[108.125,11.38662],[108.12649,11.38861],[108.12606,11.38979],[108.12664,11.39058],[108.12543,11.39682],[108.12286,11.40054],[108.11734,11.40333],[108.11441,11.40351],[108.11524,11.40617],[108.11191,11.40731],[108.11252,11.40906],[108.11155,11.41043],[108.10703,11.41312],[108.10528,11.41291],[108.10221,11.41504],[108.09942,11.41463],[108.09684,11.41571],[108.09483,11.41487],[108.09381,11.41312],[108.09045,11.41262],[108.085,11.41377],[108.08356,11.41297],[108.08001,11.41628],[108.07791,11.41508],[108.07449,11.41476],[108.07382,11.41346],[108.07176,11.41366],[108.06898,11.41557],[108.06789,11.41442],[108.06759,11.41247],[108.06569,11.412],[108.06497,11.40958],[108.06158,11.41195],[108.05948,11.41073],[108.05871,11.41269],[108.05614,11.41389],[108.05133,11.42144],[108.04987,11.42279],[108.0483,11.42296],[108.05268,11.43085],[108.05199,11.43325],[108.0461,11.43773],[108.04342,11.4416],[108.04012,11.44386],[108.03725,11.44387],[108.03327,11.44753],[108.02985,11.44685],[108.02234,11.44746],[108.01833,11.44944],[108.01154,11.45651],[108.01132,11.45785],[108.01271,11.45942],[108.0129,11.46256],[108.01149,11.46525],[108.01178,11.46846],[108.00625,11.47199],[108.00323,11.47111],[108.002,11.46723],[108.00055,11.46545],[108.00086,11.4623],[107.99866,11.45815],[107.99736,11.45192],[107.9994,11.44904],[108.00176,11.44956],[108.0053,11.44683],[108.00529,11.44586],[108.00163,11.44297],[108.00296,11.44145],[108.00168,11.4396],[108.00267,11.43822],[108.00669,11.43709],[108.00838,11.43472],[108.00449,11.4324],[108.00448,11.42915],[108.00611,11.42743],[108.00602,11.42473],[108.00904,11.42059],[108.00537,11.41433],[108.00481,11.41125],[108.00075,11.41068],[107.99851,11.40808],[107.99414,11.40574],[107.99312,11.40318],[107.99298,11.39975],[107.99046,11.39537],[107.99,11.39304],[107.98542,11.38892],[107.98276,11.3891],[107.97964,11.38787],[107.9784,11.3848],[107.97982,11.37988],[107.97865,11.37765],[107.97942,11.37398],[107.97885,11.37173],[107.97608,11.3684],[107.97353,11.36725],[107.97209,11.36193],[107.97001,11.36006],[107.97257,11.35472],[107.97184,11.35274],[107.97413,11.35029],[107.97431,11.34819],[107.97712,11.34372],[107.98734,11.3401],[107.99419,11.34101],[107.99535,11.33889],[107.9981,11.33796],[108.00016,11.33598],[108.00162,11.33587],[108.00178,11.33328]]]}},{"type":"Feature","properties":{"id":"23266","name":"Sơn Mỹ","type":"Xã","area":254.52,"population":26599},"geometry":{"type":"Polygon","coordinates":[[[107.54434,10.77248],[107.54423,10.7832],[107.54534,10.78712],[107.53311,10.77874],[107.52534,10.77451],[107.51842,10.77271],[107.50487,10.7714],[107.50182,10.76122],[107.50786,10.75647],[107.50676,10.7544],[107.50667,10.75032],[107.50593,10.74943],[107.50615,10.74592],[107.5121,10.74317],[107.51235,10.74025],[107.51565,10.73805],[107.51573,10.7351],[107.51955,10.73551],[107.52239,10.73353],[107.52203,10.73249],[107.5229,10.73165],[107.52589,10.73161],[107.5264,10.72851],[107.52797,10.72644],[107.52812,10.72392],[107.53112,10.7228],[107.53218,10.72137],[107.53269,10.72215],[107.53505,10.72135],[107.53617,10.71668],[107.53802,10.71592],[107.53735,10.71499],[107.53866,10.71507],[107.53975,10.71288],[107.53923,10.71089],[107.54059,10.71116],[107.53996,10.70983],[107.54202,10.70938],[107.54425,10.70602],[107.54368,10.70246],[107.54465,10.70123],[107.54334,10.70005],[107.54405,10.6993],[107.54338,10.69842],[107.5449,10.69788],[107.54507,10.69596],[107.54625,10.6959],[107.54648,10.69466],[107.54554,10.69386],[107.54584,10.69322],[107.54484,10.69321],[107.54514,10.69231],[107.54423,10.69196],[107.54441,10.69134],[107.54291,10.69043],[107.54383,10.68927],[107.54358,10.68804],[107.54197,10.68785],[107.54268,10.68752],[107.54186,10.68642],[107.54261,10.68543],[107.54204,10.68382],[107.54057,10.6831],[107.54076,10.68156],[107.53988,10.68088],[107.54042,10.67991],[107.53892,10.67879],[107.53831,10.67974],[107.53823,10.67856],[107.53958,10.67717],[107.53893,10.67613],[107.53981,10.67554],[107.53954,10.67447],[107.54054,10.67517],[107.54137,10.67348],[107.54315,10.67344],[107.54457,10.67201],[107.54473,10.67116],[107.54353,10.67142],[107.5449,10.66995],[107.54408,10.66956],[107.5442,10.6669],[107.54514,10.66623],[107.54522,10.66471],[107.54632,10.66472],[107.54527,10.66416],[107.54546,10.66335],[107.54601,10.66293],[107.5469,10.66377],[107.54731,10.66255],[107.54783,10.66305],[107.54889,10.66217],[107.54786,10.66009],[107.54909,10.65968],[107.54972,10.65802],[107.54904,10.65721],[107.55134,10.6537],[107.55059,10.65141],[107.55207,10.64901],[107.55418,10.64773],[107.55375,10.64663],[107.55539,10.64629],[107.55529,10.645],[107.55624,10.64513],[107.55527,10.64415],[107.55552,10.64176],[107.55703,10.64097],[107.55694,10.63912],[107.55804,10.63772],[107.5595,10.63757],[107.56143,10.63332],[107.56248,10.63353],[107.56216,10.63208],[107.56318,10.63013],[107.56225,10.62786],[107.56386,10.62701],[107.56332,10.62576],[107.56453,10.62496],[107.56524,10.62298],[107.56644,10.62308],[107.56626,10.6217],[107.56823,10.61902],[107.5676,10.61585],[107.56344,10.61522],[107.56508,10.61381],[107.56439,10.60831],[107.56593,10.60538],[107.57193,10.6002],[107.57036,10.59277],[107.56772,10.58556],[107.56844,10.58511],[107.56827,10.58231],[107.56964,10.57968],[107.56914,10.57868],[107.57029,10.56808],[107.57787,10.57384],[107.57963,10.57602],[107.58072,10.57572],[107.58006,10.5753],[107.58138,10.57489],[107.58206,10.57363],[107.58348,10.57601],[107.58692,10.5782],[107.60033,10.58546],[107.609,10.5888],[107.62023,10.59456],[107.63215,10.59676],[107.63683,10.59866],[107.63768,10.59944],[107.63711,10.59989],[107.64,10.60005],[107.66337,10.60948],[107.6672,10.61381],[107.67543,10.62068],[107.68393,10.62548],[107.7008,10.63143],[107.71141,10.63251],[107.71129,10.64725],[107.71595,10.65125],[107.71655,10.65585],[107.71476,10.67337],[107.679,10.69688],[107.66324,10.69315],[107.66285,10.69595],[107.66162,10.69608],[107.65552,10.69148],[107.65313,10.69212],[107.65179,10.69162],[107.65114,10.69368],[107.64907,10.69396],[107.64766,10.69523],[107.64858,10.69607],[107.64762,10.69748],[107.64556,10.69892],[107.64508,10.69822],[107.64436,10.69862],[107.64472,10.7014],[107.64406,10.70191],[107.64338,10.70126],[107.64401,10.70275],[107.64338,10.70235],[107.64226,10.70347],[107.64348,10.70756],[107.64485,10.70822],[107.64383,10.71118],[107.64463,10.71516],[107.64115,10.72078],[107.63134,10.72176],[107.62686,10.72048],[107.62614,10.72161],[107.626,10.72065],[107.62448,10.72043],[107.62003,10.72385],[107.61906,10.72321],[107.61885,10.72499],[107.61755,10.72481],[107.61508,10.72678],[107.61198,10.72794],[107.61012,10.73271],[107.60711,10.73697],[107.60742,10.74396],[107.60842,10.74514],[107.60865,10.74787],[107.60231,10.75713],[107.58055,10.74836],[107.57035,10.74863],[107.5445,10.76626],[107.54434,10.77248]]]}},{"type":"Feature","properties":{"id":"23023","name":"Sông Lũy","type":"Xã","area":253.33,"population":21243},"geometry":{"type":"Polygon","coordinates":[[[108.22335,11.32638],[108.22196,11.32733],[108.22106,11.33827],[108.22015,11.33666],[108.22025,11.33425],[108.20939,11.32832],[108.19721,11.32289],[108.19669,11.31837],[108.19415,11.31461],[108.19263,11.31438],[108.19091,11.31172],[108.18907,11.31074],[108.18751,11.3077],[108.18257,11.30485],[108.1737,11.30337],[108.17033,11.30165],[108.15615,11.30118],[108.14065,11.29542],[108.13376,11.29125],[108.13195,11.29149],[108.12995,11.29043],[108.12289,11.281],[108.11988,11.28489],[108.1201,11.29017],[108.11862,11.29135],[108.1181,11.29329],[108.1153,11.29395],[108.11117,11.28577],[108.11189,11.2843],[108.11137,11.28124],[108.11282,11.27789],[108.10762,11.27601],[108.10708,11.27211],[108.10489,11.26884],[108.10581,11.26644],[108.10877,11.26663],[108.12678,11.2579],[108.1596,11.24387],[108.16312,11.24169],[108.167,11.24117],[108.17208,11.23501],[108.18514,11.22349],[108.18676,11.21681],[108.19165,11.20687],[108.19132,11.20553],[108.1931,11.20385],[108.19244,11.20206],[108.22067,11.19701],[108.25529,11.18642],[108.25702,11.18462],[108.26349,11.18441],[108.26486,11.18232],[108.26745,11.18066],[108.26774,11.17875],[108.28117,11.16715],[108.30065,11.15524],[108.30697,11.14361],[108.29871,11.13646],[108.33203,11.12381],[108.34457,11.13413],[108.33297,11.17059],[108.35133,11.19168],[108.34978,11.19263],[108.34979,11.19658],[108.34768,11.19658],[108.34865,11.20509],[108.34689,11.22574],[108.32721,11.22799],[108.32439,11.22549],[108.32294,11.21704],[108.31749,11.21809],[108.31331,11.22454],[108.31331,11.22646],[108.31489,11.22878],[108.3149,11.23018],[108.30952,11.23529],[108.30563,11.23561],[108.30569,11.23885],[108.30176,11.24042],[108.30155,11.2444],[108.30248,11.24892],[108.29924,11.2492],[108.29821,11.25499],[108.29272,11.25871],[108.29205,11.26068],[108.29343,11.26203],[108.2897,11.26248],[108.28861,11.26627],[108.28947,11.26672],[108.2888,11.26763],[108.28724,11.26769],[108.28742,11.26892],[108.2851,11.2697],[108.28371,11.26892],[108.28362,11.2705],[108.28013,11.27013],[108.27912,11.27339],[108.27819,11.27268],[108.27786,11.27519],[108.27402,11.27473],[108.27232,11.27649],[108.27231,11.27791],[108.27126,11.27897],[108.27262,11.27959],[108.2734,11.2821],[108.27267,11.28231],[108.27178,11.28615],[108.26831,11.28915],[108.26813,11.29126],[108.26553,11.2939],[108.26311,11.29877],[108.25461,11.29474],[108.25178,11.29213],[108.25026,11.29218],[108.25098,11.29403],[108.25074,11.2982],[108.24451,11.3049],[108.24404,11.30769],[108.24188,11.30842],[108.23829,11.30826],[108.2381,11.31035],[108.23508,11.31427],[108.23427,11.31688],[108.23256,11.31807],[108.23055,11.31764],[108.22921,11.32058],[108.22705,11.32191],[108.22542,11.32599],[108.22335,11.32638]]]}},{"type":"Feature","properties":{"id":"23188","name":"Suối Kiết","type":"Xã","area":378.61,"population":16656},"geometry":{"type":"Polygon","coordinates":[[[107.6179,11.11683],[107.61553,11.11849],[107.61308,11.11788],[107.61246,11.11607],[107.6132,11.11407],[107.61195,11.11255],[107.6105,11.10632],[107.60829,11.10477],[107.60899,11.10458],[107.60757,11.10349],[107.60617,11.09856],[107.60434,11.0978],[107.60479,11.09517],[107.60412,11.09534],[107.60253,11.09278],[107.59853,11.09128],[107.59561,11.09145],[107.59292,11.08968],[107.59308,11.08904],[107.59029,11.08881],[107.58823,11.08718],[107.58814,11.08626],[107.58371,11.0845],[107.58332,11.08265],[107.5808,11.08117],[107.581,11.07872],[107.58376,11.07548],[107.58371,11.07273],[107.58016,11.066],[107.58161,11.06255],[107.5799,11.06016],[107.57771,11.06003],[107.57561,11.05489],[107.57329,11.05421],[107.57248,11.05008],[107.57326,11.04862],[107.57257,11.04642],[107.57327,11.0447],[107.57248,11.04241],[107.57071,11.04065],[107.57097,11.03615],[107.56644,11.03428],[107.55118,11.02457],[107.54922,11.02071],[107.54615,11.0204],[107.54235,11.0175],[107.53451,11.01575],[107.53235,11.01619],[107.52951,11.01811],[107.52668,11.01588],[107.52299,11.01471],[107.52156,11.01515],[107.51324,11.01384],[107.51343,11.01307],[107.51282,11.01331],[107.51197,11.01138],[107.50992,11.01081],[107.50894,11.01177],[107.50782,11.01058],[107.50836,11.00968],[107.5078,11.00886],[107.5087,11.00905],[107.5089,11.00748],[107.50969,11.00805],[107.50927,11.00686],[107.51008,11.00729],[107.51069,11.00623],[107.51018,11.0055],[107.51144,11.00551],[107.51365,11.00392],[107.51254,11.00354],[107.51323,11.00269],[107.51406,11.00241],[107.51373,11.00302],[107.51482,11.00349],[107.51458,11.00269],[107.51736,11.00157],[107.51804,10.99989],[107.51921,11.00193],[107.52111,10.99922],[107.52309,10.99875],[107.52242,10.99755],[107.52322,10.99757],[107.52335,10.99575],[107.52422,10.99532],[107.52649,10.99624],[107.52732,10.99506],[107.52801,10.99538],[107.52955,10.99369],[107.53018,10.99392],[107.52992,10.99328],[107.53087,10.99326],[107.52988,10.99269],[107.53052,10.99273],[107.53023,10.99181],[107.53143,10.99183],[107.53098,10.99127],[107.53295,10.98924],[107.53252,10.98872],[107.53361,10.98873],[107.53302,10.98785],[107.53379,10.9881],[107.53404,10.98701],[107.53454,10.98767],[107.53496,10.98664],[107.53526,10.98524],[107.53443,10.98471],[107.53504,10.98391],[107.53393,10.98348],[107.53634,10.9814],[107.53589,10.97993],[107.5368,10.97957],[107.53621,10.97821],[107.53931,10.97738],[107.54172,10.97886],[107.5425,10.97819],[107.5603,10.93704],[107.56091,10.90822],[107.58238,10.90777],[107.65363,10.91578],[107.71994,10.91814],[107.79223,10.91331],[107.81008,10.92105],[107.86577,10.92052],[107.86484,10.92249],[107.86685,10.92242],[107.86731,10.92353],[107.86929,10.9235],[107.87114,10.92501],[107.87118,10.92585],[107.85739,10.93219],[107.8488,10.93854],[107.84838,10.94374],[107.83683,10.94341],[107.83271,10.97394],[107.8001,10.97916],[107.74942,10.98037],[107.71989,10.97996],[107.69501,10.9851],[107.67184,11.00951],[107.64848,11.04438],[107.64537,11.04531],[107.64539,11.04668],[107.6446,11.04698],[107.64527,11.04736],[107.64458,11.04855],[107.6441,11.04827],[107.64444,11.04906],[107.64371,11.04866],[107.64176,11.05141],[107.64119,11.05111],[107.64071,11.05333],[107.64203,11.05571],[107.63989,11.0566],[107.64008,11.05743],[107.63898,11.05804],[107.63914,11.06011],[107.64038,11.06112],[107.64042,11.06575],[107.63726,11.06598],[107.63601,11.06739],[107.63234,11.06833],[107.63176,11.06967],[107.62836,11.07016],[107.62785,11.07183],[107.63025,11.07538],[107.62899,11.07868],[107.62929,11.08002],[107.62773,11.08223],[107.62681,11.08228],[107.62587,11.08626],[107.62415,11.08793],[107.62507,11.0906],[107.62422,11.09257],[107.62389,11.09896],[107.62332,11.09908],[107.62562,11.10341],[107.62493,11.10714],[107.62379,11.10905],[107.62126,11.10889],[107.62112,11.11508],[107.61979,11.11733],[107.6179,11.11683]]]}},{"type":"Feature","properties":{"id":"24637","name":"Tà Đùng","type":"Xã","area":531.33,"population":22703},"geometry":{"type":"Polygon","coordinates":[[[107.90129,12.10206],[107.89969,12.10208],[107.89992,12.09906],[107.89671,12.09675],[107.8968,12.09559],[107.89837,12.09469],[107.89915,12.09314],[107.89766,12.08938],[107.89849,12.08527],[107.89737,12.08323],[107.89929,12.07831],[107.89561,12.07456],[107.89462,12.0753],[107.8927,12.07452],[107.89448,12.07266],[107.89303,12.07289],[107.89289,12.07093],[107.8915,12.07128],[107.89183,12.06933],[107.89061,12.06952],[107.88672,12.06759],[107.88606,12.07005],[107.88505,12.06871],[107.88423,12.06991],[107.88362,12.06797],[107.88248,12.06923],[107.88083,12.06912],[107.88038,12.06742],[107.87873,12.06747],[107.87829,12.06611],[107.87678,12.06541],[107.87629,12.06693],[107.87397,12.06553],[107.87094,12.06687],[107.87159,12.06574],[107.87052,12.0648],[107.86667,12.0642],[107.86459,12.0617],[107.86512,12.05964],[107.86659,12.05807],[107.86515,12.05751],[107.86527,12.05677],[107.85855,12.05439],[107.8547,12.05579],[107.8525,12.05263],[107.84897,12.05112],[107.84839,12.04998],[107.84715,12.05013],[107.84652,12.04877],[107.84723,12.04742],[107.84683,12.04389],[107.84573,12.04216],[107.84958,12.0398],[107.85023,12.03825],[107.85302,12.03768],[107.85433,12.03841],[107.85622,12.03722],[107.856,12.03455],[107.85284,12.03087],[107.85623,12.02973],[107.85643,12.02804],[107.86051,12.02499],[107.86158,12.02081],[107.8595,12.01797],[107.86038,12.01389],[107.85831,12.01259],[107.8578,12.01129],[107.85635,12.01096],[107.8578,12.00885],[107.8587,12.00848],[107.85824,12.00972],[107.85895,12.00992],[107.86048,12.00803],[107.86285,12.0078],[107.8625,12.00708],[107.86391,12.00629],[107.86458,12.00671],[107.86425,12.00775],[107.86521,12.00758],[107.86495,12.00651],[107.86659,12.00412],[107.86762,12.00431],[107.86738,12.00243],[107.86873,12.00142],[107.86833,12.00041],[107.86702,12.00013],[107.86832,11.9995],[107.86852,11.99742],[107.86899,11.99836],[107.87248,11.99462],[107.87645,11.99405],[107.88025,11.99141],[107.88018,11.99032],[107.88222,11.98762],[107.88436,11.98769],[107.88718,11.98534],[107.88774,11.9866],[107.8897,11.98397],[107.89169,11.9836],[107.89212,11.98236],[107.89582,11.97978],[107.89678,11.97818],[107.89602,11.97738],[107.89713,11.97558],[107.89634,11.97479],[107.8965,11.97337],[107.89537,11.97292],[107.89608,11.97043],[107.90172,11.9693],[107.90424,11.97223],[107.90619,11.9709],[107.90725,11.97273],[107.90855,11.97237],[107.91115,11.97393],[107.91514,11.97437],[107.91801,11.9764],[107.92032,11.97597],[107.92137,11.97547],[107.92103,11.974],[107.92252,11.97425],[107.92332,11.97284],[107.9237,11.97153],[107.92079,11.97142],[107.9252,11.9677],[107.92488,11.96585],[107.92622,11.96568],[107.92725,11.96361],[107.92797,11.96538],[107.92906,11.9652],[107.93166,11.96141],[107.93164,11.96033],[107.9329,11.96023],[107.93267,11.95923],[107.93169,11.95978],[107.93057,11.95894],[107.9306,11.95752],[107.92892,11.95728],[107.92841,11.95787],[107.92718,11.95688],[107.92791,11.95554],[107.92695,11.95427],[107.92469,11.95423],[107.92486,11.95323],[107.92401,11.95183],[107.92343,11.95204],[107.9235,11.94923],[107.92164,11.9493],[107.9222,11.94847],[107.92053,11.94715],[107.92112,11.94593],[107.9202,11.94598],[107.91975,11.94409],[107.91938,11.94495],[107.91871,11.94468],[107.91899,11.94324],[107.9179,11.94174],[107.91644,11.94211],[107.91554,11.9397],[107.91363,11.94011],[107.91368,11.93862],[107.91254,11.9381],[107.91285,11.93729],[107.90964,11.93668],[107.90978,11.93451],[107.9086,11.93453],[107.90854,11.93355],[107.90714,11.93271],[107.90769,11.93144],[107.90612,11.92976],[107.90579,11.92771],[107.90462,11.92864],[107.90405,11.92701],[107.90233,11.92637],[107.90241,11.92493],[107.90774,11.9197],[107.90591,11.91854],[107.90662,11.91476],[107.90521,11.91045],[107.90633,11.90882],[107.90933,11.90731],[107.90959,11.90535],[107.90852,11.90416],[107.90771,11.90527],[107.90452,11.90132],[107.90258,11.89714],[107.89702,11.89489],[107.89464,11.89561],[107.89461,11.89663],[107.89332,11.89642],[107.89284,11.89773],[107.89214,11.89608],[107.89381,11.89408],[107.89435,11.88913],[107.8916,11.88628],[107.89163,11.88496],[107.89409,11.88082],[107.89365,11.87178],[107.89261,11.871],[107.8978,11.86616],[107.90094,11.84957],[107.8914,11.84109],[107.88979,11.83119],[107.89321,11.81647],[107.89913,11.80794],[107.91985,11.79726],[107.94587,11.82276],[107.95923,11.81516],[107.97056,11.79677],[107.97343,11.79521],[107.97393,11.79061],[107.97581,11.7899],[107.97778,11.79024],[107.98058,11.79284],[107.98199,11.79615],[107.98544,11.80012],[107.99685,11.8014],[108.00069,11.8053],[108.00431,11.80689],[108.00955,11.80719],[108.01461,11.80578],[108.01709,11.80596],[108.02011,11.80975],[108.02043,11.81256],[108.02269,11.81083],[108.02183,11.8133],[108.02206,11.81641],[108.04498,11.82992],[108.06228,11.83709],[108.06441,11.83636],[108.06716,11.83393],[108.07149,11.83922],[108.07417,11.84478],[108.07573,11.84538],[108.07749,11.84796],[108.07781,11.85009],[108.08042,11.85204],[108.08002,11.85291],[108.08101,11.85298],[108.08191,11.85522],[108.08351,11.85591],[108.08381,11.85785],[108.08488,11.85813],[108.08486,11.85905],[108.0909,11.86757],[108.09743,11.87195],[108.10248,11.88025],[108.10344,11.88409],[108.10496,11.88486],[108.10366,11.88502],[108.10368,11.88608],[108.10443,11.88732],[108.10499,11.88677],[108.10518,11.88875],[108.10578,11.88812],[108.10582,11.88895],[108.10674,11.88878],[108.10677,11.88987],[108.10817,11.89059],[108.11124,11.89942],[108.10239,11.903],[108.09048,11.90515],[108.08854,11.90975],[108.08976,11.9108],[108.08949,11.91237],[108.08784,11.91303],[108.0846,11.91122],[108.08387,11.91714],[108.0847,11.91866],[108.08303,11.92106],[108.08362,11.92311],[108.08221,11.92475],[108.08067,11.92465],[108.08128,11.92687],[108.08244,11.92735],[108.08287,11.92957],[108.08036,11.93058],[108.08038,11.93178],[108.07862,11.93175],[108.07855,11.93064],[108.0767,11.93239],[108.07768,11.93266],[108.07726,11.93348],[108.07803,11.93462],[108.07658,11.93595],[108.07573,11.93541],[108.07472,11.93725],[108.0749,11.93906],[108.07307,11.93889],[108.07398,11.94137],[108.07313,11.94157],[108.07317,11.94316],[108.07196,11.94248],[108.07023,11.94526],[108.06815,11.94592],[108.06875,11.94837],[108.06506,11.94882],[108.06508,11.94711],[108.06387,11.94668],[108.06252,11.94352],[108.06095,11.9441],[108.06017,11.9432],[108.05806,11.94717],[108.05703,11.94631],[108.05391,11.94613],[108.05282,11.94509],[108.05216,11.94679],[108.05275,11.94779],[108.0507,11.94624],[108.04974,11.94683],[108.05153,11.94871],[108.05086,11.94962],[108.04558,11.95029],[108.04663,11.9513],[108.04898,11.95168],[108.04708,11.95417],[108.04899,11.95443],[108.0492,11.95827],[108.04803,11.95937],[108.04964,11.96255],[108.0469,11.96398],[108.04729,11.96526],[108.04622,11.96678],[108.04741,11.96973],[108.0456,11.9747],[108.04564,11.97683],[108.04422,11.97833],[108.04116,11.97959],[108.04014,11.98414],[108.03234,11.98663],[108.03135,11.98983],[108.0302,11.99075],[108.02761,11.99003],[108.02711,11.99141],[108.02807,11.99404],[108.02637,11.99782],[108.02702,11.99865],[108.02383,12.0006],[108.02292,12.00232],[108.02375,12.00319],[108.02328,12.00492],[108.02438,12.00651],[108.02229,12.01106],[108.02443,12.01412],[108.0219,12.01399],[108.02118,12.01761],[108.01811,12.01884],[108.01813,12.02068],[108.01692,12.02237],[108.01038,12.02338],[108.00765,12.02242],[108.00643,12.02481],[108.00716,12.02864],[108.00932,12.03199],[108.01191,12.03146],[108.00901,12.03398],[108.00966,12.03496],[108.01153,12.03545],[108.00997,12.03651],[108.00947,12.038],[108.01002,12.03915],[108.00859,12.03962],[108.00842,12.04051],[108.00918,12.04188],[108.01219,12.03969],[108.01282,12.04021],[108.01269,12.04192],[108.01149,12.04332],[108.01227,12.04476],[108.00927,12.04628],[108.00974,12.04911],[108.01192,12.04889],[108.01112,12.05227],[108.00922,12.05075],[108.009,12.05293],[108.00761,12.05279],[108.00654,12.05058],[108.00607,12.05255],[108.0023,12.04941],[107.99958,12.04904],[107.99906,12.05085],[107.99732,12.04939],[107.99633,12.05083],[107.99466,12.05131],[107.99468,12.05331],[107.99159,12.05248],[107.99124,12.05106],[107.99005,12.05222],[107.99066,12.05471],[107.98565,12.05573],[107.98431,12.05459],[107.9813,12.05538],[107.98107,12.0537],[107.97959,12.0541],[107.97899,12.0527],[107.97695,12.05451],[107.97658,12.05589],[107.9751,12.05437],[107.97499,12.05592],[107.9729,12.05581],[107.97362,12.05888],[107.97213,12.0589],[107.96875,12.06196],[107.96837,12.06329],[107.96572,12.06294],[107.96417,12.06181],[107.96342,12.06592],[107.96242,12.06734],[107.96683,12.07161],[107.96899,12.07265],[107.96961,12.0749],[107.97456,12.0751],[107.97248,12.07661],[107.97159,12.07969],[107.97615,12.0788],[107.97783,12.07998],[107.97707,12.08183],[107.97588,12.08125],[107.97635,12.08303],[107.9709,12.08458],[107.96925,12.08713],[107.96718,12.08715],[107.96414,12.08979],[107.96435,12.09194],[107.96169,12.09527],[107.96131,12.09401],[107.95988,12.09391],[107.95858,12.09479],[107.95725,12.09445],[107.95627,12.09605],[107.95351,12.09566],[107.95383,12.09729],[107.95136,12.09775],[107.94973,12.09945],[107.94775,12.0982],[107.94692,12.0966],[107.945,12.09708],[107.94209,12.09497],[107.94048,12.0923],[107.93943,12.08802],[107.93671,12.08738],[107.93523,12.08526],[107.93272,12.08399],[107.92744,12.08781],[107.92739,12.08975],[107.92536,12.09228],[107.91851,12.09728],[107.91083,12.10001],[107.90946,12.09796],[107.9047,12.09782],[107.90378,12.10119],[107.90129,12.10206]]]}},{"type":"Feature","properties":{"id":"24991","name":"Tà Hine","type":"Xã","area":128.69,"population":23027},"geometry":{"type":"Polygon","coordinates":[[[108.3688,11.62578],[108.36403,11.62586],[108.36032,11.62264],[108.35942,11.62296],[108.35809,11.62197],[108.35778,11.61933],[108.35606,11.61665],[108.3512,11.61386],[108.33718,11.61512],[108.33024,11.61353],[108.32739,11.61444],[108.32226,11.60778],[108.32016,11.60337],[108.31731,11.60345],[108.30878,11.60729],[108.30661,11.60658],[108.30473,11.60088],[108.30604,11.59772],[108.30511,11.59388],[108.30636,11.59149],[108.30775,11.59091],[108.30754,11.58917],[108.30599,11.58754],[108.308,11.58811],[108.30855,11.58745],[108.30758,11.58404],[108.30686,11.58377],[108.30775,11.58242],[108.30662,11.58235],[108.30717,11.58155],[108.30581,11.58048],[108.30633,11.57919],[108.3052,11.57916],[108.30485,11.57722],[108.30538,11.57642],[108.3069,11.57628],[108.30594,11.57539],[108.30618,11.57326],[108.30486,11.57272],[108.30449,11.57155],[108.30655,11.57126],[108.30569,11.57031],[108.30617,11.56956],[108.30526,11.56935],[108.30545,11.56826],[108.30468,11.56836],[108.30419,11.56693],[108.30286,11.56691],[108.30218,11.56574],[108.30382,11.56569],[108.30489,11.56374],[108.30456,11.56305],[108.30553,11.56245],[108.30449,11.56196],[108.30646,11.55906],[108.30539,11.55898],[108.30582,11.5574],[108.30454,11.55645],[108.30605,11.55413],[108.30568,11.55337],[108.30476,11.55379],[108.30493,11.55172],[108.30687,11.54858],[108.3053,11.54707],[108.30643,11.54409],[108.3051,11.54356],[108.30535,11.54226],[108.30467,11.5421],[108.30484,11.54103],[108.30638,11.54047],[108.30796,11.53462],[108.30629,11.53368],[108.30654,11.5325],[108.30584,11.53282],[108.30489,11.52973],[108.30098,11.52888],[108.3015,11.52572],[108.30358,11.52192],[108.30361,11.5193],[108.30486,11.52207],[108.30748,11.52405],[108.31263,11.52509],[108.32019,11.53054],[108.32398,11.53132],[108.32566,11.53066],[108.3255,11.52791],[108.32761,11.52375],[108.3293,11.52252],[108.33214,11.52316],[108.33326,11.52225],[108.33507,11.52476],[108.33732,11.52447],[108.3385,11.526],[108.34045,11.52526],[108.34025,11.5272],[108.34167,11.52754],[108.34254,11.52952],[108.34528,11.5224],[108.34659,11.52087],[108.34956,11.52103],[108.35026,11.52019],[108.34928,11.50854],[108.35116,11.50549],[108.35537,11.50557],[108.35721,11.50717],[108.3575,11.5085],[108.36402,11.50525],[108.36988,11.50865],[108.37392,11.50899],[108.37583,11.51693],[108.38246,11.52544],[108.38873,11.52518],[108.39236,11.52106],[108.39195,11.52069],[108.39603,11.51794],[108.40352,11.52152],[108.40776,11.5213],[108.41144,11.52622],[108.41472,11.52718],[108.4135,11.529],[108.41399,11.5302],[108.41311,11.53691],[108.41602,11.5386],[108.41331,11.54074],[108.41446,11.54383],[108.41269,11.54488],[108.41185,11.54727],[108.41403,11.55058],[108.41248,11.55376],[108.41319,11.55376],[108.41282,11.55513],[108.41496,11.5565],[108.41583,11.55556],[108.41712,11.55592],[108.41858,11.55787],[108.41814,11.56129],[108.4221,11.56296],[108.42318,11.56558],[108.42293,11.56702],[108.42455,11.56667],[108.42541,11.56949],[108.42755,11.56903],[108.42879,11.57055],[108.42669,11.57593],[108.42158,11.57794],[108.42165,11.57969],[108.4207,11.58111],[108.42337,11.58268],[108.4238,11.58465],[108.42639,11.58766],[108.42683,11.58928],[108.42903,11.59053],[108.42879,11.59277],[108.42448,11.59395],[108.42369,11.59584],[108.42496,11.60642],[108.42257,11.60864],[108.42239,11.61016],[108.41897,11.6103],[108.41641,11.61301],[108.41476,11.61319],[108.41266,11.61209],[108.41014,11.61218],[108.40205,11.60999],[108.40066,11.6118],[108.39924,11.61207],[108.39912,11.61356],[108.39734,11.61319],[108.39538,11.61575],[108.39445,11.61478],[108.394,11.61558],[108.39253,11.6152],[108.39218,11.6159],[108.39084,11.61476],[108.38602,11.61501],[108.38525,11.6136],[108.38375,11.61379],[108.38281,11.61193],[108.37985,11.61099],[108.37807,11.61235],[108.37594,11.61235],[108.37265,11.62023],[108.37164,11.62111],[108.3721,11.62299],[108.37034,11.62273],[108.3688,11.62578]]]}},{"type":"Feature","properties":{"id":"24988","name":"Tà Năng","type":"Xã","area":258.33,"population":13077},"geometry":{"type":"Polygon","coordinates":[[[108.54533,11.68053],[108.54342,11.68278],[108.54291,11.68037],[108.53787,11.68073],[108.53563,11.67939],[108.53369,11.67927],[108.53294,11.67859],[108.53283,11.67659],[108.53086,11.67488],[108.52797,11.67438],[108.52607,11.67507],[108.52078,11.67207],[108.51862,11.67282],[108.51753,11.67223],[108.50926,11.67317],[108.507,11.66794],[108.50502,11.66715],[108.50378,11.66529],[108.50115,11.66451],[108.49981,11.66281],[108.49485,11.66105],[108.49395,11.65806],[108.49025,11.65731],[108.48754,11.65566],[108.48483,11.65185],[108.47771,11.65289],[108.47631,11.65424],[108.4682,11.65708],[108.46581,11.65706],[108.46062,11.65981],[108.45889,11.65971],[108.45754,11.65759],[108.45672,11.65972],[108.45462,11.65953],[108.45233,11.66131],[108.44852,11.66217],[108.44653,11.66154],[108.44273,11.6621],[108.44101,11.66065],[108.43682,11.66047],[108.42987,11.65822],[108.42927,11.65724],[108.42862,11.65829],[108.42533,11.65891],[108.42364,11.65719],[108.42316,11.65193],[108.4236,11.64973],[108.42552,11.64901],[108.42659,11.64505],[108.42591,11.64428],[108.42698,11.6387],[108.42756,11.63874],[108.42759,11.63407],[108.42519,11.63626],[108.42321,11.63682],[108.41561,11.63287],[108.41301,11.63297],[108.40828,11.6284],[108.40694,11.62884],[108.40298,11.62787],[108.39926,11.6253],[108.398,11.62177],[108.39655,11.62153],[108.39662,11.61846],[108.39538,11.61575],[108.39734,11.61319],[108.39912,11.61356],[108.39924,11.61207],[108.40066,11.6118],[108.40205,11.60999],[108.41552,11.61324],[108.41762,11.6122],[108.41897,11.6103],[108.42239,11.61016],[108.42257,11.60864],[108.42499,11.6063],[108.42369,11.59647],[108.42422,11.59415],[108.42908,11.59233],[108.42889,11.58992],[108.42683,11.58928],[108.42639,11.58766],[108.4238,11.58465],[108.42337,11.58268],[108.4207,11.58122],[108.42165,11.57969],[108.42158,11.57794],[108.42698,11.57555],[108.42879,11.57055],[108.42755,11.56903],[108.42541,11.56949],[108.42455,11.56667],[108.42293,11.56702],[108.42318,11.56558],[108.4221,11.56296],[108.41814,11.56129],[108.41858,11.55787],[108.41712,11.55592],[108.41583,11.55556],[108.41496,11.5565],[108.41297,11.55537],[108.41319,11.55376],[108.41248,11.55376],[108.41403,11.55058],[108.41186,11.5474],[108.41262,11.54497],[108.41446,11.54383],[108.41323,11.54091],[108.41602,11.5386],[108.41311,11.53691],[108.41399,11.5302],[108.4135,11.529],[108.41585,11.52639],[108.42315,11.52339],[108.42483,11.51672],[108.43046,11.51384],[108.43322,11.51376],[108.43656,11.51594],[108.44566,11.51798],[108.45074,11.51679],[108.45285,11.5182],[108.45381,11.51726],[108.4546,11.5185],[108.45658,11.51841],[108.45838,11.51626],[108.46015,11.51796],[108.46308,11.51792],[108.46325,11.51708],[108.46546,11.51664],[108.46882,11.51827],[108.47129,11.52309],[108.47412,11.52492],[108.47552,11.52434],[108.48174,11.52547],[108.48367,11.52408],[108.48715,11.52802],[108.49178,11.52908],[108.49323,11.53025],[108.4951,11.53017],[108.499,11.52567],[108.50379,11.52611],[108.5061,11.52533],[108.51157,11.52082],[108.5151,11.51862],[108.5167,11.51871],[108.51711,11.51495],[108.5192,11.5135],[108.52029,11.51312],[108.52269,11.51432],[108.52538,11.51375],[108.52444,11.51042],[108.52545,11.50895],[108.52929,11.50728],[108.54202,11.50617],[108.54399,11.50791],[108.54381,11.51072],[108.54514,11.51208],[108.54697,11.51215],[108.54882,11.51064],[108.55113,11.51322],[108.55395,11.51352],[108.55703,11.51571],[108.55783,11.51837],[108.55923,11.5188],[108.56113,11.52612],[108.56192,11.52695],[108.56312,11.52668],[108.56527,11.52962],[108.56613,11.53789],[108.57092,11.53938],[108.56973,11.5428],[108.57142,11.54401],[108.57188,11.54561],[108.57472,11.54654],[108.57284,11.54875],[108.5722,11.5517],[108.57738,11.55493],[108.58241,11.55591],[108.58259,11.55918],[108.57705,11.56619],[108.57617,11.57011],[108.5743,11.57277],[108.57184,11.57925],[108.56661,11.58138],[108.55158,11.60105],[108.55348,11.60611],[108.55174,11.61125],[108.55395,11.61892],[108.55367,11.6198],[108.55249,11.6201],[108.55363,11.62341],[108.55313,11.63206],[108.5539,11.63303],[108.55668,11.63338],[108.55969,11.63571],[108.56042,11.64059],[108.56551,11.64532],[108.56513,11.6478],[108.56738,11.64974],[108.56742,11.65388],[108.56573,11.65834],[108.56469,11.65895],[108.56498,11.66017],[108.5624,11.66197],[108.56263,11.66772],[108.56015,11.66913],[108.55848,11.67136],[108.55997,11.67679],[108.55614,11.67629],[108.55449,11.67716],[108.55301,11.67617],[108.55073,11.67677],[108.54663,11.67605],[108.54583,11.67689],[108.54533,11.68053]]]}},{"type":"Feature","properties":{"id":"24916","name":"Tân Hà Lâm Hà","type":"Xã","area":168.34,"population":38996},"geometry":{"type":"Polygon","coordinates":[[[108.13873,11.79395],[108.13599,11.79466],[108.1337,11.79398],[108.12889,11.79435],[108.12583,11.79313],[108.12213,11.79049],[108.12068,11.78331],[108.1191,11.7838],[108.11834,11.7829],[108.1161,11.78253],[108.11437,11.78367],[108.11501,11.78171],[108.11332,11.78234],[108.11397,11.78112],[108.11727,11.77985],[108.11858,11.77814],[108.1218,11.77625],[108.1255,11.77537],[108.13105,11.7762],[108.13831,11.77178],[108.13707,11.76885],[108.1349,11.76723],[108.13351,11.76493],[108.13492,11.76204],[108.13863,11.76154],[108.13836,11.75851],[108.14001,11.75731],[108.14048,11.75415],[108.13853,11.75252],[108.13623,11.75278],[108.13423,11.75099],[108.12853,11.75064],[108.12913,11.74873],[108.12837,11.74744],[108.12721,11.74758],[108.12456,11.74599],[108.12297,11.74348],[108.11823,11.7419],[108.11574,11.73966],[108.11409,11.73946],[108.11049,11.73551],[108.1092,11.73245],[108.10708,11.73114],[108.1043,11.73073],[108.10416,11.72937],[108.10219,11.72905],[108.10174,11.7274],[108.10042,11.72768],[108.09762,11.72329],[108.09742,11.72069],[108.09848,11.72056],[108.09838,11.71942],[108.09965,11.71919],[108.0984,11.71872],[108.09775,11.71732],[108.09793,11.71334],[108.09631,11.71212],[108.09262,11.71195],[108.0839,11.70862],[108.07769,11.70392],[108.08307,11.69503],[108.08411,11.69199],[108.08499,11.68396],[108.08651,11.6811],[108.09735,11.67289],[108.10443,11.66576],[108.10715,11.6618],[108.10966,11.66042],[108.11242,11.66081],[108.11658,11.66368],[108.11864,11.66392],[108.12149,11.66304],[108.12727,11.66595],[108.13061,11.66538],[108.13714,11.66726],[108.14269,11.66543],[108.14915,11.66137],[108.15284,11.65699],[108.15298,11.65538],[108.15172,11.65222],[108.15276,11.65151],[108.16072,11.65138],[108.16438,11.64979],[108.16896,11.65096],[108.17549,11.65729],[108.17712,11.6579],[108.17837,11.65695],[108.17918,11.65742],[108.1813,11.66267],[108.19077,11.66331],[108.19214,11.66407],[108.1941,11.66804],[108.19669,11.66975],[108.20183,11.66875],[108.20525,11.664],[108.21628,11.66104],[108.22057,11.65767],[108.22259,11.65773],[108.22678,11.66098],[108.23177,11.65946],[108.23327,11.66242],[108.23231,11.66532],[108.23354,11.66659],[108.2344,11.67103],[108.23194,11.6783],[108.2327,11.68341],[108.2344,11.68618],[108.2396,11.68885],[108.24395,11.6959],[108.24361,11.69816],[108.24199,11.70079],[108.24203,11.70416],[108.23928,11.70374],[108.236,11.70659],[108.23482,11.70962],[108.2326,11.70955],[108.23143,11.71071],[108.23246,11.71189],[108.23555,11.71267],[108.23283,11.71634],[108.23325,11.7175],[108.23263,11.71821],[108.23457,11.72421],[108.23294,11.72712],[108.2342,11.72681],[108.23588,11.72758],[108.23532,11.72935],[108.23671,11.72898],[108.23659,11.72955],[108.23233,11.73164],[108.23088,11.73635],[108.22826,11.73915],[108.22666,11.73873],[108.22287,11.74125],[108.22291,11.74412],[108.2181,11.74468],[108.21564,11.74328],[108.21426,11.74628],[108.2152,11.74753],[108.21504,11.74942],[108.21392,11.75096],[108.21001,11.75254],[108.20901,11.75866],[108.20813,11.75934],[108.2047,11.75846],[108.20232,11.76352],[108.20276,11.76466],[108.19705,11.76907],[108.19537,11.76815],[108.1956,11.7657],[108.19276,11.76563],[108.19306,11.76382],[108.192,11.76395],[108.19089,11.76092],[108.18992,11.76038],[108.18948,11.7593],[108.18998,11.75971],[108.19036,11.75901],[108.1894,11.75746],[108.18505,11.76366],[108.1746,11.768],[108.17242,11.77211],[108.1718,11.77172],[108.16956,11.77343],[108.16618,11.773],[108.16306,11.7708],[108.16197,11.77138],[108.15971,11.77067],[108.15897,11.77378],[108.15581,11.77405],[108.15446,11.77736],[108.15365,11.77631],[108.1523,11.7799],[108.14746,11.78338],[108.14352,11.79049],[108.14365,11.79173],[108.13873,11.79395]]]}},{"type":"Feature","properties":{"id":"23246","name":"Tân Hải","type":"Xã","area":77.18,"population":25626},"geometry":{"type":"Polygon","coordinates":[[[107.8438,10.76728],[107.84061,10.77544],[107.82306,10.79642],[107.77501,10.79116],[107.79014,10.75332],[107.79151,10.75168],[107.7883,10.74892],[107.78794,10.74721],[107.79043,10.73838],[107.7921,10.7358],[107.7956,10.73528],[107.79659,10.73437],[107.79257,10.72856],[107.79323,10.71889],[107.79102,10.71942],[107.79203,10.71715],[107.78979,10.71406],[107.79055,10.71063],[107.79149,10.70959],[107.79532,10.70998],[107.79746,10.70894],[107.79956,10.70314],[107.8013,10.70118],[107.81022,10.69654],[107.8121,10.69375],[107.82137,10.70114],[107.83076,10.70545],[107.83854,10.70666],[107.83975,10.70595],[107.83756,10.70568],[107.84193,10.70539],[107.84497,10.70383],[107.85157,10.70761],[107.86819,10.71453],[107.86971,10.71583],[107.86632,10.71487],[107.85431,10.70935],[107.86073,10.71322],[107.87673,10.7185],[107.87149,10.71594],[107.87249,10.71565],[107.88559,10.72038],[107.88678,10.73054],[107.88353,10.73149],[107.88368,10.73255],[107.88175,10.73488],[107.88206,10.73871],[107.88142,10.73989],[107.87484,10.74014],[107.87379,10.74109],[107.87339,10.74415],[107.87199,10.74641],[107.87484,10.74732],[107.87447,10.74979],[107.85073,10.74959],[107.85051,10.7524],[107.84804,10.75391],[107.84777,10.75583],[107.84442,10.75981],[107.84593,10.76733],[107.8438,10.76728]]]}},{"type":"Feature","properties":{"id":"24976","name":"Tân Hội","type":"Xã","area":79.94,"population":28979},"geometry":{"type":"Polygon","coordinates":[[[108.31083,11.80723],[108.30959,11.80835],[108.30793,11.80724],[108.30603,11.80367],[108.30622,11.80145],[108.30489,11.80121],[108.30217,11.79868],[108.30289,11.79664],[108.30166,11.79097],[108.29877,11.78609],[108.2987,11.78472],[108.29657,11.78303],[108.29785,11.78294],[108.29754,11.7817],[108.29882,11.78149],[108.29789,11.77883],[108.29962,11.77605],[108.30335,11.7751],[108.3049,11.77366],[108.3046,11.77255],[108.30656,11.77177],[108.31037,11.76826],[108.30972,11.76567],[108.30383,11.76211],[108.30343,11.76053],[108.30148,11.76099],[108.29979,11.76014],[108.29863,11.75894],[108.29882,11.75687],[108.29763,11.75571],[108.29802,11.75441],[108.29412,11.75626],[108.2925,11.75479],[108.29111,11.75484],[108.29091,11.753],[108.29223,11.7514],[108.29064,11.74879],[108.28798,11.7467],[108.28196,11.74579],[108.27989,11.74356],[108.27553,11.7466],[108.27068,11.74617],[108.27059,11.74526],[108.26892,11.74663],[108.26759,11.7463],[108.26659,11.74774],[108.2643,11.74867],[108.26314,11.74814],[108.26271,11.74673],[108.26205,11.74742],[108.26095,11.74706],[108.25925,11.74915],[108.25819,11.74652],[108.25587,11.74442],[108.25372,11.73818],[108.25097,11.73413],[108.25138,11.7322],[108.25075,11.7303],[108.25128,11.72989],[108.25043,11.72669],[108.24461,11.72058],[108.24621,11.71599],[108.23145,11.71107],[108.2326,11.70955],[108.23501,11.70945],[108.236,11.70659],[108.23911,11.70385],[108.24211,11.70406],[108.24201,11.7007],[108.24395,11.69629],[108.24305,11.69349],[108.24497,11.6941],[108.24648,11.69567],[108.24794,11.6999],[108.25057,11.70204],[108.2504,11.70325],[108.25178,11.704],[108.2532,11.70341],[108.25476,11.69898],[108.25735,11.69822],[108.26237,11.69378],[108.26336,11.68869],[108.26525,11.68671],[108.26887,11.68706],[108.26984,11.68231],[108.27332,11.68035],[108.27469,11.67735],[108.27783,11.67583],[108.27881,11.67636],[108.28173,11.67581],[108.28429,11.67873],[108.28539,11.67865],[108.28553,11.68111],[108.28634,11.68179],[108.28807,11.68178],[108.28963,11.67897],[108.29224,11.67784],[108.2997,11.68094],[108.30713,11.68271],[108.30443,11.68997],[108.30485,11.69124],[108.30916,11.69701],[108.31305,11.69589],[108.31267,11.69796],[108.31398,11.69912],[108.31496,11.6976],[108.31615,11.6986],[108.31771,11.69758],[108.31518,11.70569],[108.3165,11.70668],[108.31597,11.7092],[108.31915,11.71105],[108.32045,11.70842],[108.32182,11.70973],[108.32336,11.70926],[108.32315,11.71457],[108.32279,11.71525],[108.32135,11.71496],[108.32253,11.71672],[108.3222,11.71853],[108.32284,11.71857],[108.32191,11.72054],[108.32315,11.72152],[108.32568,11.72152],[108.32481,11.72357],[108.32327,11.724],[108.32179,11.72626],[108.32282,11.72562],[108.32424,11.72664],[108.3249,11.72951],[108.32549,11.72951],[108.32482,11.73092],[108.32626,11.73199],[108.32642,11.73432],[108.32742,11.73448],[108.32356,11.73723],[108.3251,11.73797],[108.32872,11.73788],[108.33146,11.73493],[108.33376,11.73554],[108.33486,11.73402],[108.337,11.7355],[108.3373,11.73713],[108.34222,11.73789],[108.34314,11.73722],[108.34326,11.74309],[108.34282,11.74449],[108.34104,11.74566],[108.34369,11.74772],[108.34377,11.74921],[108.34121,11.74944],[108.3409,11.75385],[108.34459,11.75517],[108.34545,11.75426],[108.34678,11.75539],[108.34559,11.75768],[108.34535,11.76082],[108.34188,11.761],[108.34106,11.76243],[108.33856,11.76307],[108.34115,11.76596],[108.34079,11.76664],[108.34324,11.76588],[108.34522,11.76753],[108.34682,11.76767],[108.34746,11.76898],[108.34771,11.77302],[108.34582,11.77646],[108.34822,11.78013],[108.34742,11.78283],[108.33875,11.78918],[108.33076,11.78706],[108.32964,11.78554],[108.32938,11.78152],[108.32761,11.77962],[108.32551,11.77428],[108.3222,11.77036],[108.31972,11.77072],[108.31762,11.77287],[108.31744,11.77688],[108.32058,11.77666],[108.32104,11.77733],[108.31748,11.7811],[108.31777,11.78249],[108.32006,11.78511],[108.32059,11.78923],[108.32222,11.79183],[108.31989,11.79431],[108.31985,11.79743],[108.32109,11.79851],[108.32305,11.79829],[108.32066,11.80035],[108.31823,11.80043],[108.31815,11.80164],[108.31679,11.80172],[108.31745,11.80286],[108.31645,11.80314],[108.31268,11.80753],[108.31083,11.80723]]]}},{"type":"Feature","properties":{"id":"23134","name":"Tân Lập","type":"Xã","area":195.58,"population":19612},"geometry":{"type":"Polygon","coordinates":[[[107.81051,10.92105],[107.79223,10.91331],[107.71994,10.91814],[107.69314,10.917],[107.69904,10.90809],[107.71361,10.88152],[107.71273,10.85703],[107.73058,10.85135],[107.73705,10.85276],[107.73826,10.85385],[107.73811,10.85503],[107.74033,10.85601],[107.74031,10.85663],[107.74201,10.85595],[107.74107,10.8517],[107.73699,10.84472],[107.73629,10.83323],[107.73505,10.82743],[107.74184,10.8291],[107.75,10.82935],[107.74907,10.82745],[107.75018,10.82362],[107.74966,10.82195],[107.75194,10.81943],[107.7536,10.82088],[107.75526,10.81916],[107.77546,10.81882],[107.77376,10.80181],[107.77501,10.79116],[107.82306,10.79642],[107.8262,10.80024],[107.82776,10.80107],[107.82833,10.80275],[107.83403,10.80954],[107.83805,10.80834],[107.84021,10.80861],[107.84128,10.80724],[107.84246,10.80785],[107.84374,10.80699],[107.84642,10.8074],[107.8474,10.80651],[107.84886,10.80728],[107.84905,10.80829],[107.85013,10.80762],[107.85064,10.80833],[107.85761,10.8075],[107.85662,10.80933],[107.85794,10.81058],[107.85685,10.81282],[107.85894,10.81591],[107.85744,10.81657],[107.85673,10.8179],[107.85733,10.82053],[107.85537,10.82236],[107.85285,10.82253],[107.85333,10.82506],[107.84974,10.82561],[107.8472,10.82825],[107.84735,10.82984],[107.84301,10.83197],[107.84257,10.83371],[107.84392,10.83464],[107.84366,10.83679],[107.8466,10.83774],[107.84718,10.84016],[107.84921,10.83984],[107.84982,10.84108],[107.85124,10.84132],[107.85457,10.84806],[107.85465,10.85025],[107.86288,10.85219],[107.86452,10.85569],[107.87235,10.86352],[107.87857,10.86576],[107.88145,10.86528],[107.88219,10.86427],[107.88994,10.86322],[107.88962,10.86177],[107.89096,10.86129],[107.89084,10.85995],[107.89387,10.85954],[107.89558,10.86776],[107.89544,10.87281],[107.89346,10.87643],[107.89095,10.87889],[107.89299,10.88237],[107.89234,10.88605],[107.88986,10.88465],[107.88463,10.88402],[107.88372,10.88152],[107.88051,10.88091],[107.87752,10.8816],[107.87378,10.88564],[107.8738,10.88734],[107.87244,10.88858],[107.87199,10.89118],[107.86987,10.89293],[107.86739,10.89355],[107.86739,10.8945],[107.86318,10.89769],[107.86336,10.89823],[107.86229,10.89794],[107.86577,10.92052],[107.81051,10.92105]]]}},{"type":"Feature","properties":{"id":"23230","name":"Tân Minh","type":"Xã","area":223.76,"population":22292},"geometry":{"type":"Polygon","coordinates":[[[107.69904,10.90809],[107.69314,10.917],[107.65363,10.91578],[107.58238,10.90777],[107.56091,10.90822],[107.55981,10.86849],[107.57237,10.84982],[107.57573,10.84118],[107.57777,10.83307],[107.57292,10.81894],[107.57275,10.81685],[107.57347,10.81643],[107.57385,10.81403],[107.57128,10.8139],[107.56261,10.79992],[107.54534,10.78712],[107.54423,10.7832],[107.54439,10.76645],[107.6183,10.77398],[107.63968,10.77494],[107.65759,10.77798],[107.67411,10.78938],[107.66694,10.80603],[107.6961,10.81897],[107.71303,10.85798],[107.71361,10.88152],[107.69904,10.90809]]]}},{"type":"Feature","properties":{"id":"23143","name":"Tân Thành","type":"Xã","area":177.58,"population":31309},"geometry":{"type":"Polygon","coordinates":[[[108.00178,10.79348],[107.99219,10.80047],[107.99327,10.80335],[107.99251,10.80552],[107.99497,10.81376],[107.99465,10.8161],[107.99131,10.81647],[107.98647,10.81869],[107.98305,10.81811],[107.96498,10.81014],[107.95943,10.81023],[107.94564,10.80494],[107.94273,10.80347],[107.9393,10.80001],[107.93346,10.79643],[107.92922,10.79275],[107.92112,10.79004],[107.91651,10.78638],[107.91578,10.78652],[107.91669,10.78764],[107.91628,10.78907],[107.91802,10.79111],[107.91818,10.79264],[107.91757,10.79307],[107.91804,10.79424],[107.91903,10.79408],[107.91698,10.79707],[107.91854,10.80014],[107.91931,10.8049],[107.90021,10.81514],[107.89449,10.81745],[107.87569,10.7959],[107.87388,10.7986],[107.87132,10.80058],[107.8686,10.80104],[107.86734,10.79972],[107.86779,10.7979],[107.86323,10.79958],[107.86143,10.80286],[107.86133,10.80538],[107.85949,10.80639],[107.85645,10.80463],[107.85639,10.80612],[107.85764,10.80647],[107.85788,10.80787],[107.85582,10.80731],[107.85553,10.80817],[107.85322,10.8076],[107.85064,10.80833],[107.85013,10.80762],[107.84905,10.80829],[107.84886,10.80728],[107.8474,10.80651],[107.84642,10.8074],[107.84374,10.80699],[107.8429,10.80785],[107.84128,10.80724],[107.84021,10.80861],[107.83805,10.80834],[107.83488,10.80954],[107.83299,10.80856],[107.82776,10.80107],[107.8262,10.80024],[107.82306,10.79642],[107.84061,10.77544],[107.84376,10.76733],[107.84593,10.76733],[107.84442,10.75981],[107.84777,10.75583],[107.84804,10.75391],[107.85051,10.7524],[107.85073,10.74959],[107.87447,10.74979],[107.87484,10.74732],[107.87199,10.74641],[107.87339,10.74415],[107.87379,10.74109],[107.87484,10.74014],[107.88142,10.73989],[107.88206,10.73871],[107.88175,10.73488],[107.88368,10.73255],[107.88353,10.73149],[107.88678,10.73054],[107.88559,10.72038],[107.89627,10.72161],[107.89675,10.72249],[107.89726,10.72153],[107.89981,10.72234],[107.90143,10.72161],[107.91048,10.72108],[107.91259,10.72179],[107.91403,10.72099],[107.91249,10.72091],[107.91383,10.72037],[107.93249,10.71681],[107.95443,10.70873],[107.95923,10.70621],[107.96252,10.70298],[107.96335,10.70078],[107.96907,10.7052],[107.97681,10.7066],[107.98517,10.70448],[107.99003,10.70034],[107.99263,10.69945],[107.99395,10.70017],[107.99391,10.70393],[107.99625,10.70918],[107.99995,10.71235],[108.00182,10.71693],[108.00526,10.72061],[108.00881,10.73245],[108.01126,10.7354],[108.01257,10.73511],[108.01517,10.73638],[108.01456,10.7384],[108.01771,10.75569],[108.02302,10.77797],[108.00178,10.79348]]]}},{"type":"Feature","properties":{"id":"23149","name":"Tánh Linh","type":"Xã","area":271.39,"population":46741},"geometry":{"type":"Polygon","coordinates":[[[107.60879,11.19786],[107.60628,11.19811],[107.60597,11.19661],[107.60385,11.19605],[107.60357,11.19513],[107.60171,11.19678],[107.60056,11.19647],[107.60072,11.19746],[107.59814,11.198],[107.59398,11.19682],[107.59197,11.19441],[107.59309,11.19156],[107.59076,11.18944],[107.59104,11.18694],[107.59279,11.18564],[107.59573,11.18798],[107.59841,11.18875],[107.59546,11.18586],[107.59435,11.18208],[107.59528,11.18088],[107.59854,11.1805],[107.60029,11.17763],[107.59491,11.17238],[107.59484,11.17018],[107.59353,11.16874],[107.5947,11.16764],[107.59266,11.16831],[107.59479,11.16513],[107.59371,11.16247],[107.59229,11.16228],[107.59192,11.16094],[107.59254,11.1606],[107.59306,11.16155],[107.59424,11.1611],[107.59446,11.158],[107.59315,11.15727],[107.59395,11.15576],[107.59313,11.15498],[107.59437,11.15404],[107.5943,11.15183],[107.59354,11.15194],[107.59177,11.1489],[107.58979,11.14802],[107.58694,11.14153],[107.58554,11.14123],[107.58591,11.13996],[107.58263,11.13915],[107.5848,11.13488],[107.58401,11.13335],[107.58475,11.133],[107.58462,11.13133],[107.58401,11.131],[107.58505,11.13115],[107.58535,11.12811],[107.58154,11.12381],[107.57771,11.12411],[107.57952,11.12166],[107.57696,11.11604],[107.56835,11.10983],[107.56775,11.10668],[107.56395,11.10389],[107.56231,11.10438],[107.56121,11.10598],[107.55726,11.10524],[107.5529,11.1075],[107.55607,11.08941],[107.56081,11.08573],[107.58073,11.06456],[107.58016,11.066],[107.58371,11.07273],[107.58376,11.07548],[107.581,11.07872],[107.5808,11.08117],[107.58332,11.08265],[107.58371,11.0845],[107.58814,11.08626],[107.58823,11.08718],[107.59029,11.08881],[107.59308,11.08904],[107.59292,11.08968],[107.59561,11.09145],[107.59853,11.09128],[107.60253,11.09278],[107.60412,11.09534],[107.60479,11.09517],[107.60434,11.0978],[107.60617,11.09856],[107.60757,11.10349],[107.60899,11.10458],[107.60829,11.10477],[107.6105,11.10632],[107.61195,11.11255],[107.6132,11.11407],[107.61246,11.11607],[107.61308,11.11788],[107.6146,11.11865],[107.61769,11.11687],[107.6197,11.11737],[107.6214,11.11391],[107.6211,11.10923],[107.62384,11.10901],[107.62561,11.10372],[107.62332,11.09908],[107.62389,11.09896],[107.62422,11.09257],[107.62507,11.0906],[107.62415,11.08793],[107.62587,11.08626],[107.62681,11.08228],[107.62773,11.08223],[107.62929,11.08002],[107.62899,11.07868],[107.63025,11.07538],[107.62785,11.07183],[107.62836,11.07016],[107.63176,11.06967],[107.63234,11.06833],[107.63601,11.06739],[107.63726,11.06598],[107.64042,11.06575],[107.64038,11.06112],[107.63914,11.06011],[107.63898,11.05804],[107.64008,11.05743],[107.63989,11.0566],[107.64203,11.05571],[107.64071,11.05333],[107.64119,11.05111],[107.64176,11.05141],[107.64371,11.04866],[107.64444,11.04906],[107.6441,11.04827],[107.64458,11.04855],[107.64527,11.04736],[107.6446,11.04698],[107.64539,11.04668],[107.64537,11.04531],[107.64848,11.04438],[107.67184,11.00951],[107.69501,10.9851],[107.71989,10.97996],[107.74942,10.98037],[107.8001,10.97916],[107.83271,10.97394],[107.8324,10.97659],[107.8291,10.98382],[107.82889,10.98621],[107.82708,10.98768],[107.8278,10.9971],[107.82693,10.99745],[107.82723,10.99898],[107.82437,11.00091],[107.82639,11.00314],[107.82575,11.00361],[107.82715,11.00463],[107.82764,11.00694],[107.83018,11.00721],[107.8304,11.00865],[107.82683,11.01019],[107.82688,11.01165],[107.82323,11.0148],[107.82318,11.01725],[107.82197,11.01798],[107.82175,11.01925],[107.82089,11.01925],[107.82031,11.02103],[107.82176,11.0229],[107.82481,11.03393],[107.81409,11.03687],[107.78659,11.03657],[107.75409,11.0493],[107.74456,11.0496],[107.74011,11.05386],[107.73867,11.05816],[107.73613,11.05965],[107.73701,11.06268],[107.73542,11.06436],[107.72617,11.0644],[107.70863,11.07534],[107.70805,11.09363],[107.71062,11.11648],[107.70427,11.13389],[107.70503,11.139],[107.70594,11.14046],[107.70567,11.14325],[107.70185,11.14632],[107.70071,11.14471],[107.69876,11.14463],[107.69431,11.14744],[107.69386,11.14645],[107.69476,11.1439],[107.69385,11.14311],[107.68986,11.14582],[107.68775,11.14406],[107.68733,11.14184],[107.68868,11.13837],[107.69189,11.1365],[107.69165,11.13484],[107.6905,11.13421],[107.68682,11.13548],[107.68325,11.13456],[107.67953,11.14141],[107.67857,11.14088],[107.67836,11.13843],[107.67742,11.13746],[107.67225,11.13814],[107.6705,11.14216],[107.66955,11.14148],[107.66922,11.13895],[107.66767,11.13883],[107.66203,11.14848],[107.65941,11.1506],[107.66011,11.15199],[107.66344,11.15362],[107.66563,11.15667],[107.66865,11.15912],[107.66797,11.16063],[107.66695,11.16157],[107.66434,11.15969],[107.66382,11.16179],[107.65788,11.16404],[107.65874,11.16661],[107.65447,11.17257],[107.65383,11.1704],[107.63951,11.1769],[107.63844,11.17454],[107.63276,11.17724],[107.63247,11.17645],[107.62848,11.17866],[107.6275,11.17993],[107.62759,11.18223],[107.61711,11.1822],[107.61647,11.19594],[107.61701,11.19636],[107.61621,11.19677],[107.61633,11.19773],[107.61465,11.19604],[107.61339,11.19766],[107.61268,11.19675],[107.61197,11.19775],[107.6109,11.19683],[107.61005,11.19788],[107.60853,11.19717],[107.60879,11.19786]]]}},{"type":"Feature","properties":{"id":"24682","name":"Thuận An","type":"Xã","area":315.81,"population":22625},"geometry":{"type":"Polygon","coordinates":[[[107.58147,12.69652],[107.57892,12.70114],[107.56938,12.69636],[107.57046,12.69208],[107.57325,12.6923],[107.57509,12.69135],[107.57543,12.68756],[107.57875,12.68401],[107.57775,12.68106],[107.58033,12.68165],[107.58221,12.67935],[107.58165,12.67858],[107.57918,12.67865],[107.57862,12.6771],[107.57663,12.67658],[107.57698,12.67353],[107.57564,12.66944],[107.57359,12.66898],[107.57279,12.66745],[107.57054,12.6678],[107.57163,12.66166],[107.57015,12.6588],[107.56965,12.65567],[107.57122,12.6526],[107.57352,12.65142],[107.57415,12.65011],[107.57298,12.64874],[107.56932,12.64801],[107.57035,12.64606],[107.56913,12.64283],[107.57232,12.64005],[107.57145,12.63501],[107.5742,12.63076],[107.57189,12.62854],[107.57287,12.62604],[107.5788,12.62297],[107.57761,12.61954],[107.57961,12.62017],[107.58146,12.61823],[107.58253,12.61525],[107.58222,12.61397],[107.58405,12.61422],[107.58503,12.61313],[107.58074,12.60981],[107.58325,12.60729],[107.58243,12.60563],[107.58564,12.60317],[107.58574,12.60236],[107.58471,12.60214],[107.58453,12.59879],[107.586,12.59767],[107.58469,12.59557],[107.58315,12.59501],[107.58258,12.59256],[107.58117,12.59152],[107.5821,12.58991],[107.58139,12.58781],[107.58298,12.58641],[107.58059,12.58512],[107.57959,12.58202],[107.57964,12.57979],[107.58091,12.57846],[107.57984,12.57515],[107.58301,12.56986],[107.5829,12.56691],[107.58367,12.56626],[107.58554,12.56672],[107.58504,12.5635],[107.5872,12.56241],[107.58993,12.55877],[107.58839,12.5549],[107.58355,12.55207],[107.5808,12.54696],[107.57866,12.54669],[107.57803,12.54558],[107.57846,12.54312],[107.57687,12.54197],[107.57566,12.54237],[107.57763,12.5351],[107.57584,12.5346],[107.57587,12.53291],[107.5736,12.53207],[107.57122,12.52943],[107.56821,12.52993],[107.56732,12.52716],[107.56531,12.52729],[107.56387,12.52355],[107.56267,12.52261],[107.56281,12.52025],[107.56188,12.51838],[107.56258,12.51633],[107.56498,12.51544],[107.5672,12.51287],[107.56934,12.51178],[107.56705,12.50665],[107.57016,12.50726],[107.5693,12.50507],[107.57099,12.50156],[107.573,12.5011],[107.57347,12.49878],[107.57514,12.49957],[107.57743,12.49786],[107.58014,12.49738],[107.58067,12.4944],[107.57828,12.49233],[107.57933,12.48916],[107.57739,12.48816],[107.57678,12.48689],[107.57787,12.48228],[107.57631,12.48083],[107.57558,12.47781],[107.57378,12.47799],[107.57315,12.47689],[107.57096,12.47687],[107.56886,12.47581],[107.56729,12.47193],[107.56552,12.47149],[107.56607,12.47085],[107.56547,12.47003],[107.56636,12.46969],[107.56619,12.46776],[107.56725,12.4674],[107.56747,12.46601],[107.56651,12.46536],[107.56726,12.46488],[107.56677,12.46311],[107.5655,12.46201],[107.56685,12.4607],[107.5654,12.46088],[107.56502,12.45951],[107.56594,12.45904],[107.56583,12.45706],[107.56462,12.45667],[107.56629,12.45564],[107.56672,12.45612],[107.56687,12.45512],[107.5683,12.4541],[107.56668,12.4538],[107.56535,12.45006],[107.56565,12.44894],[107.56408,12.44898],[107.56219,12.44768],[107.56228,12.44621],[107.56032,12.44453],[107.56137,12.44231],[107.5594,12.44062],[107.56009,12.43959],[107.55688,12.43717],[107.55652,12.43501],[107.55486,12.43414],[107.55509,12.432],[107.55426,12.43081],[107.55509,12.42868],[107.5544,12.42901],[107.55468,12.42777],[107.55389,12.42712],[107.5539,12.42425],[107.5516,12.42295],[107.55196,12.42135],[107.55017,12.42137],[107.55123,12.42061],[107.55066,12.41893],[107.5497,12.41917],[107.54874,12.41781],[107.54743,12.41883],[107.54765,12.41787],[107.54702,12.41822],[107.54692,12.4162],[107.546,12.41539],[107.54521,12.41532],[107.54562,12.41651],[107.54423,12.41644],[107.54484,12.41406],[107.54297,12.41314],[107.5437,12.41287],[107.54376,12.41145],[107.54348,12.41192],[107.54199,12.41089],[107.54418,12.40887],[107.54449,12.40742],[107.54557,12.40732],[107.54446,12.40586],[107.54577,12.40555],[107.54528,12.4044],[107.54622,12.40401],[107.54543,12.4035],[107.54567,12.4008],[107.54472,12.40044],[107.5443,12.39812],[107.54563,12.39587],[107.54496,12.3942],[107.54651,12.3941],[107.54579,12.39345],[107.54617,12.39252],[107.54807,12.39185],[107.54833,12.3902],[107.54745,12.3885],[107.54866,12.38846],[107.54967,12.38729],[107.54931,12.38561],[107.5507,12.38593],[107.55034,12.38548],[107.5532,12.38207],[107.55333,12.38088],[107.55471,12.38077],[107.55386,12.38006],[107.55436,12.3788],[107.55278,12.37609],[107.55028,12.37529],[107.54964,12.37399],[107.54577,12.37358],[107.5446,12.37278],[107.54464,12.3711],[107.54737,12.36728],[107.54672,12.36654],[107.5474,12.36469],[107.54674,12.36404],[107.54675,12.3613],[107.54771,12.36046],[107.54692,12.35983],[107.54868,12.35899],[107.55249,12.35158],[107.55182,12.34915],[107.55232,12.34788],[107.55779,12.34526],[107.55813,12.34423],[107.56087,12.34473],[107.56096,12.34565],[107.56532,12.34638],[107.5737,12.34173],[107.58635,12.33845],[107.58864,12.34252],[107.59343,12.34404],[107.59068,12.35189],[107.59271,12.35263],[107.59476,12.35546],[107.59718,12.3559],[107.59805,12.35893],[107.60232,12.36379],[107.60506,12.3688],[107.60551,12.37783],[107.60772,12.38232],[107.60706,12.38505],[107.60871,12.38845],[107.6045,12.39126],[107.59621,12.40323],[107.59952,12.40526],[107.60126,12.40764],[107.60056,12.40912],[107.60211,12.41211],[107.60178,12.41389],[107.60461,12.41669],[107.6031,12.41972],[107.60596,12.42284],[107.60378,12.4255],[107.60746,12.4285],[107.60712,12.42997],[107.6095,12.43047],[107.61645,12.43577],[107.61418,12.43873],[107.60642,12.44501],[107.60477,12.44558],[107.60321,12.44775],[107.60386,12.44806],[107.60357,12.44933],[107.60516,12.45208],[107.6127,12.45778],[107.61355,12.45959],[107.6154,12.45873],[107.61702,12.45666],[107.61914,12.45053],[107.62129,12.45098],[107.62431,12.45388],[107.62472,12.45326],[107.62545,12.45365],[107.62686,12.45582],[107.62826,12.45458],[107.62774,12.45433],[107.62824,12.45314],[107.62998,12.45366],[107.62912,12.44883],[107.62962,12.4474],[107.63134,12.44684],[107.6348,12.44622],[107.63643,12.44972],[107.63745,12.44926],[107.63935,12.45238],[107.6365,12.45316],[107.63189,12.45121],[107.63116,12.45369],[107.63194,12.45385],[107.63024,12.45736],[107.63125,12.4591],[107.63458,12.46132],[107.63606,12.46983],[107.63927,12.47498],[107.63962,12.47813],[107.64155,12.48014],[107.64132,12.48218],[107.64404,12.48393],[107.64648,12.48728],[107.6462,12.48896],[107.64744,12.49226],[107.64611,12.49325],[107.64581,12.49489],[107.64483,12.49498],[107.6451,12.49872],[107.64408,12.5003],[107.64463,12.50233],[107.64375,12.5034],[107.64472,12.50437],[107.64623,12.50471],[107.64741,12.50393],[107.64894,12.50472],[107.6491,12.50617],[107.64808,12.50665],[107.64934,12.50973],[107.64779,12.51277],[107.64915,12.51497],[107.64834,12.51769],[107.64975,12.51889],[107.65005,12.52301],[107.65158,12.52303],[107.65333,12.52438],[107.65268,12.52902],[107.65384,12.53066],[107.6534,12.53263],[107.65473,12.53198],[107.65698,12.53329],[107.65896,12.5328],[107.66183,12.53516],[107.66409,12.53526],[107.6642,12.5407],[107.66639,12.54203],[107.66516,12.54722],[107.66682,12.54999],[107.66947,12.55189],[107.67253,12.55204],[107.67263,12.55464],[107.67642,12.5553],[107.68069,12.56023],[107.6848,12.55997],[107.68644,12.56091],[107.68658,12.56219],[107.68485,12.56471],[107.68618,12.56654],[107.6859,12.56872],[107.68928,12.56866],[107.69527,12.57773],[107.69288,12.58169],[107.69148,12.58254],[107.69075,12.59021],[107.68828,12.59029],[107.69066,12.59132],[107.69148,12.59261],[107.68957,12.59342],[107.68949,12.59437],[107.69197,12.59706],[107.69213,12.60015],[107.6934,12.60023],[107.69479,12.60232],[107.6928,12.60591],[107.69412,12.60667],[107.69362,12.61089],[107.69451,12.61123],[107.69364,12.61255],[107.69474,12.6144],[107.69417,12.61663],[107.69561,12.61639],[107.69612,12.61703],[107.69477,12.62007],[107.69648,12.62237],[107.69528,12.62683],[107.69556,12.62882],[107.69435,12.62888],[107.69359,12.62762],[107.69299,12.62824],[107.68256,12.62921],[107.67733,12.63193],[107.67496,12.63662],[107.6655,12.63719],[107.66005,12.64115],[107.65749,12.64485],[107.65325,12.64566],[107.65226,12.64743],[107.65046,12.64701],[107.65077,12.64894],[107.64908,12.6487],[107.64796,12.64997],[107.64689,12.64996],[107.64597,12.65149],[107.64354,12.65175],[107.64257,12.65277],[107.64224,12.65817],[107.6399,12.65731],[107.63951,12.65819],[107.63887,12.65733],[107.63552,12.6578],[107.63608,12.65924],[107.63545,12.65991],[107.63474,12.65915],[107.6344,12.66023],[107.6351,12.66257],[107.63303,12.66608],[107.63539,12.6684],[107.63405,12.66862],[107.63456,12.66989],[107.63533,12.66941],[107.6363,12.67112],[107.63529,12.67551],[107.63464,12.67582],[107.63455,12.68041],[107.63516,12.68031],[107.63555,12.67844],[107.6362,12.67846],[107.636,12.68208],[107.63296,12.68217],[107.63288,12.68096],[107.63159,12.68161],[107.63037,12.68538],[107.63138,12.68524],[107.63131,12.68648],[107.63045,12.68654],[107.62944,12.68849],[107.6283,12.68847],[107.62841,12.68977],[107.62708,12.68918],[107.62739,12.68841],[107.62637,12.68902],[107.62357,12.68847],[107.6211,12.69178],[107.62038,12.69392],[107.62126,12.69454],[107.62043,12.69601],[107.61908,12.69497],[107.60826,12.69371],[107.60475,12.69416],[107.60399,12.69265],[107.6025,12.69212],[107.5987,12.69337],[107.59495,12.69224],[107.5934,12.69065],[107.58845,12.69432],[107.58364,12.69487],[107.58147,12.69652]]]}},{"type":"Feature","properties":{"id":"24722","name":"Thuận Hạnh","type":"Xã","area":129.78,"population":19236},"geometry":{"type":"Polygon","coordinates":[[[107.5521,12.35045],[107.55272,12.35106],[107.54868,12.35899],[107.54692,12.35983],[107.54522,12.35218],[107.5437,12.35021],[107.54139,12.35027],[107.53923,12.35181],[107.53627,12.35133],[107.5353,12.34948],[107.53583,12.34777],[107.53394,12.34498],[107.53064,12.34485],[107.52833,12.34591],[107.52736,12.34001],[107.5207,12.3399],[107.52066,12.33901],[107.51558,12.33634],[107.51167,12.3294],[107.50463,12.32739],[107.50151,12.32435],[107.48293,12.3178],[107.47968,12.31459],[107.47564,12.31227],[107.46724,12.31059],[107.46712,12.30774],[107.46791,12.30597],[107.46634,12.30128],[107.4647,12.30037],[107.46308,12.29775],[107.45827,12.2942],[107.44886,12.29175],[107.446,12.29163],[107.4439,12.29245],[107.4442,12.2874],[107.44313,12.28544],[107.44347,12.27895],[107.44226,12.27681],[107.43917,12.27522],[107.43818,12.27218],[107.43869,12.26972],[107.44161,12.26671],[107.44196,12.26359],[107.44052,12.26063],[107.43876,12.25986],[107.43729,12.258],[107.4366,12.25395],[107.43422,12.25216],[107.43425,12.25046],[107.43696,12.25053],[107.44182,12.24883],[107.44528,12.252],[107.44742,12.25753],[107.45025,12.25887],[107.45581,12.25662],[107.45667,12.25503],[107.46018,12.25394],[107.46193,12.25071],[107.4631,12.24997],[107.47023,12.25068],[107.47592,12.25236],[107.47968,12.24943],[107.4842,12.2474],[107.48766,12.24769],[107.4898,12.2458],[107.49034,12.24638],[107.49268,12.24578],[107.49508,12.24674],[107.49773,12.24515],[107.50078,12.24482],[107.50476,12.24564],[107.50664,12.24012],[107.50989,12.2374],[107.51176,12.23468],[107.51559,12.23309],[107.51746,12.23591],[107.51927,12.23589],[107.52087,12.23347],[107.52469,12.23378],[107.52843,12.22891],[107.53091,12.2277],[107.53227,12.22747],[107.53287,12.23006],[107.53577,12.23174],[107.54184,12.22938],[107.54088,12.2341],[107.54726,12.24331],[107.54656,12.24458],[107.55774,12.24455],[107.56149,12.24691],[107.55838,12.24873],[107.56059,12.24966],[107.56247,12.24945],[107.56664,12.25161],[107.56834,12.25444],[107.56669,12.25596],[107.56632,12.25773],[107.5656,12.25725],[107.56556,12.25855],[107.5668,12.2582],[107.56724,12.25926],[107.56788,12.25859],[107.56857,12.25908],[107.56817,12.26009],[107.57003,12.26122],[107.57039,12.26436],[107.56883,12.26465],[107.56932,12.26583],[107.56831,12.26584],[107.56802,12.2667],[107.56642,12.26657],[107.56558,12.26988],[107.56321,12.2709],[107.56333,12.27312],[107.56217,12.27441],[107.56289,12.27445],[107.56285,12.27653],[107.5636,12.27745],[107.56287,12.27873],[107.56037,12.27847],[107.56062,12.27902],[107.55917,12.27975],[107.55859,12.28126],[107.55506,12.28207],[107.55475,12.2834],[107.55405,12.28322],[107.55434,12.28401],[107.55277,12.28439],[107.55332,12.28485],[107.55227,12.28541],[107.55251,12.28645],[107.54822,12.28547],[107.54694,12.28647],[107.54723,12.28716],[107.54569,12.28713],[107.54492,12.28901],[107.54646,12.29142],[107.54815,12.29239],[107.54892,12.29447],[107.55264,12.29555],[107.55514,12.30042],[107.56171,12.30618],[107.56532,12.30521],[107.568,12.30551],[107.57032,12.30422],[107.57514,12.30615],[107.57863,12.30957],[107.58203,12.30955],[107.58615,12.3123],[107.58413,12.31495],[107.5861,12.32195],[107.59111,12.32572],[107.5931,12.32663],[107.59538,12.32636],[107.60012,12.32862],[107.60053,12.33289],[107.60306,12.33914],[107.60371,12.34293],[107.59173,12.34385],[107.58802,12.34197],[107.58629,12.33846],[107.5737,12.34173],[107.56532,12.34638],[107.56096,12.34565],[107.56087,12.34473],[107.55813,12.34423],[107.55779,12.34526],[107.55235,12.34785],[107.5521,12.35045]]]}},{"type":"Feature","properties":{"id":"22954","name":"Tiến Thành","type":"Phường","area":55.06,"population":28395},"geometry":{"type":"Polygon","coordinates":[[[108.00178,10.82931],[107.99971,10.8245],[107.99947,10.82222],[108.00072,10.82014],[107.99845,10.8172],[107.99644,10.81778],[107.99468,10.8163],[107.99497,10.81376],[107.99251,10.80552],[107.99327,10.80335],[107.99219,10.80047],[108.02302,10.77797],[108.02786,10.80046],[108.03364,10.82031],[108.04555,10.84933],[108.06281,10.88408],[108.06317,10.88348],[108.06179,10.88049],[108.07759,10.90676],[108.07954,10.90905],[108.08135,10.90915],[108.08119,10.9104],[108.08254,10.9109],[108.08317,10.91014],[108.09342,10.91752],[108.0927,10.91873],[108.09357,10.91921],[108.09146,10.92288],[108.08908,10.92104],[108.08383,10.92314],[108.08188,10.92222],[108.08002,10.92072],[108.07995,10.91862],[108.07804,10.91594],[108.0773,10.91592],[108.07714,10.91484],[108.07144,10.90981],[108.06575,10.90855],[108.06088,10.9136],[108.05817,10.91199],[108.05423,10.90884],[108.05246,10.9048],[108.04762,10.8976],[108.02373,10.8873],[108.00357,10.86718],[108.0002,10.86664],[108.00402,10.86199],[108.00513,10.85946],[108.00786,10.85752],[108.01479,10.85527],[108.01569,10.85308],[108.01542,10.85081],[108.01144,10.84492],[108.0082,10.8439],[108.007,10.84266],[108.00621,10.83991],[108.0042,10.83709],[108.00522,10.83411],[108.00289,10.83188],[108.00178,10.82931]]]}},{"type":"Feature","properties":{"id":"23227","name":"Trà Tân","type":"Xã","area":135.94,"population":29638},"geometry":{"type":"Polygon","coordinates":[[[107.50999,11.09988],[107.50453,11.10278],[107.48632,11.10829],[107.47929,11.09817],[107.44936,11.10142],[107.4496,11.09896],[107.44691,11.09534],[107.44652,11.09197],[107.44366,11.09006],[107.4436,11.08547],[107.4427,11.08349],[107.44177,11.08306],[107.44056,11.08371],[107.43816,11.08899],[107.43142,11.0876],[107.43025,11.08563],[107.4321,11.08362],[107.43182,11.08223],[107.42968,11.08098],[107.42791,11.07792],[107.42462,11.07798],[107.4229,11.07653],[107.42261,11.07403],[107.42617,11.06764],[107.42576,11.06391],[107.42131,11.05795],[107.41837,11.05638],[107.41678,11.053],[107.41685,11.05097],[107.41498,11.05006],[107.4092,11.0505],[107.4071,11.05202],[107.40025,11.05367],[107.39467,11.04967],[107.39723,11.04879],[107.39926,11.05023],[107.40086,11.04849],[107.40301,11.04849],[107.40264,11.04676],[107.40487,11.04636],[107.40614,11.0428],[107.40917,11.04512],[107.41057,11.04486],[107.41238,11.04569],[107.41264,11.04182],[107.41957,11.0424],[107.42213,11.04138],[107.42234,11.04087],[107.42111,11.04029],[107.4217,11.0388],[107.42074,11.03709],[107.42395,11.03591],[107.42713,11.03666],[107.42689,11.03524],[107.42845,11.03428],[107.42815,11.03345],[107.42951,11.03286],[107.43069,11.03343],[107.43067,11.03201],[107.43226,11.03436],[107.43387,11.03337],[107.43481,11.03375],[107.43522,11.03254],[107.43687,11.03354],[107.43783,11.03251],[107.43681,11.03129],[107.43916,11.03294],[107.43958,11.0313],[107.44021,11.03195],[107.44225,11.03078],[107.44348,11.03095],[107.44519,11.02895],[107.44773,11.02831],[107.44731,11.02681],[107.44889,11.02605],[107.44896,11.02321],[107.45042,11.02295],[107.44958,11.02101],[107.45177,11.02084],[107.45214,11.01987],[107.45275,11.02027],[107.45337,11.01918],[107.45446,11.01914],[107.45445,11.01754],[107.45656,11.01672],[107.45866,11.01762],[107.45871,11.01683],[107.4606,11.01658],[107.46254,11.01501],[107.46284,11.01618],[107.46514,11.01614],[107.46621,11.01385],[107.46809,11.01372],[107.46785,11.01239],[107.46937,11.01208],[107.46864,11.01124],[107.46987,11.01031],[107.46933,11.00966],[107.47425,11.00674],[107.47492,11.00763],[107.47592,11.00698],[107.47617,11.00782],[107.48106,11.00682],[107.48156,11.00831],[107.48747,11.00914],[107.49271,11.01278],[107.49328,11.01217],[107.49372,11.01373],[107.49488,11.01328],[107.49566,11.01441],[107.49754,11.01419],[107.4978,11.01517],[107.4983,11.01476],[107.49878,11.01545],[107.49876,11.0147],[107.50038,11.01479],[107.50046,11.01571],[107.50178,11.01453],[107.50358,11.01498],[107.50373,11.01414],[107.5043,11.01462],[107.50512,11.01356],[107.50646,11.01359],[107.50809,11.01113],[107.50899,11.01176],[107.51083,11.01075],[107.51256,11.01177],[107.51324,11.01384],[107.52156,11.01515],[107.52299,11.01471],[107.52668,11.01588],[107.52951,11.01811],[107.53235,11.01619],[107.53451,11.01575],[107.54235,11.0175],[107.54615,11.0204],[107.54922,11.02071],[107.55118,11.02457],[107.56644,11.03428],[107.57131,11.03653],[107.57052,11.03927],[107.57319,11.04425],[107.57257,11.04642],[107.57326,11.04862],[107.57248,11.05008],[107.57329,11.05421],[107.57561,11.05489],[107.57771,11.06003],[107.5799,11.06016],[107.5816,11.0626],[107.58073,11.06456],[107.56081,11.08573],[107.55607,11.08941],[107.54833,11.08427],[107.54746,11.08485],[107.54549,11.0846],[107.54558,11.08402],[107.54317,11.08561],[107.5433,11.08655],[107.53878,11.08664],[107.53842,11.08723],[107.5377,11.0865],[107.53307,11.08621],[107.53062,11.08717],[107.52822,11.08636],[107.527,11.08669],[107.52579,11.0893],[107.50999,11.09988]]]}},{"type":"Feature","properties":{"id":"24730","name":"Trường Xuân","type":"Xã","area":332.47,"population":26838},"geometry":{"type":"Polygon","coordinates":[[[107.68353,12.25217],[107.68017,12.25394],[107.67041,12.24898],[107.66282,12.24217],[107.65986,12.24166],[107.6552,12.242],[107.64087,12.24584],[107.63523,12.24986],[107.63249,12.24784],[107.6301,12.24846],[107.62956,12.24758],[107.63332,12.24213],[107.63365,12.24034],[107.63499,12.23935],[107.63464,12.23673],[107.63612,12.23263],[107.63496,12.23208],[107.63295,12.23306],[107.6313,12.23546],[107.62804,12.2336],[107.62745,12.23173],[107.6245,12.22859],[107.6173,12.22542],[107.6164,12.22541],[107.61607,12.22764],[107.61636,12.22913],[107.61805,12.23056],[107.61798,12.23399],[107.61322,12.23691],[107.61045,12.2372],[107.606,12.23963],[107.60465,12.23965],[107.60462,12.22503],[107.60327,12.22034],[107.59827,12.21393],[107.59837,12.21066],[107.59652,12.20869],[107.59719,12.20526],[107.59683,12.20216],[107.59283,12.19968],[107.58835,12.20026],[107.58459,12.19714],[107.58289,12.19748],[107.58142,12.20049],[107.57717,12.20358],[107.57462,12.20273],[107.57268,12.1973],[107.57379,12.1888],[107.57276,12.18823],[107.56948,12.18184],[107.57419,12.1739],[107.57897,12.16973],[107.58202,12.16968],[107.58477,12.17207],[107.58927,12.17326],[107.59216,12.17234],[107.59574,12.17267],[107.59729,12.17027],[107.60104,12.17047],[107.60088,12.16878],[107.60211,12.16643],[107.60156,12.16366],[107.59976,12.16441],[107.59925,12.16325],[107.59868,12.16365],[107.59675,12.16201],[107.59845,12.15888],[107.59868,12.15657],[107.59759,12.15303],[107.59746,12.14639],[107.59319,12.14532],[107.58895,12.14707],[107.58237,12.15165],[107.5772,12.15072],[107.57509,12.15341],[107.57281,12.15401],[107.56997,12.15264],[107.56654,12.15444],[107.56328,12.15072],[107.55709,12.15189],[107.55412,12.15155],[107.54944,12.14834],[107.54923,12.14754],[107.55079,12.1468],[107.55132,12.14506],[107.55233,12.14508],[107.55209,12.14427],[107.55427,12.14343],[107.55371,12.14229],[107.55443,12.14235],[107.55437,12.13952],[107.55597,12.13827],[107.55625,12.13692],[107.55532,12.1367],[107.55611,12.13361],[107.5574,12.13331],[107.56165,12.12943],[107.56102,12.12868],[107.56207,12.12728],[107.56122,12.1258],[107.56246,12.12456],[107.56141,12.12134],[107.56201,12.1202],[107.56129,12.12072],[107.56115,12.11975],[107.56254,12.11946],[107.56313,12.11835],[107.56367,12.11907],[107.56448,12.1179],[107.56318,12.1172],[107.5645,12.11625],[107.56333,12.11589],[107.56369,12.11475],[107.56424,12.11512],[107.56903,12.11307],[107.5688,12.11117],[107.56941,12.11182],[107.57002,12.11021],[107.56893,12.10873],[107.57071,12.10832],[107.57043,12.10726],[107.56961,12.1074],[107.56952,12.10598],[107.56839,12.10589],[107.57124,12.10426],[107.57116,12.10268],[107.57197,12.10186],[107.57327,12.10212],[107.57371,12.1001],[107.57574,12.10162],[107.57709,12.10086],[107.57739,12.10191],[107.57988,12.10208],[107.57894,12.10324],[107.57961,12.10411],[107.58241,12.1016],[107.5831,12.09918],[107.58167,12.09876],[107.5812,12.0945],[107.57981,12.0933],[107.58029,12.09166],[107.57928,12.08865],[107.58035,12.0873],[107.5789,12.08444],[107.57966,12.0841],[107.57992,12.08178],[107.57838,12.07904],[107.57757,12.07294],[107.58072,12.07104],[107.5809,12.06694],[107.58325,12.06541],[107.58478,12.06474],[107.58525,12.06557],[107.58862,12.06662],[107.59047,12.06638],[107.59274,12.06398],[107.59222,12.0608],[107.5948,12.05859],[107.59278,12.0566],[107.58918,12.05874],[107.58825,12.05855],[107.5868,12.05595],[107.58734,12.05519],[107.5867,12.05399],[107.58853,12.05216],[107.58869,12.04891],[107.58693,12.04703],[107.5835,12.04762],[107.58225,12.04609],[107.58723,12.04207],[107.58941,12.04568],[107.59282,12.04815],[107.63074,12.04534],[107.63928,12.04765],[107.64878,12.05321],[107.65518,12.05233],[107.66041,12.04979],[107.66381,12.05465],[107.66601,12.05534],[107.67569,12.05526],[107.67408,12.05802],[107.67424,12.06068],[107.67774,12.06039],[107.68182,12.06487],[107.6828,12.07104],[107.68025,12.07721],[107.68797,12.07856],[107.68738,12.08317],[107.68803,12.08588],[107.68642,12.08893],[107.68772,12.0907],[107.68816,12.0955],[107.68901,12.09707],[107.69068,12.09739],[107.69377,12.09582],[107.69962,12.09118],[107.70322,12.09335],[107.70497,12.09652],[107.70785,12.09888],[107.70917,12.09789],[107.71236,12.09752],[107.71409,12.0989],[107.71778,12.0997],[107.71974,12.10099],[107.72066,12.10288],[107.72469,12.10539],[107.72628,12.10851],[107.72797,12.1091],[107.7312,12.11255],[107.73138,12.11635],[107.73353,12.11882],[107.72573,12.12398],[107.72469,12.12584],[107.72526,12.12871],[107.72756,12.12945],[107.72923,12.13245],[107.72901,12.13709],[107.72998,12.13881],[107.73328,12.13942],[107.73838,12.14278],[107.7407,12.14526],[107.73918,12.148],[107.73965,12.15154],[107.73877,12.15228],[107.73601,12.15233],[107.73571,12.15577],[107.73747,12.15986],[107.74493,12.16816],[107.74195,12.17269],[107.73866,12.17426],[107.7357,12.18241],[107.74334,12.18792],[107.74282,12.18992],[107.74374,12.19358],[107.74182,12.19591],[107.74179,12.19977],[107.73943,12.20322],[107.73274,12.20877],[107.73609,12.21223],[107.73564,12.21285],[107.72451,12.22184],[107.72366,12.22399],[107.71614,12.22724],[107.7152,12.23061],[107.71597,12.23361],[107.71399,12.23564],[107.71174,12.23618],[107.7087,12.24131],[107.7065,12.24176],[107.70145,12.24526],[107.70035,12.24981],[107.69897,12.252],[107.69734,12.25256],[107.69605,12.2516],[107.68427,12.25122],[107.68353,12.25217]]]}},{"type":"Feature","properties":{"id":"24739","name":"Tuy Đức","type":"Xã","area":265.99,"population":31786},"geometry":{"type":"Polygon","coordinates":[[[107.45666,12.25516],[107.45581,12.25662],[107.44953,12.25884],[107.44742,12.25753],[107.44528,12.252],[107.44182,12.24883],[107.43696,12.25053],[107.43425,12.25046],[107.43481,12.24442],[107.42926,12.2462],[107.4217,12.2463],[107.41928,12.24329],[107.41809,12.23996],[107.41374,12.23685],[107.41141,12.22982],[107.41479,12.2273],[107.41696,12.22785],[107.41678,12.22501],[107.41511,12.2227],[107.41739,12.2217],[107.41741,12.22028],[107.41502,12.21567],[107.41221,12.21503],[107.4076,12.2081],[107.40688,12.20402],[107.40949,12.19448],[107.4074,12.18967],[107.40934,12.18373],[107.40694,12.18284],[107.40614,12.18147],[107.40551,12.18173],[107.40443,12.17907],[107.40545,12.17695],[107.40547,12.17305],[107.40944,12.17016],[107.40787,12.1695],[107.40562,12.16684],[107.40365,12.16116],[107.39806,12.15448],[107.39489,12.15231],[107.39237,12.14872],[107.38938,12.1475],[107.38557,12.14783],[107.38259,12.14092],[107.3812,12.14009],[107.38263,12.13839],[107.38202,12.13758],[107.38225,12.13494],[107.3812,12.13367],[107.38143,12.13215],[107.38349,12.13332],[107.38686,12.13249],[107.39089,12.13543],[107.39144,12.13906],[107.39327,12.14287],[107.40005,12.14324],[107.40234,12.14421],[107.40379,12.14282],[107.40324,12.13751],[107.402,12.135],[107.4037,12.12869],[107.41095,12.12329],[107.4134,12.124],[107.41547,12.12272],[107.41779,12.12249],[107.42124,12.11793],[107.42374,12.11794],[107.42666,12.11373],[107.42833,12.11228],[107.42894,12.11253],[107.4271,12.11208],[107.42124,12.10763],[107.41955,12.1036],[107.41821,12.10238],[107.41446,12.10098],[107.41526,12.10026],[107.41519,12.09596],[107.41413,12.09459],[107.41498,12.09338],[107.41332,12.09028],[107.41344,12.08874],[107.41755,12.0861],[107.41684,12.08146],[107.41941,12.07945],[107.41969,12.07383],[107.4185,12.07151],[107.41894,12.07001],[107.42743,12.06332],[107.43401,12.0651],[107.4404,12.06882],[107.44293,12.06813],[107.44642,12.06473],[107.45266,12.06376],[107.45514,12.06433],[107.45611,12.06553],[107.47243,12.06945],[107.4748,12.06649],[107.47651,12.06585],[107.48027,12.06624],[107.48088,12.06762],[107.48468,12.06864],[107.48941,12.06769],[107.49135,12.06633],[107.49153,12.06742],[107.49222,12.06691],[107.4919,12.06778],[107.49384,12.06875],[107.49644,12.06885],[107.49898,12.07102],[107.50168,12.07061],[107.50761,12.0763],[107.50691,12.07937],[107.51281,12.08325],[107.51533,12.08986],[107.51672,12.09061],[107.5185,12.09013],[107.52699,12.09281],[107.52626,12.09745],[107.53021,12.10283],[107.53116,12.10909],[107.53325,12.11116],[107.53532,12.11159],[107.53818,12.11616],[107.54284,12.11714],[107.54973,12.11637],[107.56029,12.11661],[107.5645,12.11772],[107.56367,12.11907],[107.56313,12.11835],[107.56254,12.11946],[107.5612,12.11947],[107.56129,12.12072],[107.56201,12.1202],[107.56141,12.12134],[107.56246,12.12456],[107.56122,12.1258],[107.56207,12.12728],[107.56102,12.12868],[107.56165,12.12943],[107.5574,12.13331],[107.55611,12.13361],[107.55532,12.1367],[107.55625,12.13692],[107.55597,12.13827],[107.55437,12.13952],[107.55443,12.14235],[107.55371,12.14229],[107.55427,12.14343],[107.55209,12.14427],[107.55233,12.14508],[107.55132,12.14506],[107.55079,12.1468],[107.54923,12.14754],[107.54955,12.14825],[107.54859,12.14934],[107.54949,12.15097],[107.54845,12.15214],[107.54968,12.15372],[107.54897,12.15363],[107.54864,12.15493],[107.5477,12.1552],[107.54803,12.15587],[107.54703,12.15637],[107.54737,12.15832],[107.54633,12.15858],[107.54597,12.16029],[107.5447,12.15978],[107.54347,12.16048],[107.54355,12.16321],[107.54255,12.16283],[107.54239,12.16391],[107.5406,12.16455],[107.54027,12.16557],[107.54115,12.16575],[107.5406,12.16684],[107.54003,12.1666],[107.53972,12.16927],[107.53891,12.1689],[107.53782,12.16989],[107.53869,12.1709],[107.53746,12.1716],[107.53831,12.17197],[107.53649,12.1748],[107.5364,12.17839],[107.5353,12.1794],[107.53541,12.1813],[107.53832,12.18459],[107.53753,12.19113],[107.53246,12.19598],[107.53048,12.20007],[107.52932,12.20041],[107.52862,12.20184],[107.52776,12.20174],[107.52744,12.20444],[107.52496,12.20662],[107.52524,12.20755],[107.52294,12.21176],[107.52382,12.21613],[107.52056,12.21768],[107.51761,12.2234],[107.51698,12.22992],[107.51553,12.23317],[107.51149,12.23488],[107.5106,12.23664],[107.50664,12.24012],[107.50476,12.24564],[107.50078,12.24482],[107.49773,12.24515],[107.49508,12.24674],[107.49268,12.24578],[107.49034,12.24638],[107.4898,12.2458],[107.48766,12.24769],[107.4842,12.2474],[107.47968,12.24943],[107.47592,12.25236],[107.47023,12.25068],[107.4631,12.24997],[107.46193,12.25071],[107.4605,12.25371],[107.45666,12.25516]]]}},{"type":"Feature","properties":{"id":"22978","name":"Tuy Phong","type":"Xã","area":444.1,"population":9510},"geometry":{"type":"Polygon","coordinates":[[[108.62013,11.5529],[108.58241,11.55591],[108.57738,11.55493],[108.5722,11.5517],[108.57284,11.54875],[108.57472,11.54654],[108.57188,11.54561],[108.57142,11.54401],[108.56973,11.5428],[108.57092,11.53938],[108.56613,11.53789],[108.56527,11.52962],[108.56312,11.52668],[108.56192,11.52695],[108.56113,11.52612],[108.55941,11.49897],[108.56234,11.41606],[108.56044,11.38927],[108.59211,11.37221],[108.60737,11.35879],[108.61656,11.33842],[108.6166,11.30981],[108.60146,11.28457],[108.60506,11.27691],[108.60572,11.25458],[108.60108,11.24351],[108.62029,11.24068],[108.63628,11.24868],[108.63468,11.24405],[108.62743,11.23537],[108.62634,11.22806],[108.62678,11.22466],[108.66357,11.2265],[108.68318,11.25167],[108.67982,11.25521],[108.68313,11.25801],[108.67983,11.26509],[108.68084,11.26544],[108.67934,11.26998],[108.67993,11.27308],[108.67528,11.2756],[108.67514,11.28103],[108.67256,11.2846],[108.67118,11.29338],[108.66915,11.2991],[108.66779,11.30107],[108.66294,11.30232],[108.66232,11.3034],[108.66376,11.30686],[108.66233,11.31123],[108.66245,11.31325],[108.67233,11.32534],[108.67368,11.32892],[108.6735,11.33229],[108.67577,11.33639],[108.67764,11.33704],[108.67797,11.33796],[108.67594,11.33978],[108.6721,11.34031],[108.66093,11.337],[108.65273,11.35117],[108.65392,11.35958],[108.64643,11.36291],[108.71234,11.36027],[108.74627,11.37256],[108.77516,11.38095],[108.78504,11.38832],[108.78335,11.39392],[108.75721,11.41139],[108.76177,11.47052],[108.75092,11.47131],[108.72489,11.46932],[108.72335,11.46713],[108.71899,11.46379],[108.71314,11.46175],[108.70046,11.46696],[108.67875,11.47341],[108.66384,11.50068],[108.65892,11.50485],[108.64366,11.55067],[108.62678,11.55302],[108.62013,11.5529]]]}},{"type":"Feature","properties":{"id":"22963","name":"Tuyên Quang","type":"Xã","area":38.17,"population":28817},"geometry":{"type":"Polygon","coordinates":[[[108.01729,10.96365],[108.01356,10.96319],[108.01468,10.95838],[108.01376,10.95689],[108.01433,10.95536],[108.01032,10.95415],[108.00815,10.95192],[108.00503,10.9527],[108.00283,10.95112],[107.99443,10.95191],[107.98783,10.9491],[107.99019,10.94318],[107.99803,10.94211],[108.0018,10.93949],[108.00418,10.93943],[108.00495,10.94021],[108.00776,10.93933],[108.009,10.94049],[108.01238,10.94118],[108.01321,10.93511],[108.01598,10.93548],[108.01692,10.92935],[108.02028,10.92823],[108.02089,10.92676],[108.02027,10.924],[108.0227,10.92434],[108.02172,10.92263],[108.01998,10.92248],[108.01895,10.9212],[108.01903,10.92023],[108.02123,10.91872],[108.01923,10.91871],[108.01857,10.91762],[108.02091,10.91791],[108.02001,10.91384],[108.02183,10.91158],[108.02144,10.90957],[108.02545,10.89671],[108.00357,10.86718],[108.02373,10.8873],[108.04762,10.8976],[108.05246,10.9048],[108.05423,10.90884],[108.05694,10.91117],[108.06088,10.9136],[108.06575,10.90855],[108.07144,10.90981],[108.07458,10.91193],[108.0773,10.91592],[108.07804,10.91594],[108.07995,10.91862],[108.08002,10.92072],[108.08383,10.92314],[108.08271,10.92692],[108.08084,10.92949],[108.07458,10.93304],[108.07541,10.93592],[108.07324,10.93721],[108.07361,10.94104],[108.07288,10.94216],[108.07135,10.94213],[108.06883,10.9401],[108.06744,10.94213],[108.06485,10.94339],[108.06441,10.94686],[108.06354,10.94669],[108.06289,10.94342],[108.06167,10.94273],[108.0605,10.94397],[108.0603,10.94598],[108.05905,10.94671],[108.05703,10.94351],[108.05493,10.94271],[108.05455,10.94113],[108.05347,10.94073],[108.05067,10.94565],[108.04804,10.94636],[108.0448,10.94604],[108.04344,10.94871],[108.03552,10.95106],[108.03382,10.9538],[108.03115,10.95554],[108.02999,10.95531],[108.02881,10.95312],[108.02759,10.95257],[108.02033,10.95773],[108.02138,10.96057],[108.01729,10.96365]]]}},{"type":"Feature","properties":{"id":"22981","name":"Vĩnh Hảo","type":"Xã","area":138.58,"population":15509},"geometry":{"type":"Polygon","coordinates":[[[108.80157,11.3833],[108.78504,11.38832],[108.77516,11.38095],[108.74627,11.37256],[108.71234,11.36027],[108.7065,11.32986],[108.70577,11.29394],[108.72097,11.28096],[108.73433,11.2734],[108.73659,11.27681],[108.75252,11.27429],[108.7559,11.28174],[108.76014,11.28513],[108.76571,11.28688],[108.76794,11.28571],[108.76811,11.28723],[108.77109,11.28805],[108.77131,11.28913],[108.77665,11.28816],[108.77705,11.29233],[108.78047,11.29998],[108.78147,11.30632],[108.78632,11.31215],[108.7929,11.31405],[108.79343,11.31161],[108.79448,11.31175],[108.79548,11.3074],[108.79745,11.30778],[108.79905,11.30018],[108.80574,11.29931],[108.80994,11.30015],[108.81244,11.30306],[108.8108,11.31122],[108.81262,11.31086],[108.81714,11.31204],[108.81532,11.32136],[108.82182,11.32066],[108.82317,11.31935],[108.82536,11.31999],[108.82742,11.31947],[108.83265,11.32251],[108.83844,11.32361],[108.83999,11.32533],[108.84009,11.32769],[108.84557,11.33232],[108.85342,11.33466],[108.85918,11.33417],[108.86284,11.33242],[108.86633,11.33346],[108.86638,11.33475],[108.87053,11.33389],[108.87334,11.33535],[108.87615,11.34045],[108.87663,11.35438],[108.87428,11.35351],[108.87009,11.35493],[108.86554,11.35181],[108.85561,11.35698],[108.85444,11.35918],[108.85061,11.36148],[108.84936,11.36399],[108.84565,11.36569],[108.84396,11.37707],[108.80157,11.3833]]]}},{"type":"Feature","properties":{"id":"24781","name":"Xuân Hương - Đà Lạt","type":"Phường","area":73.45,"population":103178},"geometry":{"type":"Polygon","coordinates":[[[108.43758,11.95654],[108.43633,11.95712],[108.43406,11.95582],[108.43347,11.95636],[108.43098,11.95469],[108.43433,11.94813],[108.43378,11.94468],[108.43266,11.9426],[108.43154,11.94208],[108.43204,11.94129],[108.43118,11.94035],[108.42789,11.94159],[108.42507,11.94101],[108.42489,11.93871],[108.42222,11.93697],[108.42083,11.93394],[108.41876,11.93281],[108.41507,11.93346],[108.41372,11.93265],[108.4136,11.93082],[108.41438,11.93037],[108.41403,11.92804],[108.41239,11.92749],[108.41129,11.92849],[108.40905,11.92875],[108.40898,11.92699],[108.4121,11.92596],[108.41094,11.92466],[108.41123,11.92311],[108.40781,11.92207],[108.40799,11.91945],[108.40446,11.91848],[108.40455,11.91601],[108.40213,11.91569],[108.40257,11.91418],[108.39976,11.91019],[108.40143,11.90803],[108.40541,11.90696],[108.40374,11.90571],[108.40349,11.90353],[108.40175,11.9033],[108.40014,11.89999],[108.39622,11.89632],[108.39765,11.89184],[108.39586,11.8888],[108.39541,11.88566],[108.39188,11.88253],[108.39158,11.87914],[108.3959,11.87662],[108.39641,11.87557],[108.39769,11.8755],[108.39886,11.87342],[108.40391,11.86971],[108.40485,11.86789],[108.40967,11.86569],[108.41217,11.86599],[108.41652,11.86297],[108.41749,11.86169],[108.41737,11.85986],[108.41952,11.85661],[108.42647,11.85354],[108.42878,11.85615],[108.42847,11.85999],[108.4291,11.86186],[108.43567,11.86554],[108.44057,11.8708],[108.44164,11.87105],[108.44345,11.87283],[108.44389,11.87566],[108.44488,11.87678],[108.44671,11.877],[108.45012,11.88008],[108.45291,11.87983],[108.46045,11.88508],[108.46145,11.88466],[108.46222,11.87984],[108.46583,11.87884],[108.46587,11.87771],[108.46721,11.87706],[108.46912,11.87384],[108.47939,11.86962],[108.48139,11.87054],[108.48191,11.87283],[108.48708,11.86942],[108.48807,11.86729],[108.49081,11.86653],[108.49198,11.86438],[108.49608,11.87213],[108.49493,11.87345],[108.49497,11.8754],[108.49377,11.87654],[108.49587,11.87751],[108.49572,11.87911],[108.49729,11.88033],[108.49599,11.88113],[108.4961,11.88245],[108.49836,11.88461],[108.4972,11.88523],[108.49704,11.88748],[108.49478,11.88733],[108.49573,11.88906],[108.49499,11.89021],[108.4921,11.88992],[108.49047,11.89401],[108.48918,11.89417],[108.49068,11.89491],[108.49058,11.89559],[108.4894,11.89548],[108.48788,11.89676],[108.49122,11.90307],[108.4936,11.90496],[108.49297,11.90604],[108.487,11.90875],[108.485,11.9086],[108.48378,11.90939],[108.48145,11.90804],[108.47332,11.90804],[108.47194,11.91533],[108.47366,11.91809],[108.4745,11.92284],[108.47636,11.92294],[108.4776,11.92531],[108.47598,11.92918],[108.47566,11.93221],[108.47454,11.93323],[108.47481,11.93501],[108.47341,11.93604],[108.47455,11.93937],[108.47294,11.94033],[108.47327,11.94313],[108.47221,11.94593],[108.46971,11.94739],[108.46805,11.94717],[108.46611,11.9455],[108.46467,11.94616],[108.46411,11.94752],[108.46118,11.94481],[108.45748,11.94347],[108.45704,11.94414],[108.45305,11.94194],[108.45292,11.94435],[108.45162,11.94506],[108.45399,11.94557],[108.45537,11.94871],[108.45439,11.94883],[108.45339,11.95072],[108.45175,11.95109],[108.44944,11.94921],[108.44658,11.95097],[108.44337,11.95439],[108.4405,11.9536],[108.4393,11.95172],[108.43833,11.95257],[108.4403,11.95577],[108.43758,11.95654]]]}},{"type":"Feature","properties":{"id":"24805","name":"Xuân Trường - Đà Lạt","type":"Phường","area":168.83,"population":36163},"geometry":{"type":"Polygon","coordinates":[[[108.50751,11.98691],[108.50733,11.98752],[108.50498,11.98677],[108.50491,11.98433],[108.50282,11.98312],[108.50193,11.98126],[108.50312,11.97903],[108.50506,11.97868],[108.50615,11.97732],[108.50589,11.97615],[108.50649,11.97503],[108.50719,11.97525],[108.50747,11.97266],[108.50456,11.97121],[108.50346,11.9714],[108.50383,11.97017],[108.50266,11.96995],[108.502,11.96863],[108.50133,11.96915],[108.49976,11.96741],[108.49921,11.9679],[108.49965,11.96553],[108.49742,11.96392],[108.49704,11.96003],[108.49086,11.96122],[108.48559,11.95444],[108.48397,11.95384],[108.48071,11.95509],[108.47816,11.95489],[108.47392,11.95133],[108.47553,11.94693],[108.47357,11.94978],[108.47097,11.94686],[108.47221,11.94593],[108.47324,11.94329],[108.47294,11.94033],[108.47455,11.93937],[108.47341,11.93604],[108.47481,11.93501],[108.47454,11.93323],[108.47566,11.93221],[108.47598,11.92918],[108.4776,11.92531],[108.47636,11.92294],[108.4745,11.92284],[108.47366,11.91809],[108.47194,11.91533],[108.47332,11.90804],[108.48145,11.90804],[108.48378,11.90939],[108.485,11.9086],[108.487,11.90875],[108.49304,11.906],[108.49359,11.90483],[108.49122,11.90307],[108.48788,11.89676],[108.4894,11.89548],[108.49058,11.89559],[108.49068,11.89491],[108.48918,11.89417],[108.49047,11.89401],[108.4921,11.88992],[108.49499,11.89021],[108.49573,11.88906],[108.49478,11.88733],[108.49704,11.88748],[108.4972,11.88523],[108.49836,11.88461],[108.4961,11.88245],[108.49599,11.88113],[108.49729,11.88033],[108.49572,11.87911],[108.49587,11.87751],[108.49377,11.87654],[108.49497,11.8754],[108.49493,11.87345],[108.49608,11.87213],[108.49209,11.86454],[108.4884,11.86327],[108.48654,11.86091],[108.4809,11.85741],[108.48003,11.85763],[108.48217,11.85523],[108.48783,11.85572],[108.49073,11.85453],[108.49241,11.85133],[108.49525,11.84905],[108.49572,11.84768],[108.49933,11.84706],[108.50514,11.84379],[108.50549,11.83896],[108.50132,11.83519],[108.49687,11.82961],[108.48968,11.8271],[108.48727,11.82511],[108.49248,11.82216],[108.49385,11.82277],[108.4954,11.82145],[108.4972,11.81793],[108.49664,11.81629],[108.4991,11.81484],[108.50154,11.81471],[108.50528,11.81249],[108.50531,11.81138],[108.51914,11.8147],[108.52112,11.81451],[108.52289,11.81062],[108.52621,11.80925],[108.53069,11.80992],[108.53456,11.80793],[108.53564,11.80923],[108.53604,11.81158],[108.539,11.81412],[108.54293,11.81572],[108.54234,11.82022],[108.5438,11.82078],[108.54544,11.82345],[108.54553,11.82576],[108.54783,11.82698],[108.55014,11.83098],[108.57704,11.84715],[108.57726,11.8457],[108.5793,11.84638],[108.58013,11.84902],[108.58337,11.84958],[108.58409,11.85371],[108.59005,11.85074],[108.59009,11.8536],[108.59118,11.85579],[108.59494,11.86],[108.5946,11.86446],[108.5907,11.8674],[108.58552,11.86945],[108.5874,11.87066],[108.58632,11.87939],[108.58714,11.88416],[108.58571,11.8888],[108.58342,11.89032],[108.58796,11.89409],[108.59136,11.89866],[108.59259,11.90473],[108.5848,11.90672],[108.58031,11.90593],[108.57562,11.91254],[108.57323,11.91913],[108.57427,11.92208],[108.57412,11.92616],[108.5644,11.93881],[108.56657,11.94377],[108.56577,11.95131],[108.56807,11.95621],[108.56843,11.95872],[108.57019,11.95962],[108.5709,11.96243],[108.56524,11.96606],[108.5641,11.96824],[108.56154,11.9704],[108.56097,11.97261],[108.5592,11.97252],[108.55727,11.97445],[108.55094,11.97624],[108.54994,11.97617],[108.54914,11.97476],[108.54846,11.97556],[108.54606,11.97592],[108.54433,11.97767],[108.54179,11.97782],[108.54014,11.97991],[108.53809,11.98034],[108.53509,11.98387],[108.52981,11.9839],[108.52804,11.98543],[108.52487,11.98389],[108.52304,11.98456],[108.51683,11.98378],[108.51434,11.98665],[108.50962,11.98541],[108.50728,11.98608],[108.50751,11.98691]]]}}]}